NOTE_ID,CLAIM_ID,NOTE_DATE,NOTE_AUTHOR,NOTE_TYPE,NOTE_TEXT,CREATED_AT
NOTE-0000000,CL-0001905,2025-08-16 09:38:25,Adjuster_49,Initial Assessment,Reviewed contractor estimate. Amount seems reasonable for scope of work. Approving payment minus deductible. Will notify policyholder.,2026-02-03 20:51:25
NOTE-0000001,CL-0001919,2026-03-20 14:10:25,Adjuster_15,Closure Summary,Repair completed and final inspection passed. Work quality is satisfactory. Releasing final payment to contractor. File ready for closure.,2025-09-30 13:12:25
NOTE-0000002,CL-0000658,2026-01-29 19:30:25,Adjuster_10,Investigation Update,Claim denied per policy exclusion for pre-existing damage. Evidence shows damage predates policy effective date. Denial letter sent to insured.,2026-04-26 14:40:25
NOTE-0000003,CL-0004559,2025-10-03 16:47:25,Adjuster_20,Initial Assessment,Contacted claimant via phone. They confirmed the timeline of events. No inconsistencies in their account. Proceeding with standard assessment.,2025-06-16 23:09:25
NOTE-0000004,CL-0002618,2025-07-17 22:17:25,Adjuster_2,Investigation Update,Contacted claimant via phone. They confirmed the timeline of events. No inconsistencies in their account. Proceeding with standard assessment.,2025-06-25 14:35:25
NOTE-0000005,CL-0001913,2026-05-21 10:22:25,Adjuster_16,Closure Summary,Workers comp claim validated. Employee was performing regular duties when injury occurred. Employer confirms no safety violations. Approving benefits.,2026-04-26 06:07:25
NOTE-0000006,CL-0000534,2025-07-18 03:38:25,Adjuster_42,Payment Processing,Claim denied per policy exclusion for pre-existing damage. Evidence shows damage predates policy effective date. Denial letter sent to insured.,2026-03-04 20:02:25
NOTE-0000007,CL-0001993,2025-12-17 23:14:25,Adjuster_44,Investigation Update,Claimant is frustrated with processing time. Escalated to supervisor. Need to expedite review and provide status update within 24 hours.,2026-02-12 18:34:25
NOTE-0000008,CL-0003651,2025-06-04 23:51:25,Adjuster_43,Investigation Update,Subrogation potential identified. Third party clearly at fault per police report. Opening recovery file and notifying subrogation unit.,2025-10-24 13:14:25
NOTE-0000009,CL-0004386,2025-08-08 20:37:25,Adjuster_15,Investigation Update,"Weather data confirms severe storm in area on date of loss. NOAA records show wind gusts exceeding 70mph. Claim is weather-related, approved.",2026-01-01 02:53:25
NOTE-0000010,CL-0001653,2026-02-25 20:49:25,Adjuster_32,Claimant Communication,Multiple claims from same location within 6 months. Pattern suggests possible fraud. Flagging for SIU review before further processing.,2026-02-18 00:37:25
NOTE-0000011,CL-0002803,2025-06-11 18:58:25,Adjuster_25,Closure Summary,Repair completed and final inspection passed. Work quality is satisfactory. Releasing final payment to contractor. File ready for closure.,2025-08-06 17:58:25
NOTE-0000012,CL-0000151,2025-09-20 14:42:25,Adjuster_9,Initial Assessment,Reviewed contractor estimate. Amount seems reasonable for scope of work. Approving payment minus deductible. Will notify policyholder.,2025-09-01 09:06:25
NOTE-0000013,CL-0002492,2025-08-02 03:58:25,Adjuster_33,Closure Summary,Multiple claims from same location within 6 months. Pattern suggests possible fraud. Flagging for SIU review before further processing.,2025-10-15 18:28:25
NOTE-0000014,CL-0001154,2025-06-26 22:55:25,Adjuster_5,Closure Summary,Claim denied per policy exclusion for pre-existing damage. Evidence shows damage predates policy effective date. Denial letter sent to insured.,2026-04-03 02:11:25
NOTE-0000015,CL-0000857,2026-01-07 22:06:25,Adjuster_41,Initial Assessment,Police report obtained. Details match claimant statement. No evidence of prior damage or fraud indicators. Proceeding with normal processing.,2025-11-18 03:09:25
NOTE-0000016,CL-0003187,2026-03-15 08:14:25,Adjuster_34,Investigation Update,Workers comp claim validated. Employee was performing regular duties when injury occurred. Employer confirms no safety violations. Approving benefits.,2025-08-19 21:49:25
NOTE-0000017,CL-0004634,2026-01-06 21:17:25,Adjuster_48,Investigation Update,Contacted claimant via phone. They confirmed the timeline of events. No inconsistencies in their account. Proceeding with standard assessment.,2026-04-10 14:14:25
NOTE-0000018,CL-0002198,2025-11-08 06:04:25,Adjuster_21,Closure Summary,Medical records received from treating physician. Injuries consistent with described accident. IME may not be necessary for this severity level.,2026-01-17 07:19:25
NOTE-0000019,CL-0002707,2025-08-12 16:08:25,Adjuster_42,Claimant Communication,Reviewed contractor estimate. Amount seems reasonable for scope of work. Approving payment minus deductible. Will notify policyholder.,2025-07-20 03:45:25
NOTE-0000020,CL-0001622,2026-05-04 18:58:25,Adjuster_34,Initial Assessment,Claim denied per policy exclusion for pre-existing damage. Evidence shows damage predates policy effective date. Denial letter sent to insured.,2026-03-04 20:39:25
NOTE-0000021,CL-0003180,2025-12-31 16:40:25,Adjuster_25,Investigation Update,Contacted claimant via phone. They confirmed the timeline of events. No inconsistencies in their account. Proceeding with standard assessment.,2025-07-29 16:30:25
NOTE-0000022,CL-0002788,2026-03-08 10:27:25,Adjuster_3,Initial Assessment,Claimant is frustrated with processing time. Escalated to supervisor. Need to expedite review and provide status update within 24 hours.,2025-12-24 20:54:25
NOTE-0000023,CL-0003119,2026-02-26 07:02:25,Adjuster_47,Payment Processing,"Weather data confirms severe storm in area on date of loss. NOAA records show wind gusts exceeding 70mph. Claim is weather-related, approved.",2025-07-26 11:57:25
NOTE-0000024,CL-0001603,2025-08-01 09:10:25,Adjuster_17,Closure Summary,Repair completed and final inspection passed. Work quality is satisfactory. Releasing final payment to contractor. File ready for closure.,2026-04-09 02:38:25
NOTE-0000025,CL-0003417,2025-05-30 12:14:25,Adjuster_47,Initial Assessment,Multiple claims from same location within 6 months. Pattern suggests possible fraud. Flagging for SIU review before further processing.,2026-04-05 07:35:25
NOTE-0000026,CL-0000897,2025-06-13 14:16:25,Adjuster_7,Investigation Update,Site inspection completed. Damage is consistent with reported cause of loss. Photos uploaded to file. Recommend approval for repair estimate.,2025-10-01 16:20:25
NOTE-0000027,CL-0000011,2026-05-24 21:05:25,Adjuster_33,Initial Assessment,Multiple claims from same location within 6 months. Pattern suggests possible fraud. Flagging for SIU review before further processing.,2026-01-15 14:16:25
NOTE-0000028,CL-0001022,2025-08-24 12:37:25,Adjuster_19,Closure Summary,Claimant attorney has sent letter of representation. All future communication must go through counsel. Updating file restrictions.,2025-11-25 06:30:25
NOTE-0000029,CL-0002350,2026-05-04 03:44:25,Adjuster_23,Claimant Communication,Police report obtained. Details match claimant statement. No evidence of prior damage or fraud indicators. Proceeding with normal processing.,2026-02-28 23:01:25
NOTE-0000030,CL-0000436,2025-06-20 18:09:25,Adjuster_24,Payment Processing,SUSPICIOUS: Timeline of events does not align with witness statements. Damage pattern inconsistent with reported cause. Referring to SIU for further investigation.,2025-08-09 11:43:25
NOTE-0000031,CL-0003849,2025-08-24 03:31:25,Adjuster_12,Closure Summary,Repair completed and final inspection passed. Work quality is satisfactory. Releasing final payment to contractor. File ready for closure.,2026-01-12 22:41:25
NOTE-0000032,CL-0002640,2026-03-30 11:27:25,Adjuster_20,Investigation Update,Payment issued to claimant. Check number referenced in system. Closing file pending 30-day satisfaction period. No further action needed.,2025-08-09 15:47:25
NOTE-0000033,CL-0004929,2026-04-22 03:21:25,Adjuster_24,Closure Summary,Payment issued to claimant. Check number referenced in system. Closing file pending 30-day satisfaction period. No further action needed.,2026-02-08 01:11:25
NOTE-0000034,CL-0000697,2026-02-16 00:36:25,Adjuster_43,Initial Assessment,Police report obtained. Details match claimant statement. No evidence of prior damage or fraud indicators. Proceeding with normal processing.,2025-08-03 18:48:25
NOTE-0000035,CL-0004399,2026-02-22 14:39:25,Adjuster_29,Payment Processing,Police report obtained. Details match claimant statement. No evidence of prior damage or fraud indicators. Proceeding with normal processing.,2026-02-26 18:46:25
NOTE-0000036,CL-0003257,2025-12-15 21:16:25,Adjuster_11,Payment Processing,Subrogation potential identified. Third party clearly at fault per police report. Opening recovery file and notifying subrogation unit.,2025-09-02 13:43:25
NOTE-0000037,CL-0001148,2025-07-24 06:29:25,Adjuster_13,Payment Processing,Medical records received from treating physician. Injuries consistent with described accident. IME may not be necessary for this severity level.,2026-04-09 12:11:25
NOTE-0000038,CL-0000509,2025-09-15 21:42:25,Adjuster_13,Claimant Communication,Police report obtained. Details match claimant statement. No evidence of prior damage or fraud indicators. Proceeding with normal processing.,2025-06-16 21:16:25
NOTE-0000039,CL-0002753,2025-08-20 07:45:25,Adjuster_43,Closure Summary,SUSPICIOUS: Timeline of events does not align with witness statements. Damage pattern inconsistent with reported cause. Referring to SIU for further investigation.,2025-09-13 23:55:25
NOTE-0000040,CL-0004807,2025-06-24 20:40:25,Adjuster_6,Closure Summary,Contacted claimant via phone. They confirmed the timeline of events. No inconsistencies in their account. Proceeding with standard assessment.,2025-12-07 20:20:25
NOTE-0000041,CL-0004171,2026-03-29 06:35:25,Adjuster_26,Investigation Update,Payment issued to claimant. Check number referenced in system. Closing file pending 30-day satisfaction period. No further action needed.,2025-12-13 05:11:25
NOTE-0000042,CL-0001593,2026-03-15 19:33:25,Adjuster_41,Closure Summary,Subrogation potential identified. Third party clearly at fault per police report. Opening recovery file and notifying subrogation unit.,2025-08-07 06:41:25
NOTE-0000043,CL-0004627,2026-02-06 00:53:25,Adjuster_46,Closure Summary,Medical records received from treating physician. Injuries consistent with described accident. IME may not be necessary for this severity level.,2026-02-15 22:07:25
NOTE-0000044,CL-0001869,2025-05-29 07:52:25,Adjuster_35,Investigation Update,Claimant is frustrated with processing time. Escalated to supervisor. Need to expedite review and provide status update within 24 hours.,2026-01-08 14:18:25
NOTE-0000045,CL-0003122,2025-06-03 06:34:25,Adjuster_48,Claimant Communication,Claimant attorney has sent letter of representation. All future communication must go through counsel. Updating file restrictions.,2025-12-12 12:33:25
NOTE-0000046,CL-0004895,2025-11-08 06:27:25,Adjuster_20,Closure Summary,Payment issued to claimant. Check number referenced in system. Closing file pending 30-day satisfaction period. No further action needed.,2026-03-10 13:05:25
NOTE-0000047,CL-0003445,2025-11-13 02:16:25,Adjuster_48,Closure Summary,Payment issued to claimant. Check number referenced in system. Closing file pending 30-day satisfaction period. No further action needed.,2025-06-19 02:37:25
NOTE-0000048,CL-0000214,2025-09-26 08:10:25,Adjuster_30,Initial Assessment,SUSPICIOUS: Timeline of events does not align with witness statements. Damage pattern inconsistent with reported cause. Referring to SIU for further investigation.,2026-01-04 11:56:25
NOTE-0000049,CL-0002387,2025-09-25 11:04:25,Adjuster_23,Closure Summary,Contacted claimant via phone. They confirmed the timeline of events. No inconsistencies in their account. Proceeding with standard assessment.,2026-01-22 12:44:25
NOTE-0000050,CL-0002972,2025-10-26 12:26:25,Adjuster_50,Closure Summary,Subrogation potential identified. Third party clearly at fault per police report. Opening recovery file and notifying subrogation unit.,2025-10-03 08:16:25
NOTE-0000051,CL-0003506,2026-02-01 01:17:25,Adjuster_11,Investigation Update,Police report obtained. Details match claimant statement. No evidence of prior damage or fraud indicators. Proceeding with normal processing.,2026-01-25 10:21:25
NOTE-0000052,CL-0004982,2026-03-01 21:49:25,Adjuster_21,Closure Summary,Workers comp claim validated. Employee was performing regular duties when injury occurred. Employer confirms no safety violations. Approving benefits.,2025-05-31 23:00:25
NOTE-0000053,CL-0003396,2025-07-14 22:30:25,Adjuster_44,Payment Processing,Police report obtained. Details match claimant statement. No evidence of prior damage or fraud indicators. Proceeding with normal processing.,2025-09-20 03:15:25
NOTE-0000054,CL-0000181,2025-12-19 09:03:25,Adjuster_25,Claimant Communication,Claim denied per policy exclusion for pre-existing damage. Evidence shows damage predates policy effective date. Denial letter sent to insured.,2026-05-09 13:38:25
NOTE-0000055,CL-0003253,2026-05-24 02:06:25,Adjuster_9,Closure Summary,Multiple claims from same location within 6 months. Pattern suggests possible fraud. Flagging for SIU review before further processing.,2025-11-03 09:16:25
NOTE-0000056,CL-0001534,2026-05-16 18:49:25,Adjuster_25,Closure Summary,Claimant is frustrated with processing time. Escalated to supervisor. Need to expedite review and provide status update within 24 hours.,2025-08-13 07:21:25
NOTE-0000057,CL-0000362,2026-02-20 20:25:25,Adjuster_3,Initial Assessment,Claimant is frustrated with processing time. Escalated to supervisor. Need to expedite review and provide status update within 24 hours.,2025-07-26 16:28:25
NOTE-0000058,CL-0000740,2025-11-11 17:22:25,Adjuster_6,Claimant Communication,Medical records received from treating physician. Injuries consistent with described accident. IME may not be necessary for this severity level.,2026-01-22 14:28:25
NOTE-0000059,CL-0001505,2026-03-06 08:35:25,Adjuster_14,Closure Summary,Medical records received from treating physician. Injuries consistent with described accident. IME may not be necessary for this severity level.,2025-10-18 03:35:25
NOTE-0000060,CL-0002721,2025-06-09 00:35:25,Adjuster_33,Investigation Update,Reviewed contractor estimate. Amount seems reasonable for scope of work. Approving payment minus deductible. Will notify policyholder.,2026-05-17 04:19:25
NOTE-0000061,CL-0004710,2026-05-03 22:39:25,Adjuster_3,Closure Summary,Site inspection completed. Damage is consistent with reported cause of loss. Photos uploaded to file. Recommend approval for repair estimate.,2026-05-16 14:53:25
NOTE-0000062,CL-0002428,2025-12-05 21:15:25,Adjuster_7,Payment Processing,Site inspection completed. Damage is consistent with reported cause of loss. Photos uploaded to file. Recommend approval for repair estimate.,2025-07-28 10:36:25
NOTE-0000063,CL-0000999,2026-03-12 11:28:25,Adjuster_5,Claimant Communication,Contacted claimant via phone. They confirmed the timeline of events. No inconsistencies in their account. Proceeding with standard assessment.,2026-02-24 12:29:25
NOTE-0000064,CL-0000808,2025-07-25 08:14:25,Adjuster_38,Payment Processing,Claim denied per policy exclusion for pre-existing damage. Evidence shows damage predates policy effective date. Denial letter sent to insured.,2025-11-01 00:35:25
NOTE-0000065,CL-0004598,2026-01-02 03:55:25,Adjuster_3,Claimant Communication,Payment issued to claimant. Check number referenced in system. Closing file pending 30-day satisfaction period. No further action needed.,2025-08-20 03:40:25
NOTE-0000066,CL-0004226,2025-06-05 09:09:25,Adjuster_24,Payment Processing,Claimant is frustrated with processing time. Escalated to supervisor. Need to expedite review and provide status update within 24 hours.,2025-12-07 14:27:25
NOTE-0000067,CL-0002079,2025-09-22 04:00:25,Adjuster_21,Closure Summary,Repair completed and final inspection passed. Work quality is satisfactory. Releasing final payment to contractor. File ready for closure.,2025-08-29 19:33:25
NOTE-0000068,CL-0001360,2026-02-08 02:12:25,Adjuster_34,Initial Assessment,Payment issued to claimant. Check number referenced in system. Closing file pending 30-day satisfaction period. No further action needed.,2025-11-02 22:12:25
NOTE-0000069,CL-0001161,2026-03-20 21:16:25,Adjuster_31,Closure Summary,Workers comp claim validated. Employee was performing regular duties when injury occurred. Employer confirms no safety violations. Approving benefits.,2026-02-06 03:35:25
NOTE-0000070,CL-0001300,2026-01-22 07:26:25,Adjuster_19,Payment Processing,Police report obtained. Details match claimant statement. No evidence of prior damage or fraud indicators. Proceeding with normal processing.,2026-01-30 12:32:25
NOTE-0000071,CL-0001391,2026-01-08 17:52:25,Adjuster_41,Closure Summary,Contacted claimant via phone. They confirmed the timeline of events. No inconsistencies in their account. Proceeding with standard assessment.,2025-07-07 02:43:25
NOTE-0000072,CL-0001705,2026-02-09 01:50:25,Adjuster_43,Investigation Update,Payment issued to claimant. Check number referenced in system. Closing file pending 30-day satisfaction period. No further action needed.,2025-10-15 14:07:25
NOTE-0000073,CL-0000895,2025-08-04 01:28:25,Adjuster_41,Closure Summary,Medical records received from treating physician. Injuries consistent with described accident. IME may not be necessary for this severity level.,2026-04-19 19:19:25
NOTE-0000074,CL-0003474,2026-03-13 17:20:25,Adjuster_34,Claimant Communication,Claimant attorney has sent letter of representation. All future communication must go through counsel. Updating file restrictions.,2026-05-12 15:59:25
NOTE-0000075,CL-0002815,2025-12-31 09:38:25,Adjuster_33,Investigation Update,Site inspection completed. Damage is consistent with reported cause of loss. Photos uploaded to file. Recommend approval for repair estimate.,2026-03-15 18:03:25
NOTE-0000076,CL-0004267,2026-02-01 18:45:25,Adjuster_12,Investigation Update,SUSPICIOUS: Timeline of events does not align with witness statements. Damage pattern inconsistent with reported cause. Referring to SIU for further investigation.,2025-05-28 15:00:25
NOTE-0000077,CL-0003575,2025-10-21 17:37:25,Adjuster_37,Closure Summary,Reviewed contractor estimate. Amount seems reasonable for scope of work. Approving payment minus deductible. Will notify policyholder.,2025-12-18 14:13:25
NOTE-0000078,CL-0000597,2025-06-04 19:27:25,Adjuster_24,Investigation Update,Claim denied per policy exclusion for pre-existing damage. Evidence shows damage predates policy effective date. Denial letter sent to insured.,2025-11-23 07:18:25
NOTE-0000079,CL-0001720,2025-09-05 06:40:25,Adjuster_6,Closure Summary,Reviewed contractor estimate. Amount seems reasonable for scope of work. Approving payment minus deductible. Will notify policyholder.,2025-09-23 22:25:25
NOTE-0000080,CL-0004738,2026-03-11 04:59:25,Adjuster_28,Closure Summary,Reviewed contractor estimate. Amount seems reasonable for scope of work. Approving payment minus deductible. Will notify policyholder.,2025-12-09 14:16:25
NOTE-0000081,CL-0002578,2026-02-20 18:27:25,Adjuster_49,Payment Processing,Reviewed contractor estimate. Amount seems reasonable for scope of work. Approving payment minus deductible. Will notify policyholder.,2025-11-22 22:31:25
NOTE-0000082,CL-0004122,2026-01-31 21:42:25,Adjuster_1,Closure Summary,Reviewed contractor estimate. Amount seems reasonable for scope of work. Approving payment minus deductible. Will notify policyholder.,2026-05-07 17:25:25
NOTE-0000083,CL-0000502,2025-07-03 19:48:25,Adjuster_15,Claimant Communication,Claimant attorney has sent letter of representation. All future communication must go through counsel. Updating file restrictions.,2025-11-17 16:32:25
NOTE-0000084,CL-0001752,2025-07-03 19:37:25,Adjuster_9,Closure Summary,Claimant is frustrated with processing time. Escalated to supervisor. Need to expedite review and provide status update within 24 hours.,2025-08-07 05:16:25
NOTE-0000085,CL-0002757,2025-09-12 22:56:25,Adjuster_12,Investigation Update,Multiple claims from same location within 6 months. Pattern suggests possible fraud. Flagging for SIU review before further processing.,2026-02-13 01:11:25
NOTE-0000086,CL-0000861,2025-09-11 00:58:25,Adjuster_12,Investigation Update,Police report obtained. Details match claimant statement. No evidence of prior damage or fraud indicators. Proceeding with normal processing.,2025-06-04 23:47:25
NOTE-0000087,CL-0000986,2025-08-05 10:29:25,Adjuster_7,Claimant Communication,Multiple claims from same location within 6 months. Pattern suggests possible fraud. Flagging for SIU review before further processing.,2025-10-17 03:05:25
NOTE-0000088,CL-0002873,2025-11-09 14:42:25,Adjuster_31,Closure Summary,Contacted claimant via phone. They confirmed the timeline of events. No inconsistencies in their account. Proceeding with standard assessment.,2026-03-11 05:53:25
NOTE-0000089,CL-0000272,2026-03-02 18:08:25,Adjuster_39,Initial Assessment,Subrogation potential identified. Third party clearly at fault per police report. Opening recovery file and notifying subrogation unit.,2025-07-11 08:15:25
NOTE-0000090,CL-0002188,2025-07-19 17:14:25,Adjuster_30,Investigation Update,Subrogation potential identified. Third party clearly at fault per police report. Opening recovery file and notifying subrogation unit.,2025-10-04 11:40:25
NOTE-0000091,CL-0001700,2025-06-16 06:59:25,Adjuster_42,Closure Summary,Claim denied per policy exclusion for pre-existing damage. Evidence shows damage predates policy effective date. Denial letter sent to insured.,2025-09-03 20:17:25
NOTE-0000092,CL-0003738,2026-01-30 16:17:25,Adjuster_41,Closure Summary,Repair completed and final inspection passed. Work quality is satisfactory. Releasing final payment to contractor. File ready for closure.,2025-06-16 09:07:25
NOTE-0000093,CL-0004932,2025-08-29 04:56:25,Adjuster_48,Investigation Update,Contacted claimant via phone. They confirmed the timeline of events. No inconsistencies in their account. Proceeding with standard assessment.,2025-09-26 22:53:25
NOTE-0000094,CL-0001504,2026-05-05 19:37:25,Adjuster_50,Initial Assessment,Site inspection completed. Damage is consistent with reported cause of loss. Photos uploaded to file. Recommend approval for repair estimate.,2025-06-12 05:40:25
NOTE-0000095,CL-0003562,2025-06-24 13:16:25,Adjuster_34,Initial Assessment,"Weather data confirms severe storm in area on date of loss. NOAA records show wind gusts exceeding 70mph. Claim is weather-related, approved.",2025-07-21 03:50:25
NOTE-0000096,CL-0003551,2026-04-01 21:42:25,Adjuster_3,Closure Summary,Claimant attorney has sent letter of representation. All future communication must go through counsel. Updating file restrictions.,2025-11-10 10:34:25
NOTE-0000097,CL-0004468,2025-07-13 02:02:25,Adjuster_34,Investigation Update,Site inspection completed. Damage is consistent with reported cause of loss. Photos uploaded to file. Recommend approval for repair estimate.,2025-12-29 04:50:25
NOTE-0000098,CL-0002780,2026-01-15 19:49:25,Adjuster_27,Initial Assessment,Police report obtained. Details match claimant statement. No evidence of prior damage or fraud indicators. Proceeding with normal processing.,2025-06-20 03:42:25
NOTE-0000099,CL-0004892,2026-03-07 19:23:25,Adjuster_15,Claimant Communication,Subrogation potential identified. Third party clearly at fault per police report. Opening recovery file and notifying subrogation unit.,2025-10-13 12:59:25
NOTE-0000100,CL-0003692,2025-08-27 00:46:25,Adjuster_40,Closure Summary,Multiple claims from same location within 6 months. Pattern suggests possible fraud. Flagging for SIU review before further processing.,2025-10-13 10:06:25
NOTE-0000101,CL-0001866,2025-09-05 18:38:25,Adjuster_35,Investigation Update,"Weather data confirms severe storm in area on date of loss. NOAA records show wind gusts exceeding 70mph. Claim is weather-related, approved.",2026-04-08 20:36:25
NOTE-0000102,CL-0002121,2026-01-04 19:11:25,Adjuster_34,Payment Processing,Workers comp claim validated. Employee was performing regular duties when injury occurred. Employer confirms no safety violations. Approving benefits.,2025-09-30 04:40:25
NOTE-0000103,CL-0001621,2025-09-03 19:37:25,Adjuster_5,Closure Summary,Reviewed contractor estimate. Amount seems reasonable for scope of work. Approving payment minus deductible. Will notify policyholder.,2026-02-03 08:15:25
NOTE-0000104,CL-0000940,2025-12-10 09:09:25,Adjuster_24,Claimant Communication,Site inspection completed. Damage is consistent with reported cause of loss. Photos uploaded to file. Recommend approval for repair estimate.,2025-06-22 02:53:25
NOTE-0000105,CL-0004421,2025-11-16 10:43:25,Adjuster_42,Initial Assessment,Repair completed and final inspection passed. Work quality is satisfactory. Releasing final payment to contractor. File ready for closure.,2025-09-14 00:21:25
NOTE-0000106,CL-0002511,2025-06-13 17:10:25,Adjuster_40,Investigation Update,Contacted claimant via phone. They confirmed the timeline of events. No inconsistencies in their account. Proceeding with standard assessment.,2026-01-11 18:34:25
NOTE-0000107,CL-0000603,2025-06-16 19:19:25,Adjuster_2,Closure Summary,Reviewed contractor estimate. Amount seems reasonable for scope of work. Approving payment minus deductible. Will notify policyholder.,2025-10-15 12:36:25
NOTE-0000108,CL-0000601,2026-02-23 17:57:25,Adjuster_18,Closure Summary,Workers comp claim validated. Employee was performing regular duties when injury occurred. Employer confirms no safety violations. Approving benefits.,2025-10-03 16:31:25
NOTE-0000109,CL-0000830,2026-01-26 01:40:25,Adjuster_3,Initial Assessment,Payment issued to claimant. Check number referenced in system. Closing file pending 30-day satisfaction period. No further action needed.,2025-10-20 23:27:25
NOTE-0000110,CL-0003268,2026-03-07 04:19:25,Adjuster_26,Payment Processing,Multiple claims from same location within 6 months. Pattern suggests possible fraud. Flagging for SIU review before further processing.,2025-11-22 15:41:25
NOTE-0000111,CL-0004684,2026-03-21 08:49:25,Adjuster_50,Closure Summary,Police report obtained. Details match claimant statement. No evidence of prior damage or fraud indicators. Proceeding with normal processing.,2026-04-29 12:17:25
NOTE-0000112,CL-0004323,2025-10-30 02:08:25,Adjuster_30,Investigation Update,Payment issued to claimant. Check number referenced in system. Closing file pending 30-day satisfaction period. No further action needed.,2026-01-29 16:58:25
NOTE-0000113,CL-0000710,2025-10-11 15:23:25,Adjuster_33,Initial Assessment,Contacted claimant via phone. They confirmed the timeline of events. No inconsistencies in their account. Proceeding with standard assessment.,2025-12-23 09:04:25
NOTE-0000114,CL-0000226,2026-01-27 15:02:25,Adjuster_3,Closure Summary,Multiple claims from same location within 6 months. Pattern suggests possible fraud. Flagging for SIU review before further processing.,2025-11-20 05:15:25
NOTE-0000115,CL-0004481,2025-07-05 11:55:25,Adjuster_30,Closure Summary,Subrogation potential identified. Third party clearly at fault per police report. Opening recovery file and notifying subrogation unit.,2025-07-05 18:10:25
NOTE-0000116,CL-0004652,2026-04-15 07:17:25,Adjuster_18,Closure Summary,Claimant is frustrated with processing time. Escalated to supervisor. Need to expedite review and provide status update within 24 hours.,2026-01-02 20:20:25
NOTE-0000117,CL-0001222,2026-05-08 22:14:25,Adjuster_40,Investigation Update,Police report obtained. Details match claimant statement. No evidence of prior damage or fraud indicators. Proceeding with normal processing.,2026-03-30 04:42:25
NOTE-0000118,CL-0001029,2025-09-13 07:50:25,Adjuster_39,Claimant Communication,Police report obtained. Details match claimant statement. No evidence of prior damage or fraud indicators. Proceeding with normal processing.,2025-07-31 07:09:25
NOTE-0000119,CL-0002222,2025-09-23 22:05:25,Adjuster_49,Initial Assessment,Workers comp claim validated. Employee was performing regular duties when injury occurred. Employer confirms no safety violations. Approving benefits.,2025-09-06 09:48:25
NOTE-0000120,CL-0004347,2025-10-20 15:15:25,Adjuster_38,Investigation Update,Claim denied per policy exclusion for pre-existing damage. Evidence shows damage predates policy effective date. Denial letter sent to insured.,2025-08-16 11:44:25
NOTE-0000121,CL-0003219,2026-05-10 14:58:25,Adjuster_34,Claimant Communication,Subrogation potential identified. Third party clearly at fault per police report. Opening recovery file and notifying subrogation unit.,2025-07-04 16:11:25
NOTE-0000122,CL-0003120,2026-01-27 15:16:25,Adjuster_28,Payment Processing,Reviewed contractor estimate. Amount seems reasonable for scope of work. Approving payment minus deductible. Will notify policyholder.,2026-05-24 17:16:25
NOTE-0000123,CL-0003281,2025-06-08 04:47:25,Adjuster_43,Claimant Communication,Reviewed contractor estimate. Amount seems reasonable for scope of work. Approving payment minus deductible. Will notify policyholder.,2025-07-24 15:48:25
NOTE-0000124,CL-0001749,2025-07-22 11:57:25,Adjuster_44,Initial Assessment,"Weather data confirms severe storm in area on date of loss. NOAA records show wind gusts exceeding 70mph. Claim is weather-related, approved.",2025-11-03 12:14:25
NOTE-0000125,CL-0002828,2026-03-16 07:48:25,Adjuster_43,Initial Assessment,Payment issued to claimant. Check number referenced in system. Closing file pending 30-day satisfaction period. No further action needed.,2025-07-18 17:51:25
NOTE-0000126,CL-0002978,2025-06-30 19:14:25,Adjuster_4,Payment Processing,Site inspection completed. Damage is consistent with reported cause of loss. Photos uploaded to file. Recommend approval for repair estimate.,2026-03-18 20:33:25
NOTE-0000127,CL-0004103,2025-11-05 12:27:25,Adjuster_34,Claimant Communication,Workers comp claim validated. Employee was performing regular duties when injury occurred. Employer confirms no safety violations. Approving benefits.,2026-03-20 11:37:25
NOTE-0000128,CL-0001327,2026-01-28 04:54:25,Adjuster_2,Investigation Update,"Weather data confirms severe storm in area on date of loss. NOAA records show wind gusts exceeding 70mph. Claim is weather-related, approved.",2025-12-17 21:31:25
NOTE-0000129,CL-0003262,2025-10-26 23:01:25,Adjuster_1,Investigation Update,Subrogation potential identified. Third party clearly at fault per police report. Opening recovery file and notifying subrogation unit.,2025-06-08 21:44:25
NOTE-0000130,CL-0004672,2025-09-11 05:58:25,Adjuster_17,Payment Processing,Claimant is frustrated with processing time. Escalated to supervisor. Need to expedite review and provide status update within 24 hours.,2025-12-03 01:16:25
NOTE-0000131,CL-0004262,2026-03-26 21:23:25,Adjuster_48,Payment Processing,Subrogation potential identified. Third party clearly at fault per police report. Opening recovery file and notifying subrogation unit.,2025-09-03 08:35:25
NOTE-0000132,CL-0000092,2025-09-24 22:05:25,Adjuster_43,Investigation Update,Claimant is frustrated with processing time. Escalated to supervisor. Need to expedite review and provide status update within 24 hours.,2026-05-05 01:05:25
NOTE-0000133,CL-0001035,2025-09-19 21:04:25,Adjuster_7,Initial Assessment,Multiple claims from same location within 6 months. Pattern suggests possible fraud. Flagging for SIU review before further processing.,2025-08-20 02:44:25
NOTE-0000134,CL-0003540,2025-06-12 07:46:25,Adjuster_32,Initial Assessment,Subrogation potential identified. Third party clearly at fault per police report. Opening recovery file and notifying subrogation unit.,2025-07-25 01:30:25
NOTE-0000135,CL-0004520,2025-12-27 12:46:25,Adjuster_38,Payment Processing,Claim denied per policy exclusion for pre-existing damage. Evidence shows damage predates policy effective date. Denial letter sent to insured.,2025-08-09 09:49:25
NOTE-0000136,CL-0003381,2026-03-28 19:48:25,Adjuster_43,Initial Assessment,Repair completed and final inspection passed. Work quality is satisfactory. Releasing final payment to contractor. File ready for closure.,2026-01-31 17:28:25
NOTE-0000137,CL-0001594,2026-05-18 20:31:25,Adjuster_11,Investigation Update,Claimant attorney has sent letter of representation. All future communication must go through counsel. Updating file restrictions.,2025-11-25 05:03:25
NOTE-0000138,CL-0000203,2025-10-27 01:10:25,Adjuster_17,Payment Processing,Claimant is frustrated with processing time. Escalated to supervisor. Need to expedite review and provide status update within 24 hours.,2025-09-05 10:37:25
NOTE-0000139,CL-0002890,2025-07-31 05:53:25,Adjuster_24,Claimant Communication,Police report obtained. Details match claimant statement. No evidence of prior damage or fraud indicators. Proceeding with normal processing.,2025-09-26 17:23:25
NOTE-0000140,CL-0004012,2025-12-20 05:22:25,Adjuster_44,Payment Processing,Workers comp claim validated. Employee was performing regular duties when injury occurred. Employer confirms no safety violations. Approving benefits.,2025-11-05 10:53:25
NOTE-0000141,CL-0000646,2025-09-25 10:42:25,Adjuster_39,Claimant Communication,Workers comp claim validated. Employee was performing regular duties when injury occurred. Employer confirms no safety violations. Approving benefits.,2026-02-09 14:22:25
NOTE-0000142,CL-0001859,2025-06-26 11:29:25,Adjuster_45,Closure Summary,Multiple claims from same location within 6 months. Pattern suggests possible fraud. Flagging for SIU review before further processing.,2025-11-29 10:50:25
NOTE-0000143,CL-0000963,2026-03-31 09:53:25,Adjuster_30,Claimant Communication,Multiple claims from same location within 6 months. Pattern suggests possible fraud. Flagging for SIU review before further processing.,2025-08-30 15:15:25
NOTE-0000144,CL-0000383,2025-06-18 00:28:25,Adjuster_8,Payment Processing,Claimant attorney has sent letter of representation. All future communication must go through counsel. Updating file restrictions.,2025-09-22 01:23:25
NOTE-0000145,CL-0003776,2026-02-01 23:03:25,Adjuster_13,Closure Summary,Police report obtained. Details match claimant statement. No evidence of prior damage or fraud indicators. Proceeding with normal processing.,2026-03-10 02:54:25
NOTE-0000146,CL-0004719,2025-12-13 00:57:25,Adjuster_30,Claimant Communication,Contacted claimant via phone. They confirmed the timeline of events. No inconsistencies in their account. Proceeding with standard assessment.,2026-04-01 19:56:25
NOTE-0000147,CL-0000322,2025-12-04 13:39:25,Adjuster_26,Initial Assessment,Police report obtained. Details match claimant statement. No evidence of prior damage or fraud indicators. Proceeding with normal processing.,2026-03-30 01:12:25
NOTE-0000148,CL-0003584,2025-06-07 15:35:25,Adjuster_22,Investigation Update,Police report obtained. Details match claimant statement. No evidence of prior damage or fraud indicators. Proceeding with normal processing.,2025-09-20 22:30:25
NOTE-0000149,CL-0001140,2026-03-04 18:03:25,Adjuster_5,Claimant Communication,Site inspection completed. Damage is consistent with reported cause of loss. Photos uploaded to file. Recommend approval for repair estimate.,2025-11-11 06:36:25
NOTE-0000150,CL-0004189,2026-01-24 23:45:25,Adjuster_25,Claimant Communication,Claimant attorney has sent letter of representation. All future communication must go through counsel. Updating file restrictions.,2026-02-20 09:14:25
NOTE-0000151,CL-0000135,2025-10-18 07:11:25,Adjuster_50,Payment Processing,Medical records received from treating physician. Injuries consistent with described accident. IME may not be necessary for this severity level.,2026-01-06 20:38:25
NOTE-0000152,CL-0000297,2026-05-20 02:47:25,Adjuster_45,Closure Summary,Payment issued to claimant. Check number referenced in system. Closing file pending 30-day satisfaction period. No further action needed.,2025-06-04 02:39:25
NOTE-0000153,CL-0003406,2025-07-15 12:06:25,Adjuster_35,Investigation Update,Site inspection completed. Damage is consistent with reported cause of loss. Photos uploaded to file. Recommend approval for repair estimate.,2026-05-18 00:02:25
NOTE-0000154,CL-0000903,2026-04-14 09:04:25,Adjuster_7,Initial Assessment,Claim denied per policy exclusion for pre-existing damage. Evidence shows damage predates policy effective date. Denial letter sent to insured.,2025-08-11 06:31:25
NOTE-0000155,CL-0003955,2025-08-27 17:12:25,Adjuster_8,Investigation Update,Police report obtained. Details match claimant statement. No evidence of prior damage or fraud indicators. Proceeding with normal processing.,2026-01-25 04:13:25
NOTE-0000156,CL-0002774,2026-03-07 22:31:25,Adjuster_13,Payment Processing,Medical records received from treating physician. Injuries consistent with described accident. IME may not be necessary for this severity level.,2026-05-05 13:48:25
NOTE-0000157,CL-0002313,2026-02-13 00:48:25,Adjuster_9,Payment Processing,Police report obtained. Details match claimant statement. No evidence of prior damage or fraud indicators. Proceeding with normal processing.,2026-05-02 22:51:25
NOTE-0000158,CL-0001961,2025-09-12 02:47:25,Adjuster_36,Investigation Update,Reviewed contractor estimate. Amount seems reasonable for scope of work. Approving payment minus deductible. Will notify policyholder.,2025-12-28 03:08:25
NOTE-0000159,CL-0003042,2025-07-02 11:10:25,Adjuster_24,Initial Assessment,Site inspection completed. Damage is consistent with reported cause of loss. Photos uploaded to file. Recommend approval for repair estimate.,2026-02-06 15:12:25
NOTE-0000160,CL-0004422,2025-12-11 16:39:25,Adjuster_42,Closure Summary,Reviewed contractor estimate. Amount seems reasonable for scope of work. Approving payment minus deductible. Will notify policyholder.,2025-06-30 17:35:25
NOTE-0000161,CL-0003882,2026-02-06 02:58:25,Adjuster_47,Initial Assessment,Subrogation potential identified. Third party clearly at fault per police report. Opening recovery file and notifying subrogation unit.,2026-05-08 22:35:25
NOTE-0000162,CL-0001970,2026-01-14 17:58:25,Adjuster_24,Claimant Communication,Claimant attorney has sent letter of representation. All future communication must go through counsel. Updating file restrictions.,2025-05-26 02:40:25
NOTE-0000163,CL-0001901,2026-01-27 23:45:25,Adjuster_9,Investigation Update,Medical records received from treating physician. Injuries consistent with described accident. IME may not be necessary for this severity level.,2025-12-10 20:01:25
NOTE-0000164,CL-0001002,2026-05-25 08:46:25,Adjuster_34,Closure Summary,Workers comp claim validated. Employee was performing regular duties when injury occurred. Employer confirms no safety violations. Approving benefits.,2025-06-30 05:45:25
NOTE-0000165,CL-0001507,2026-04-10 07:37:25,Adjuster_50,Initial Assessment,Site inspection completed. Damage is consistent with reported cause of loss. Photos uploaded to file. Recommend approval for repair estimate.,2026-01-14 16:33:25
NOTE-0000166,CL-0001047,2025-08-30 22:52:25,Adjuster_5,Closure Summary,Subrogation potential identified. Third party clearly at fault per police report. Opening recovery file and notifying subrogation unit.,2025-07-18 14:00:25
NOTE-0000167,CL-0004561,2025-12-13 10:37:25,Adjuster_28,Claimant Communication,SUSPICIOUS: Timeline of events does not align with witness statements. Damage pattern inconsistent with reported cause. Referring to SIU for further investigation.,2026-03-05 17:55:25
NOTE-0000168,CL-0000092,2025-09-24 15:49:25,Adjuster_29,Closure Summary,Contacted claimant via phone. They confirmed the timeline of events. No inconsistencies in their account. Proceeding with standard assessment.,2025-07-10 20:01:25
NOTE-0000169,CL-0004788,2025-12-12 17:37:25,Adjuster_38,Investigation Update,Claimant is frustrated with processing time. Escalated to supervisor. Need to expedite review and provide status update within 24 hours.,2025-06-26 20:30:25
NOTE-0000170,CL-0001134,2025-12-11 09:12:25,Adjuster_31,Payment Processing,Medical records received from treating physician. Injuries consistent with described accident. IME may not be necessary for this severity level.,2025-08-03 21:01:25
NOTE-0000171,CL-0002602,2026-02-18 16:00:25,Adjuster_4,Initial Assessment,Site inspection completed. Damage is consistent with reported cause of loss. Photos uploaded to file. Recommend approval for repair estimate.,2025-10-14 18:22:25
NOTE-0000172,CL-0001906,2026-03-15 04:20:25,Adjuster_25,Claimant Communication,Reviewed contractor estimate. Amount seems reasonable for scope of work. Approving payment minus deductible. Will notify policyholder.,2025-10-14 08:20:25
NOTE-0000173,CL-0001682,2026-01-08 02:12:25,Adjuster_37,Claimant Communication,"Weather data confirms severe storm in area on date of loss. NOAA records show wind gusts exceeding 70mph. Claim is weather-related, approved.",2026-05-19 14:20:25
NOTE-0000174,CL-0003741,2025-06-25 13:50:25,Adjuster_34,Claimant Communication,Medical records received from treating physician. Injuries consistent with described accident. IME may not be necessary for this severity level.,2025-10-26 12:00:25
NOTE-0000175,CL-0001729,2025-10-22 13:39:25,Adjuster_3,Investigation Update,Claimant is frustrated with processing time. Escalated to supervisor. Need to expedite review and provide status update within 24 hours.,2026-05-18 12:22:25
NOTE-0000176,CL-0000675,2025-11-28 20:46:25,Adjuster_16,Payment Processing,Medical records received from treating physician. Injuries consistent with described accident. IME may not be necessary for this severity level.,2025-12-22 00:11:25
NOTE-0000177,CL-0000572,2026-01-20 12:18:25,Adjuster_14,Claimant Communication,Contacted claimant via phone. They confirmed the timeline of events. No inconsistencies in their account. Proceeding with standard assessment.,2026-03-03 08:26:25
NOTE-0000178,CL-0004357,2025-09-16 18:15:25,Adjuster_37,Investigation Update,Payment issued to claimant. Check number referenced in system. Closing file pending 30-day satisfaction period. No further action needed.,2026-05-13 01:51:25
NOTE-0000179,CL-0000031,2025-08-15 15:30:25,Adjuster_42,Payment Processing,Contacted claimant via phone. They confirmed the timeline of events. No inconsistencies in their account. Proceeding with standard assessment.,2026-02-28 03:06:25
NOTE-0000180,CL-0003042,2025-09-19 09:21:25,Adjuster_50,Claimant Communication,Workers comp claim validated. Employee was performing regular duties when injury occurred. Employer confirms no safety violations. Approving benefits.,2025-10-20 15:04:25
NOTE-0000181,CL-0001803,2026-01-14 21:07:25,Adjuster_12,Claimant Communication,"Weather data confirms severe storm in area on date of loss. NOAA records show wind gusts exceeding 70mph. Claim is weather-related, approved.",2025-11-22 19:31:25
NOTE-0000182,CL-0002976,2026-04-10 06:32:25,Adjuster_21,Payment Processing,Police report obtained. Details match claimant statement. No evidence of prior damage or fraud indicators. Proceeding with normal processing.,2025-09-01 01:21:25
NOTE-0000183,CL-0000712,2025-09-14 20:29:25,Adjuster_28,Payment Processing,SUSPICIOUS: Timeline of events does not align with witness statements. Damage pattern inconsistent with reported cause. Referring to SIU for further investigation.,2026-04-10 18:24:25
NOTE-0000184,CL-0001590,2025-07-18 09:12:25,Adjuster_43,Claimant Communication,Repair completed and final inspection passed. Work quality is satisfactory. Releasing final payment to contractor. File ready for closure.,2025-08-24 22:17:25
NOTE-0000185,CL-0000634,2026-03-02 17:22:25,Adjuster_13,Initial Assessment,Subrogation potential identified. Third party clearly at fault per police report. Opening recovery file and notifying subrogation unit.,2026-04-24 01:03:25
NOTE-0000186,CL-0002606,2025-07-18 07:25:25,Adjuster_5,Initial Assessment,Payment issued to claimant. Check number referenced in system. Closing file pending 30-day satisfaction period. No further action needed.,2025-08-08 04:38:25
NOTE-0000187,CL-0001638,2025-08-17 04:08:25,Adjuster_17,Closure Summary,Claimant attorney has sent letter of representation. All future communication must go through counsel. Updating file restrictions.,2025-05-31 00:45:25
NOTE-0000188,CL-0003838,2026-03-11 11:59:25,Adjuster_17,Claimant Communication,Medical records received from treating physician. Injuries consistent with described accident. IME may not be necessary for this severity level.,2026-02-20 05:07:25
NOTE-0000189,CL-0000123,2026-03-23 15:58:25,Adjuster_6,Claimant Communication,Subrogation potential identified. Third party clearly at fault per police report. Opening recovery file and notifying subrogation unit.,2025-09-17 03:17:25
NOTE-0000190,CL-0001248,2025-08-12 04:30:25,Adjuster_41,Payment Processing,Subrogation potential identified. Third party clearly at fault per police report. Opening recovery file and notifying subrogation unit.,2025-09-24 02:31:25
NOTE-0000191,CL-0002282,2025-12-10 11:22:25,Adjuster_6,Closure Summary,Claimant is frustrated with processing time. Escalated to supervisor. Need to expedite review and provide status update within 24 hours.,2025-11-15 04:38:25
NOTE-0000192,CL-0003808,2025-06-29 06:36:25,Adjuster_47,Claimant Communication,SUSPICIOUS: Timeline of events does not align with witness statements. Damage pattern inconsistent with reported cause. Referring to SIU for further investigation.,2026-01-29 10:15:25
NOTE-0000193,CL-0004661,2026-01-25 05:14:25,Adjuster_15,Payment Processing,Reviewed contractor estimate. Amount seems reasonable for scope of work. Approving payment minus deductible. Will notify policyholder.,2025-07-30 05:14:25
NOTE-0000194,CL-0001023,2025-07-18 13:30:25,Adjuster_11,Initial Assessment,Subrogation potential identified. Third party clearly at fault per police report. Opening recovery file and notifying subrogation unit.,2025-09-09 11:58:25
NOTE-0000195,CL-0000709,2026-03-27 17:03:25,Adjuster_5,Closure Summary,Medical records received from treating physician. Injuries consistent with described accident. IME may not be necessary for this severity level.,2025-06-02 09:30:25
NOTE-0000196,CL-0003670,2026-03-03 15:26:25,Adjuster_17,Initial Assessment,Payment issued to claimant. Check number referenced in system. Closing file pending 30-day satisfaction period. No further action needed.,2025-08-25 07:33:25
NOTE-0000197,CL-0004544,2026-01-25 17:53:25,Adjuster_23,Payment Processing,SUSPICIOUS: Timeline of events does not align with witness statements. Damage pattern inconsistent with reported cause. Referring to SIU for further investigation.,2025-06-16 06:10:25
NOTE-0000198,CL-0000354,2025-07-08 15:07:25,Adjuster_1,Payment Processing,Repair completed and final inspection passed. Work quality is satisfactory. Releasing final payment to contractor. File ready for closure.,2025-07-22 02:11:25
NOTE-0000199,CL-0002047,2026-01-31 18:14:25,Adjuster_6,Investigation Update,Reviewed contractor estimate. Amount seems reasonable for scope of work. Approving payment minus deductible. Will notify policyholder.,2026-02-05 03:25:25
NOTE-0000200,CL-0002873,2025-07-14 14:28:25,Adjuster_8,Claimant Communication,SUSPICIOUS: Timeline of events does not align with witness statements. Damage pattern inconsistent with reported cause. Referring to SIU for further investigation.,2025-06-12 17:40:25
NOTE-0000201,CL-0001626,2025-06-06 11:57:25,Adjuster_43,Investigation Update,"Weather data confirms severe storm in area on date of loss. NOAA records show wind gusts exceeding 70mph. Claim is weather-related, approved.",2025-12-03 00:34:25
NOTE-0000202,CL-0004154,2026-03-03 01:53:25,Adjuster_1,Claimant Communication,Claim denied per policy exclusion for pre-existing damage. Evidence shows damage predates policy effective date. Denial letter sent to insured.,2025-09-05 23:58:25
NOTE-0000203,CL-0002165,2025-07-29 02:02:25,Adjuster_24,Payment Processing,Claimant is frustrated with processing time. Escalated to supervisor. Need to expedite review and provide status update within 24 hours.,2026-01-16 00:14:25
NOTE-0000204,CL-0000451,2025-09-20 19:27:25,Adjuster_16,Initial Assessment,Multiple claims from same location within 6 months. Pattern suggests possible fraud. Flagging for SIU review before further processing.,2025-12-15 23:37:25
NOTE-0000205,CL-0001161,2025-07-08 16:21:25,Adjuster_17,Claimant Communication,Payment issued to claimant. Check number referenced in system. Closing file pending 30-day satisfaction period. No further action needed.,2025-05-29 08:10:25
NOTE-0000206,CL-0004204,2026-04-15 22:18:25,Adjuster_40,Initial Assessment,Police report obtained. Details match claimant statement. No evidence of prior damage or fraud indicators. Proceeding with normal processing.,2026-03-15 22:25:25
NOTE-0000207,CL-0000348,2025-12-26 15:32:25,Adjuster_9,Investigation Update,Workers comp claim validated. Employee was performing regular duties when injury occurred. Employer confirms no safety violations. Approving benefits.,2026-01-01 06:22:25
NOTE-0000208,CL-0000686,2026-05-02 17:10:25,Adjuster_27,Initial Assessment,"Weather data confirms severe storm in area on date of loss. NOAA records show wind gusts exceeding 70mph. Claim is weather-related, approved.",2025-10-28 02:20:25
NOTE-0000209,CL-0002646,2025-05-28 14:19:25,Adjuster_36,Investigation Update,Repair completed and final inspection passed. Work quality is satisfactory. Releasing final payment to contractor. File ready for closure.,2026-01-30 11:27:25
NOTE-0000210,CL-0000370,2025-07-03 10:57:25,Adjuster_26,Payment Processing,Contacted claimant via phone. They confirmed the timeline of events. No inconsistencies in their account. Proceeding with standard assessment.,2025-07-11 17:05:25
NOTE-0000211,CL-0001402,2025-11-07 09:26:25,Adjuster_21,Initial Assessment,Police report obtained. Details match claimant statement. No evidence of prior damage or fraud indicators. Proceeding with normal processing.,2026-02-06 21:43:25
NOTE-0000212,CL-0003448,2025-12-17 03:27:25,Adjuster_30,Closure Summary,Payment issued to claimant. Check number referenced in system. Closing file pending 30-day satisfaction period. No further action needed.,2026-03-17 11:05:25
NOTE-0000213,CL-0004724,2025-10-06 10:56:25,Adjuster_29,Claimant Communication,Medical records received from treating physician. Injuries consistent with described accident. IME may not be necessary for this severity level.,2025-08-06 20:35:25
NOTE-0000214,CL-0000153,2025-11-20 18:31:25,Adjuster_39,Initial Assessment,Workers comp claim validated. Employee was performing regular duties when injury occurred. Employer confirms no safety violations. Approving benefits.,2026-01-30 15:31:25
NOTE-0000215,CL-0003977,2026-03-13 18:36:25,Adjuster_25,Payment Processing,Repair completed and final inspection passed. Work quality is satisfactory. Releasing final payment to contractor. File ready for closure.,2025-07-25 01:42:25
NOTE-0000216,CL-0002518,2025-07-24 22:37:25,Adjuster_6,Initial Assessment,SUSPICIOUS: Timeline of events does not align with witness statements. Damage pattern inconsistent with reported cause. Referring to SIU for further investigation.,2025-09-24 00:51:25
NOTE-0000217,CL-0000339,2026-04-27 22:56:25,Adjuster_24,Initial Assessment,Police report obtained. Details match claimant statement. No evidence of prior damage or fraud indicators. Proceeding with normal processing.,2025-10-14 22:47:25
NOTE-0000218,CL-0001492,2025-08-31 14:05:25,Adjuster_4,Investigation Update,Claimant is frustrated with processing time. Escalated to supervisor. Need to expedite review and provide status update within 24 hours.,2025-11-03 11:45:25
NOTE-0000219,CL-0001362,2025-10-31 17:02:25,Adjuster_38,Claimant Communication,Contacted claimant via phone. They confirmed the timeline of events. No inconsistencies in their account. Proceeding with standard assessment.,2026-03-18 19:49:25
NOTE-0000220,CL-0001898,2025-08-20 18:17:25,Adjuster_19,Investigation Update,Contacted claimant via phone. They confirmed the timeline of events. No inconsistencies in their account. Proceeding with standard assessment.,2026-01-04 16:47:25
NOTE-0000221,CL-0002824,2025-06-26 21:59:25,Adjuster_35,Initial Assessment,Medical records received from treating physician. Injuries consistent with described accident. IME may not be necessary for this severity level.,2025-07-18 20:56:25
NOTE-0000222,CL-0000200,2025-08-03 15:47:25,Adjuster_21,Investigation Update,Subrogation potential identified. Third party clearly at fault per police report. Opening recovery file and notifying subrogation unit.,2026-04-02 23:18:25
NOTE-0000223,CL-0000294,2026-03-08 09:13:25,Adjuster_50,Initial Assessment,Contacted claimant via phone. They confirmed the timeline of events. No inconsistencies in their account. Proceeding with standard assessment.,2026-01-04 00:45:25
NOTE-0000224,CL-0003670,2025-08-09 16:16:25,Adjuster_13,Payment Processing,Claimant is frustrated with processing time. Escalated to supervisor. Need to expedite review and provide status update within 24 hours.,2025-08-06 11:48:25
NOTE-0000225,CL-0001989,2025-09-07 18:44:25,Adjuster_24,Closure Summary,Claim denied per policy exclusion for pre-existing damage. Evidence shows damage predates policy effective date. Denial letter sent to insured.,2026-02-20 04:23:25
NOTE-0000226,CL-0002899,2026-01-29 10:55:25,Adjuster_41,Closure Summary,Reviewed contractor estimate. Amount seems reasonable for scope of work. Approving payment minus deductible. Will notify policyholder.,2025-08-13 16:07:25
NOTE-0000227,CL-0004144,2025-09-02 23:27:25,Adjuster_25,Payment Processing,Payment issued to claimant. Check number referenced in system. Closing file pending 30-day satisfaction period. No further action needed.,2025-09-16 23:40:25
NOTE-0000228,CL-0003801,2026-02-23 17:30:25,Adjuster_34,Closure Summary,Claimant is frustrated with processing time. Escalated to supervisor. Need to expedite review and provide status update within 24 hours.,2025-08-30 14:43:25
NOTE-0000229,CL-0003598,2026-01-10 22:12:25,Adjuster_17,Payment Processing,Workers comp claim validated. Employee was performing regular duties when injury occurred. Employer confirms no safety violations. Approving benefits.,2026-04-19 14:15:25
NOTE-0000230,CL-0000837,2025-07-05 05:21:25,Adjuster_24,Closure Summary,Payment issued to claimant. Check number referenced in system. Closing file pending 30-day satisfaction period. No further action needed.,2026-03-14 20:57:25
NOTE-0000231,CL-0000460,2025-10-30 16:38:25,Adjuster_37,Claimant Communication,Repair completed and final inspection passed. Work quality is satisfactory. Releasing final payment to contractor. File ready for closure.,2026-02-24 17:43:25
NOTE-0000232,CL-0004205,2025-05-25 14:19:25,Adjuster_26,Claimant Communication,Repair completed and final inspection passed. Work quality is satisfactory. Releasing final payment to contractor. File ready for closure.,2026-03-09 13:17:25
NOTE-0000233,CL-0004434,2026-01-07 15:58:25,Adjuster_17,Initial Assessment,Payment issued to claimant. Check number referenced in system. Closing file pending 30-day satisfaction period. No further action needed.,2026-05-06 13:48:25
NOTE-0000234,CL-0004491,2026-04-28 23:37:25,Adjuster_47,Payment Processing,Contacted claimant via phone. They confirmed the timeline of events. No inconsistencies in their account. Proceeding with standard assessment.,2025-09-11 21:24:25
NOTE-0000235,CL-0003563,2026-04-16 15:41:25,Adjuster_9,Initial Assessment,SUSPICIOUS: Timeline of events does not align with witness statements. Damage pattern inconsistent with reported cause. Referring to SIU for further investigation.,2025-12-22 19:43:25
NOTE-0000236,CL-0004303,2025-07-01 16:45:25,Adjuster_28,Payment Processing,Payment issued to claimant. Check number referenced in system. Closing file pending 30-day satisfaction period. No further action needed.,2025-10-24 03:29:25
NOTE-0000237,CL-0000786,2025-12-26 09:52:25,Adjuster_25,Payment Processing,Workers comp claim validated. Employee was performing regular duties when injury occurred. Employer confirms no safety violations. Approving benefits.,2026-04-02 20:15:25
NOTE-0000238,CL-0004764,2026-01-09 06:26:25,Adjuster_5,Payment Processing,Site inspection completed. Damage is consistent with reported cause of loss. Photos uploaded to file. Recommend approval for repair estimate.,2026-04-19 04:41:25
NOTE-0000239,CL-0003311,2025-12-15 07:57:25,Adjuster_22,Investigation Update,Medical records received from treating physician. Injuries consistent with described accident. IME may not be necessary for this severity level.,2025-12-26 20:12:25
NOTE-0000240,CL-0001921,2026-03-17 02:37:25,Adjuster_41,Initial Assessment,Police report obtained. Details match claimant statement. No evidence of prior damage or fraud indicators. Proceeding with normal processing.,2026-01-24 14:21:25
NOTE-0000241,CL-0003398,2025-06-17 06:14:25,Adjuster_49,Investigation Update,Payment issued to claimant. Check number referenced in system. Closing file pending 30-day satisfaction period. No further action needed.,2025-08-24 16:56:25
NOTE-0000242,CL-0002890,2025-06-01 05:55:25,Adjuster_9,Payment Processing,Workers comp claim validated. Employee was performing regular duties when injury occurred. Employer confirms no safety violations. Approving benefits.,2026-04-11 17:28:25
NOTE-0000243,CL-0002357,2026-03-29 00:06:25,Adjuster_43,Closure Summary,Payment issued to claimant. Check number referenced in system. Closing file pending 30-day satisfaction period. No further action needed.,2026-02-20 06:49:25
NOTE-0000244,CL-0004617,2026-04-09 19:32:25,Adjuster_18,Payment Processing,Site inspection completed. Damage is consistent with reported cause of loss. Photos uploaded to file. Recommend approval for repair estimate.,2026-01-15 07:42:25
NOTE-0000245,CL-0000952,2025-06-11 15:26:25,Adjuster_27,Claimant Communication,Payment issued to claimant. Check number referenced in system. Closing file pending 30-day satisfaction period. No further action needed.,2025-12-20 13:18:25
NOTE-0000246,CL-0002243,2025-11-14 17:22:25,Adjuster_49,Claimant Communication,Subrogation potential identified. Third party clearly at fault per police report. Opening recovery file and notifying subrogation unit.,2025-06-15 07:30:25
NOTE-0000247,CL-0004104,2025-10-01 19:43:25,Adjuster_16,Payment Processing,Claimant attorney has sent letter of representation. All future communication must go through counsel. Updating file restrictions.,2025-12-10 10:10:25
NOTE-0000248,CL-0003118,2025-09-02 10:00:25,Adjuster_46,Initial Assessment,Claimant attorney has sent letter of representation. All future communication must go through counsel. Updating file restrictions.,2026-01-02 00:51:25
NOTE-0000249,CL-0004329,2025-10-05 20:36:25,Adjuster_34,Initial Assessment,Payment issued to claimant. Check number referenced in system. Closing file pending 30-day satisfaction period. No further action needed.,2025-06-30 14:57:25
NOTE-0000250,CL-0003049,2025-12-31 23:12:25,Adjuster_31,Claimant Communication,Payment issued to claimant. Check number referenced in system. Closing file pending 30-day satisfaction period. No further action needed.,2025-10-21 07:24:25
NOTE-0000251,CL-0002326,2026-02-05 21:06:25,Adjuster_32,Initial Assessment,Medical records received from treating physician. Injuries consistent with described accident. IME may not be necessary for this severity level.,2025-12-16 00:48:25
NOTE-0000252,CL-0002132,2026-04-09 23:54:25,Adjuster_27,Claimant Communication,"Weather data confirms severe storm in area on date of loss. NOAA records show wind gusts exceeding 70mph. Claim is weather-related, approved.",2025-09-04 03:53:25
NOTE-0000253,CL-0000706,2026-04-20 10:36:25,Adjuster_42,Investigation Update,Claimant is frustrated with processing time. Escalated to supervisor. Need to expedite review and provide status update within 24 hours.,2025-07-09 02:09:25
NOTE-0000254,CL-0002808,2025-10-12 09:59:25,Adjuster_33,Initial Assessment,Site inspection completed. Damage is consistent with reported cause of loss. Photos uploaded to file. Recommend approval for repair estimate.,2026-02-21 22:15:25
NOTE-0000255,CL-0000888,2025-06-01 11:31:25,Adjuster_38,Initial Assessment,Claimant is frustrated with processing time. Escalated to supervisor. Need to expedite review and provide status update within 24 hours.,2025-08-17 13:59:25
NOTE-0000256,CL-0000456,2025-10-16 07:11:25,Adjuster_17,Closure Summary,"Weather data confirms severe storm in area on date of loss. NOAA records show wind gusts exceeding 70mph. Claim is weather-related, approved.",2025-09-18 02:26:25
NOTE-0000257,CL-0001777,2025-11-05 02:36:25,Adjuster_25,Investigation Update,Claimant attorney has sent letter of representation. All future communication must go through counsel. Updating file restrictions.,2025-09-01 08:13:25
NOTE-0000258,CL-0001825,2026-03-25 21:15:25,Adjuster_17,Payment Processing,Reviewed contractor estimate. Amount seems reasonable for scope of work. Approving payment minus deductible. Will notify policyholder.,2025-11-25 10:50:25
NOTE-0000259,CL-0000832,2026-02-12 03:50:25,Adjuster_27,Investigation Update,SUSPICIOUS: Timeline of events does not align with witness statements. Damage pattern inconsistent with reported cause. Referring to SIU for further investigation.,2026-02-06 05:24:25
NOTE-0000260,CL-0004786,2026-05-26 02:42:25,Adjuster_1,Payment Processing,Site inspection completed. Damage is consistent with reported cause of loss. Photos uploaded to file. Recommend approval for repair estimate.,2026-04-30 18:03:25
NOTE-0000261,CL-0002951,2025-12-22 17:08:25,Adjuster_8,Closure Summary,Site inspection completed. Damage is consistent with reported cause of loss. Photos uploaded to file. Recommend approval for repair estimate.,2025-07-07 20:38:25
NOTE-0000262,CL-0001566,2025-09-23 15:23:25,Adjuster_26,Claimant Communication,Contacted claimant via phone. They confirmed the timeline of events. No inconsistencies in their account. Proceeding with standard assessment.,2025-07-17 21:50:25
NOTE-0000263,CL-0000493,2025-11-13 21:40:25,Adjuster_23,Investigation Update,Police report obtained. Details match claimant statement. No evidence of prior damage or fraud indicators. Proceeding with normal processing.,2025-10-03 15:18:25
NOTE-0000264,CL-0003205,2026-02-17 15:59:25,Adjuster_50,Initial Assessment,"Weather data confirms severe storm in area on date of loss. NOAA records show wind gusts exceeding 70mph. Claim is weather-related, approved.",2025-06-02 08:02:25
NOTE-0000265,CL-0002157,2026-05-17 08:54:25,Adjuster_30,Investigation Update,SUSPICIOUS: Timeline of events does not align with witness statements. Damage pattern inconsistent with reported cause. Referring to SIU for further investigation.,2025-09-16 04:17:25
NOTE-0000266,CL-0002634,2025-10-30 15:52:25,Adjuster_22,Payment Processing,Police report obtained. Details match claimant statement. No evidence of prior damage or fraud indicators. Proceeding with normal processing.,2026-03-26 14:30:25
NOTE-0000267,CL-0004080,2025-09-24 06:42:25,Adjuster_38,Payment Processing,SUSPICIOUS: Timeline of events does not align with witness statements. Damage pattern inconsistent with reported cause. Referring to SIU for further investigation.,2025-09-22 06:45:25
NOTE-0000268,CL-0002188,2025-11-06 17:06:25,Adjuster_15,Initial Assessment,Police report obtained. Details match claimant statement. No evidence of prior damage or fraud indicators. Proceeding with normal processing.,2026-02-21 05:32:25
NOTE-0000269,CL-0004782,2026-03-27 04:49:25,Adjuster_42,Initial Assessment,Medical records received from treating physician. Injuries consistent with described accident. IME may not be necessary for this severity level.,2025-06-04 16:41:25
NOTE-0000270,CL-0001113,2026-01-27 08:02:25,Adjuster_30,Investigation Update,Workers comp claim validated. Employee was performing regular duties when injury occurred. Employer confirms no safety violations. Approving benefits.,2025-09-03 05:44:25
NOTE-0000271,CL-0003404,2025-09-20 19:14:25,Adjuster_3,Payment Processing,Site inspection completed. Damage is consistent with reported cause of loss. Photos uploaded to file. Recommend approval for repair estimate.,2025-11-26 04:49:25
NOTE-0000272,CL-0003120,2025-08-26 17:20:25,Adjuster_2,Payment Processing,Claim denied per policy exclusion for pre-existing damage. Evidence shows damage predates policy effective date. Denial letter sent to insured.,2025-12-28 15:34:25
NOTE-0000273,CL-0002335,2026-04-04 12:21:25,Adjuster_3,Investigation Update,Claimant attorney has sent letter of representation. All future communication must go through counsel. Updating file restrictions.,2026-04-28 19:43:25
NOTE-0000274,CL-0002904,2025-07-27 21:24:25,Adjuster_38,Closure Summary,Police report obtained. Details match claimant statement. No evidence of prior damage or fraud indicators. Proceeding with normal processing.,2026-04-21 07:35:25
NOTE-0000275,CL-0002077,2026-01-10 09:01:25,Adjuster_15,Claimant Communication,Repair completed and final inspection passed. Work quality is satisfactory. Releasing final payment to contractor. File ready for closure.,2026-03-26 07:05:25
NOTE-0000276,CL-0004410,2025-05-28 22:23:25,Adjuster_31,Closure Summary,Site inspection completed. Damage is consistent with reported cause of loss. Photos uploaded to file. Recommend approval for repair estimate.,2025-12-02 17:35:25
NOTE-0000277,CL-0003101,2026-04-15 01:29:25,Adjuster_23,Payment Processing,"Weather data confirms severe storm in area on date of loss. NOAA records show wind gusts exceeding 70mph. Claim is weather-related, approved.",2026-01-14 11:02:25
NOTE-0000278,CL-0003428,2025-08-20 14:52:25,Adjuster_24,Initial Assessment,Site inspection completed. Damage is consistent with reported cause of loss. Photos uploaded to file. Recommend approval for repair estimate.,2026-03-16 09:59:25
NOTE-0000279,CL-0001575,2025-05-31 09:18:25,Adjuster_43,Initial Assessment,Contacted claimant via phone. They confirmed the timeline of events. No inconsistencies in their account. Proceeding with standard assessment.,2026-01-03 12:52:25
NOTE-0000280,CL-0003312,2026-03-24 12:49:25,Adjuster_11,Closure Summary,Repair completed and final inspection passed. Work quality is satisfactory. Releasing final payment to contractor. File ready for closure.,2025-07-18 12:38:25
NOTE-0000281,CL-0003908,2025-11-01 02:02:25,Adjuster_2,Investigation Update,Reviewed contractor estimate. Amount seems reasonable for scope of work. Approving payment minus deductible. Will notify policyholder.,2025-08-29 09:37:25
NOTE-0000282,CL-0002662,2025-10-18 06:34:25,Adjuster_29,Initial Assessment,"Weather data confirms severe storm in area on date of loss. NOAA records show wind gusts exceeding 70mph. Claim is weather-related, approved.",2026-05-26 09:36:25
NOTE-0000283,CL-0002094,2026-02-09 00:41:25,Adjuster_30,Closure Summary,Claimant is frustrated with processing time. Escalated to supervisor. Need to expedite review and provide status update within 24 hours.,2025-05-28 16:13:25
NOTE-0000284,CL-0000704,2025-11-20 17:53:25,Adjuster_44,Initial Assessment,Site inspection completed. Damage is consistent with reported cause of loss. Photos uploaded to file. Recommend approval for repair estimate.,2025-12-10 06:49:25
NOTE-0000285,CL-0004828,2025-12-08 15:22:25,Adjuster_15,Initial Assessment,Workers comp claim validated. Employee was performing regular duties when injury occurred. Employer confirms no safety violations. Approving benefits.,2025-09-17 15:54:25
NOTE-0000286,CL-0000316,2025-06-29 02:22:25,Adjuster_21,Payment Processing,Payment issued to claimant. Check number referenced in system. Closing file pending 30-day satisfaction period. No further action needed.,2025-08-07 01:16:25
NOTE-0000287,CL-0004749,2025-05-31 22:17:25,Adjuster_27,Investigation Update,Medical records received from treating physician. Injuries consistent with described accident. IME may not be necessary for this severity level.,2025-11-30 16:41:25
NOTE-0000288,CL-0002072,2025-07-21 07:00:25,Adjuster_27,Closure Summary,Repair completed and final inspection passed. Work quality is satisfactory. Releasing final payment to contractor. File ready for closure.,2026-01-03 13:57:25
NOTE-0000289,CL-0003882,2025-11-03 01:29:25,Adjuster_8,Claimant Communication,Claimant attorney has sent letter of representation. All future communication must go through counsel. Updating file restrictions.,2026-03-19 12:14:25
NOTE-0000290,CL-0000937,2025-09-29 16:30:25,Adjuster_9,Closure Summary,Payment issued to claimant. Check number referenced in system. Closing file pending 30-day satisfaction period. No further action needed.,2025-10-02 14:27:25
NOTE-0000291,CL-0002858,2025-12-23 18:48:25,Adjuster_40,Claimant Communication,Claimant attorney has sent letter of representation. All future communication must go through counsel. Updating file restrictions.,2025-06-28 07:23:25
NOTE-0000292,CL-0001923,2025-09-30 23:03:25,Adjuster_9,Payment Processing,Contacted claimant via phone. They confirmed the timeline of events. No inconsistencies in their account. Proceeding with standard assessment.,2025-08-12 00:49:25
NOTE-0000293,CL-0001165,2026-04-16 18:45:25,Adjuster_3,Investigation Update,Site inspection completed. Damage is consistent with reported cause of loss. Photos uploaded to file. Recommend approval for repair estimate.,2025-11-03 01:17:25
NOTE-0000294,CL-0004985,2025-07-02 03:47:25,Adjuster_39,Closure Summary,Claimant attorney has sent letter of representation. All future communication must go through counsel. Updating file restrictions.,2026-04-29 08:27:25
NOTE-0000295,CL-0003847,2026-03-24 19:49:25,Adjuster_26,Payment Processing,Police report obtained. Details match claimant statement. No evidence of prior damage or fraud indicators. Proceeding with normal processing.,2025-10-29 13:11:25
NOTE-0000296,CL-0004105,2026-05-21 14:39:25,Adjuster_26,Claimant Communication,Claimant is frustrated with processing time. Escalated to supervisor. Need to expedite review and provide status update within 24 hours.,2026-02-07 07:35:25
NOTE-0000297,CL-0003186,2025-06-06 21:12:25,Adjuster_4,Initial Assessment,Repair completed and final inspection passed. Work quality is satisfactory. Releasing final payment to contractor. File ready for closure.,2025-10-30 20:01:25
NOTE-0000298,CL-0000924,2026-03-08 18:41:25,Adjuster_18,Payment Processing,"Weather data confirms severe storm in area on date of loss. NOAA records show wind gusts exceeding 70mph. Claim is weather-related, approved.",2026-05-11 14:32:25
NOTE-0000299,CL-0002865,2025-10-07 14:32:25,Adjuster_23,Payment Processing,Reviewed contractor estimate. Amount seems reasonable for scope of work. Approving payment minus deductible. Will notify policyholder.,2026-02-09 21:30:25
NOTE-0000300,CL-0001386,2025-10-19 08:04:25,Adjuster_23,Investigation Update,Workers comp claim validated. Employee was performing regular duties when injury occurred. Employer confirms no safety violations. Approving benefits.,2025-07-20 06:26:25
NOTE-0000301,CL-0004806,2025-09-27 14:50:25,Adjuster_41,Investigation Update,SUSPICIOUS: Timeline of events does not align with witness statements. Damage pattern inconsistent with reported cause. Referring to SIU for further investigation.,2026-03-31 13:13:25
NOTE-0000302,CL-0002260,2025-08-16 01:35:25,Adjuster_32,Payment Processing,Reviewed contractor estimate. Amount seems reasonable for scope of work. Approving payment minus deductible. Will notify policyholder.,2026-04-06 14:04:25
NOTE-0000303,CL-0000926,2026-02-11 20:20:25,Adjuster_37,Claimant Communication,Subrogation potential identified. Third party clearly at fault per police report. Opening recovery file and notifying subrogation unit.,2026-02-06 04:48:25
NOTE-0000304,CL-0001497,2025-07-23 01:42:25,Adjuster_34,Closure Summary,Medical records received from treating physician. Injuries consistent with described accident. IME may not be necessary for this severity level.,2025-11-18 16:52:25
NOTE-0000305,CL-0004113,2026-01-22 21:37:25,Adjuster_11,Closure Summary,Multiple claims from same location within 6 months. Pattern suggests possible fraud. Flagging for SIU review before further processing.,2026-03-15 01:12:25
NOTE-0000306,CL-0003581,2025-09-24 17:11:25,Adjuster_8,Initial Assessment,Subrogation potential identified. Third party clearly at fault per police report. Opening recovery file and notifying subrogation unit.,2026-03-11 15:34:25
NOTE-0000307,CL-0003071,2025-08-09 21:41:25,Adjuster_29,Initial Assessment,Claim denied per policy exclusion for pre-existing damage. Evidence shows damage predates policy effective date. Denial letter sent to insured.,2026-04-24 22:33:25
NOTE-0000308,CL-0004468,2025-12-04 20:43:25,Adjuster_16,Payment Processing,Repair completed and final inspection passed. Work quality is satisfactory. Releasing final payment to contractor. File ready for closure.,2026-02-20 23:30:25
NOTE-0000309,CL-0003587,2026-01-14 04:00:25,Adjuster_50,Claimant Communication,Contacted claimant via phone. They confirmed the timeline of events. No inconsistencies in their account. Proceeding with standard assessment.,2026-01-12 02:24:25
NOTE-0000310,CL-0004695,2025-06-20 17:22:25,Adjuster_9,Payment Processing,Claimant is frustrated with processing time. Escalated to supervisor. Need to expedite review and provide status update within 24 hours.,2025-08-20 02:15:25
NOTE-0000311,CL-0000657,2025-11-24 22:43:25,Adjuster_29,Claimant Communication,"Weather data confirms severe storm in area on date of loss. NOAA records show wind gusts exceeding 70mph. Claim is weather-related, approved.",2025-09-03 09:22:25
NOTE-0000312,CL-0002534,2025-08-25 22:52:25,Adjuster_40,Payment Processing,Medical records received from treating physician. Injuries consistent with described accident. IME may not be necessary for this severity level.,2025-09-05 07:28:25
NOTE-0000313,CL-0003051,2025-08-30 08:32:25,Adjuster_25,Initial Assessment,Site inspection completed. Damage is consistent with reported cause of loss. Photos uploaded to file. Recommend approval for repair estimate.,2025-08-02 14:37:25
NOTE-0000314,CL-0001150,2025-09-02 07:26:25,Adjuster_16,Investigation Update,Multiple claims from same location within 6 months. Pattern suggests possible fraud. Flagging for SIU review before further processing.,2025-10-21 19:54:25
NOTE-0000315,CL-0004057,2026-02-04 15:37:25,Adjuster_25,Payment Processing,Subrogation potential identified. Third party clearly at fault per police report. Opening recovery file and notifying subrogation unit.,2026-05-08 18:44:25
NOTE-0000316,CL-0002107,2026-03-21 13:39:25,Adjuster_38,Closure Summary,Claimant attorney has sent letter of representation. All future communication must go through counsel. Updating file restrictions.,2025-08-24 08:49:25
NOTE-0000317,CL-0002600,2026-02-01 11:26:25,Adjuster_10,Closure Summary,Workers comp claim validated. Employee was performing regular duties when injury occurred. Employer confirms no safety violations. Approving benefits.,2025-08-24 23:24:25
NOTE-0000318,CL-0001690,2026-03-02 19:37:25,Adjuster_31,Claimant Communication,Repair completed and final inspection passed. Work quality is satisfactory. Releasing final payment to contractor. File ready for closure.,2025-06-15 14:39:25
NOTE-0000319,CL-0000217,2026-05-18 16:50:25,Adjuster_11,Closure Summary,Multiple claims from same location within 6 months. Pattern suggests possible fraud. Flagging for SIU review before further processing.,2025-10-23 01:18:25
NOTE-0000320,CL-0004760,2025-10-14 19:16:25,Adjuster_45,Payment Processing,Site inspection completed. Damage is consistent with reported cause of loss. Photos uploaded to file. Recommend approval for repair estimate.,2025-11-11 08:43:25
NOTE-0000321,CL-0003821,2025-06-09 21:28:25,Adjuster_23,Claimant Communication,Contacted claimant via phone. They confirmed the timeline of events. No inconsistencies in their account. Proceeding with standard assessment.,2026-05-14 20:45:25
NOTE-0000322,CL-0001126,2026-03-16 21:46:25,Adjuster_49,Investigation Update,Reviewed contractor estimate. Amount seems reasonable for scope of work. Approving payment minus deductible. Will notify policyholder.,2025-09-22 12:52:25
NOTE-0000323,CL-0003361,2025-09-20 01:31:25,Adjuster_23,Closure Summary,Payment issued to claimant. Check number referenced in system. Closing file pending 30-day satisfaction period. No further action needed.,2026-05-01 12:48:25
NOTE-0000324,CL-0004843,2025-08-23 21:35:25,Adjuster_49,Claimant Communication,Claimant is frustrated with processing time. Escalated to supervisor. Need to expedite review and provide status update within 24 hours.,2025-09-07 08:40:25
NOTE-0000325,CL-0000835,2026-03-08 03:29:25,Adjuster_4,Claimant Communication,SUSPICIOUS: Timeline of events does not align with witness statements. Damage pattern inconsistent with reported cause. Referring to SIU for further investigation.,2025-08-05 01:50:25
NOTE-0000326,CL-0003678,2026-04-06 19:11:25,Adjuster_44,Payment Processing,Claim denied per policy exclusion for pre-existing damage. Evidence shows damage predates policy effective date. Denial letter sent to insured.,2025-12-08 20:08:25
NOTE-0000327,CL-0002752,2025-09-04 03:04:25,Adjuster_5,Closure Summary,Payment issued to claimant. Check number referenced in system. Closing file pending 30-day satisfaction period. No further action needed.,2025-09-12 17:51:25
NOTE-0000328,CL-0003542,2026-01-12 19:46:25,Adjuster_28,Investigation Update,Claimant attorney has sent letter of representation. All future communication must go through counsel. Updating file restrictions.,2026-01-18 05:35:25
NOTE-0000329,CL-0002162,2026-02-07 07:57:25,Adjuster_49,Closure Summary,Subrogation potential identified. Third party clearly at fault per police report. Opening recovery file and notifying subrogation unit.,2026-04-03 22:50:25
NOTE-0000330,CL-0002126,2025-11-27 01:49:25,Adjuster_25,Initial Assessment,Subrogation potential identified. Third party clearly at fault per police report. Opening recovery file and notifying subrogation unit.,2026-03-06 22:16:25
NOTE-0000331,CL-0004525,2026-02-16 17:51:25,Adjuster_45,Investigation Update,Police report obtained. Details match claimant statement. No evidence of prior damage or fraud indicators. Proceeding with normal processing.,2025-06-12 17:57:25
NOTE-0000332,CL-0003712,2025-10-12 15:57:25,Adjuster_45,Closure Summary,Repair completed and final inspection passed. Work quality is satisfactory. Releasing final payment to contractor. File ready for closure.,2025-08-06 21:00:25
NOTE-0000333,CL-0004139,2025-08-15 04:24:25,Adjuster_16,Claimant Communication,Multiple claims from same location within 6 months. Pattern suggests possible fraud. Flagging for SIU review before further processing.,2025-07-10 11:28:25
NOTE-0000334,CL-0001973,2025-09-23 06:00:25,Adjuster_47,Closure Summary,Payment issued to claimant. Check number referenced in system. Closing file pending 30-day satisfaction period. No further action needed.,2026-01-28 01:18:25
NOTE-0000335,CL-0003099,2025-11-07 13:44:25,Adjuster_46,Claimant Communication,Contacted claimant via phone. They confirmed the timeline of events. No inconsistencies in their account. Proceeding with standard assessment.,2026-02-23 15:52:25
NOTE-0000336,CL-0004530,2026-03-30 02:45:25,Adjuster_25,Claimant Communication,SUSPICIOUS: Timeline of events does not align with witness statements. Damage pattern inconsistent with reported cause. Referring to SIU for further investigation.,2025-09-30 13:28:25
NOTE-0000337,CL-0001157,2025-12-03 14:09:25,Adjuster_12,Investigation Update,Payment issued to claimant. Check number referenced in system. Closing file pending 30-day satisfaction period. No further action needed.,2026-01-12 16:59:25
NOTE-0000338,CL-0001323,2026-03-20 09:00:25,Adjuster_35,Initial Assessment,Subrogation potential identified. Third party clearly at fault per police report. Opening recovery file and notifying subrogation unit.,2026-03-30 15:48:25
NOTE-0000339,CL-0003203,2025-11-30 21:01:25,Adjuster_22,Payment Processing,Subrogation potential identified. Third party clearly at fault per police report. Opening recovery file and notifying subrogation unit.,2026-03-29 20:44:25
NOTE-0000340,CL-0000771,2026-02-15 01:05:25,Adjuster_15,Closure Summary,SUSPICIOUS: Timeline of events does not align with witness statements. Damage pattern inconsistent with reported cause. Referring to SIU for further investigation.,2025-11-09 17:14:25
NOTE-0000341,CL-0002193,2025-12-20 18:25:25,Adjuster_30,Payment Processing,Claimant is frustrated with processing time. Escalated to supervisor. Need to expedite review and provide status update within 24 hours.,2026-03-21 11:41:25
NOTE-0000342,CL-0004127,2025-07-21 09:15:25,Adjuster_9,Investigation Update,Claimant is frustrated with processing time. Escalated to supervisor. Need to expedite review and provide status update within 24 hours.,2025-11-20 15:46:25
NOTE-0000343,CL-0004052,2026-03-06 12:36:25,Adjuster_4,Closure Summary,Claim denied per policy exclusion for pre-existing damage. Evidence shows damage predates policy effective date. Denial letter sent to insured.,2025-07-23 17:36:25
NOTE-0000344,CL-0003697,2026-02-11 17:23:25,Adjuster_36,Initial Assessment,Medical records received from treating physician. Injuries consistent with described accident. IME may not be necessary for this severity level.,2025-10-02 07:46:25
NOTE-0000345,CL-0003830,2025-11-10 16:27:25,Adjuster_1,Claimant Communication,Claim denied per policy exclusion for pre-existing damage. Evidence shows damage predates policy effective date. Denial letter sent to insured.,2025-07-02 09:07:25
NOTE-0000346,CL-0003630,2025-06-09 23:42:25,Adjuster_50,Closure Summary,Repair completed and final inspection passed. Work quality is satisfactory. Releasing final payment to contractor. File ready for closure.,2025-06-13 07:20:25
NOTE-0000347,CL-0004745,2026-01-04 23:05:25,Adjuster_6,Closure Summary,Subrogation potential identified. Third party clearly at fault per police report. Opening recovery file and notifying subrogation unit.,2026-04-07 12:16:25
NOTE-0000348,CL-0002180,2025-11-16 07:48:25,Adjuster_15,Investigation Update,Claim denied per policy exclusion for pre-existing damage. Evidence shows damage predates policy effective date. Denial letter sent to insured.,2025-08-27 22:08:25
NOTE-0000349,CL-0003092,2025-08-30 23:57:25,Adjuster_30,Initial Assessment,Repair completed and final inspection passed. Work quality is satisfactory. Releasing final payment to contractor. File ready for closure.,2025-10-31 15:19:25
NOTE-0000350,CL-0000816,2025-07-08 04:01:25,Adjuster_15,Payment Processing,"Weather data confirms severe storm in area on date of loss. NOAA records show wind gusts exceeding 70mph. Claim is weather-related, approved.",2026-04-25 11:17:25
NOTE-0000351,CL-0003386,2025-09-26 08:56:25,Adjuster_8,Payment Processing,Medical records received from treating physician. Injuries consistent with described accident. IME may not be necessary for this severity level.,2026-01-21 22:24:25
NOTE-0000352,CL-0003076,2025-05-26 17:54:25,Adjuster_35,Initial Assessment,Police report obtained. Details match claimant statement. No evidence of prior damage or fraud indicators. Proceeding with normal processing.,2026-01-08 19:18:25
NOTE-0000353,CL-0004615,2025-06-16 18:27:25,Adjuster_47,Initial Assessment,Site inspection completed. Damage is consistent with reported cause of loss. Photos uploaded to file. Recommend approval for repair estimate.,2025-08-27 21:33:25
NOTE-0000354,CL-0000522,2025-12-30 06:01:25,Adjuster_29,Payment Processing,Multiple claims from same location within 6 months. Pattern suggests possible fraud. Flagging for SIU review before further processing.,2026-05-19 01:49:25
NOTE-0000355,CL-0003499,2025-08-21 17:22:25,Adjuster_32,Investigation Update,"Weather data confirms severe storm in area on date of loss. NOAA records show wind gusts exceeding 70mph. Claim is weather-related, approved.",2025-08-13 03:42:25
NOTE-0000356,CL-0003415,2025-10-30 22:42:25,Adjuster_34,Initial Assessment,Medical records received from treating physician. Injuries consistent with described accident. IME may not be necessary for this severity level.,2025-09-14 20:58:25
NOTE-0000357,CL-0004777,2026-04-13 14:17:25,Adjuster_34,Payment Processing,Claim denied per policy exclusion for pre-existing damage. Evidence shows damage predates policy effective date. Denial letter sent to insured.,2025-06-05 14:32:25
NOTE-0000358,CL-0000003,2025-10-25 03:24:25,Adjuster_43,Investigation Update,Reviewed contractor estimate. Amount seems reasonable for scope of work. Approving payment minus deductible. Will notify policyholder.,2025-10-22 21:06:25
NOTE-0000359,CL-0003013,2025-07-10 22:27:25,Adjuster_1,Claimant Communication,Reviewed contractor estimate. Amount seems reasonable for scope of work. Approving payment minus deductible. Will notify policyholder.,2025-06-22 08:22:25
NOTE-0000360,CL-0002015,2025-12-31 04:16:25,Adjuster_19,Initial Assessment,Reviewed contractor estimate. Amount seems reasonable for scope of work. Approving payment minus deductible. Will notify policyholder.,2025-07-14 09:12:25
NOTE-0000361,CL-0001552,2025-11-07 11:16:25,Adjuster_48,Payment Processing,Contacted claimant via phone. They confirmed the timeline of events. No inconsistencies in their account. Proceeding with standard assessment.,2025-11-05 15:50:25
NOTE-0000362,CL-0001766,2026-03-13 15:14:25,Adjuster_35,Payment Processing,SUSPICIOUS: Timeline of events does not align with witness statements. Damage pattern inconsistent with reported cause. Referring to SIU for further investigation.,2025-06-15 20:33:25
NOTE-0000363,CL-0003084,2025-07-20 13:28:25,Adjuster_17,Payment Processing,Contacted claimant via phone. They confirmed the timeline of events. No inconsistencies in their account. Proceeding with standard assessment.,2026-02-07 10:10:25
NOTE-0000364,CL-0004751,2025-06-24 21:30:25,Adjuster_25,Initial Assessment,Reviewed contractor estimate. Amount seems reasonable for scope of work. Approving payment minus deductible. Will notify policyholder.,2025-12-29 17:39:25
NOTE-0000365,CL-0000841,2026-03-17 14:32:25,Adjuster_33,Investigation Update,Contacted claimant via phone. They confirmed the timeline of events. No inconsistencies in their account. Proceeding with standard assessment.,2025-10-28 20:52:25
NOTE-0000366,CL-0004982,2026-01-12 23:38:25,Adjuster_15,Payment Processing,Claim denied per policy exclusion for pre-existing damage. Evidence shows damage predates policy effective date. Denial letter sent to insured.,2025-06-23 05:45:25
NOTE-0000367,CL-0001172,2026-04-05 12:24:25,Adjuster_37,Closure Summary,Subrogation potential identified. Third party clearly at fault per police report. Opening recovery file and notifying subrogation unit.,2025-09-14 04:07:25
NOTE-0000368,CL-0000291,2026-02-06 06:42:25,Adjuster_33,Payment Processing,Contacted claimant via phone. They confirmed the timeline of events. No inconsistencies in their account. Proceeding with standard assessment.,2025-07-27 21:24:25
NOTE-0000369,CL-0004554,2025-12-29 11:57:25,Adjuster_47,Initial Assessment,Reviewed contractor estimate. Amount seems reasonable for scope of work. Approving payment minus deductible. Will notify policyholder.,2026-02-28 20:34:25
NOTE-0000370,CL-0000778,2025-11-21 12:58:25,Adjuster_41,Closure Summary,Subrogation potential identified. Third party clearly at fault per police report. Opening recovery file and notifying subrogation unit.,2025-11-01 23:45:25
NOTE-0000371,CL-0003358,2025-05-25 15:03:25,Adjuster_40,Payment Processing,Site inspection completed. Damage is consistent with reported cause of loss. Photos uploaded to file. Recommend approval for repair estimate.,2025-12-16 16:12:25
NOTE-0000372,CL-0001461,2025-11-09 20:49:25,Adjuster_31,Initial Assessment,Site inspection completed. Damage is consistent with reported cause of loss. Photos uploaded to file. Recommend approval for repair estimate.,2025-07-25 00:52:25
NOTE-0000373,CL-0004433,2026-01-15 18:54:25,Adjuster_30,Investigation Update,Medical records received from treating physician. Injuries consistent with described accident. IME may not be necessary for this severity level.,2025-08-14 21:47:25
NOTE-0000374,CL-0004614,2025-07-30 05:56:25,Adjuster_9,Initial Assessment,Claim denied per policy exclusion for pre-existing damage. Evidence shows damage predates policy effective date. Denial letter sent to insured.,2025-06-14 03:11:25
NOTE-0000375,CL-0001993,2026-03-03 11:25:25,Adjuster_24,Investigation Update,Claimant is frustrated with processing time. Escalated to supervisor. Need to expedite review and provide status update within 24 hours.,2026-01-25 00:45:25
NOTE-0000376,CL-0001488,2025-10-21 15:34:25,Adjuster_35,Claimant Communication,Claim denied per policy exclusion for pre-existing damage. Evidence shows damage predates policy effective date. Denial letter sent to insured.,2026-03-10 11:14:25
NOTE-0000377,CL-0001810,2025-10-07 12:22:25,Adjuster_34,Investigation Update,Repair completed and final inspection passed. Work quality is satisfactory. Releasing final payment to contractor. File ready for closure.,2025-12-05 10:02:25
NOTE-0000378,CL-0004444,2026-05-18 20:38:25,Adjuster_46,Payment Processing,Multiple claims from same location within 6 months. Pattern suggests possible fraud. Flagging for SIU review before further processing.,2026-04-07 14:22:25
NOTE-0000379,CL-0001099,2026-01-16 17:42:25,Adjuster_35,Investigation Update,Claimant is frustrated with processing time. Escalated to supervisor. Need to expedite review and provide status update within 24 hours.,2026-02-17 11:47:25
NOTE-0000380,CL-0004897,2025-10-08 22:29:25,Adjuster_14,Payment Processing,Reviewed contractor estimate. Amount seems reasonable for scope of work. Approving payment minus deductible. Will notify policyholder.,2025-06-05 10:47:25
NOTE-0000381,CL-0004966,2025-06-18 12:07:25,Adjuster_37,Investigation Update,"Weather data confirms severe storm in area on date of loss. NOAA records show wind gusts exceeding 70mph. Claim is weather-related, approved.",2026-02-22 11:31:25
NOTE-0000382,CL-0003211,2025-11-02 01:11:25,Adjuster_30,Closure Summary,Multiple claims from same location within 6 months. Pattern suggests possible fraud. Flagging for SIU review before further processing.,2025-10-04 12:08:25
NOTE-0000383,CL-0004721,2025-08-02 15:10:25,Adjuster_43,Payment Processing,Police report obtained. Details match claimant statement. No evidence of prior damage or fraud indicators. Proceeding with normal processing.,2026-05-14 13:23:25
NOTE-0000384,CL-0004880,2025-06-16 16:24:25,Adjuster_8,Initial Assessment,Medical records received from treating physician. Injuries consistent with described accident. IME may not be necessary for this severity level.,2025-11-27 00:26:25
NOTE-0000385,CL-0001819,2025-10-09 23:30:25,Adjuster_39,Claimant Communication,Contacted claimant via phone. They confirmed the timeline of events. No inconsistencies in their account. Proceeding with standard assessment.,2025-10-07 14:41:25
NOTE-0000386,CL-0000185,2025-10-24 04:36:25,Adjuster_41,Closure Summary,Payment issued to claimant. Check number referenced in system. Closing file pending 30-day satisfaction period. No further action needed.,2025-06-21 22:08:25
NOTE-0000387,CL-0002701,2026-05-06 11:26:25,Adjuster_14,Claimant Communication,Claim denied per policy exclusion for pre-existing damage. Evidence shows damage predates policy effective date. Denial letter sent to insured.,2026-04-10 03:21:25
NOTE-0000388,CL-0004109,2026-01-22 10:35:25,Adjuster_4,Payment Processing,Payment issued to claimant. Check number referenced in system. Closing file pending 30-day satisfaction period. No further action needed.,2026-01-13 12:30:25
NOTE-0000389,CL-0003998,2026-03-06 04:20:25,Adjuster_43,Initial Assessment,Claim denied per policy exclusion for pre-existing damage. Evidence shows damage predates policy effective date. Denial letter sent to insured.,2025-06-18 07:20:25
NOTE-0000390,CL-0002673,2026-02-25 22:55:25,Adjuster_44,Investigation Update,Payment issued to claimant. Check number referenced in system. Closing file pending 30-day satisfaction period. No further action needed.,2025-09-30 07:26:25
NOTE-0000391,CL-0003311,2025-05-28 21:59:25,Adjuster_42,Payment Processing,Repair completed and final inspection passed. Work quality is satisfactory. Releasing final payment to contractor. File ready for closure.,2026-03-14 07:50:25
NOTE-0000392,CL-0002201,2025-09-20 14:35:25,Adjuster_31,Initial Assessment,Claimant attorney has sent letter of representation. All future communication must go through counsel. Updating file restrictions.,2025-06-16 06:51:25
NOTE-0000393,CL-0004305,2025-08-07 13:42:25,Adjuster_26,Closure Summary,Reviewed contractor estimate. Amount seems reasonable for scope of work. Approving payment minus deductible. Will notify policyholder.,2025-05-30 08:02:25
NOTE-0000394,CL-0001930,2026-03-02 12:59:25,Adjuster_38,Investigation Update,Subrogation potential identified. Third party clearly at fault per police report. Opening recovery file and notifying subrogation unit.,2026-04-29 07:43:25
NOTE-0000395,CL-0004036,2025-07-18 16:58:25,Adjuster_28,Claimant Communication,Police report obtained. Details match claimant statement. No evidence of prior damage or fraud indicators. Proceeding with normal processing.,2025-12-03 23:15:25
NOTE-0000396,CL-0001067,2026-03-12 07:42:25,Adjuster_41,Investigation Update,SUSPICIOUS: Timeline of events does not align with witness statements. Damage pattern inconsistent with reported cause. Referring to SIU for further investigation.,2026-01-25 19:44:25
NOTE-0000397,CL-0001371,2025-10-29 20:46:25,Adjuster_3,Payment Processing,Repair completed and final inspection passed. Work quality is satisfactory. Releasing final payment to contractor. File ready for closure.,2026-01-18 14:17:25
NOTE-0000398,CL-0002479,2026-04-04 18:37:25,Adjuster_12,Closure Summary,"Weather data confirms severe storm in area on date of loss. NOAA records show wind gusts exceeding 70mph. Claim is weather-related, approved.",2026-02-19 06:42:25
NOTE-0000399,CL-0003291,2025-11-22 08:41:25,Adjuster_16,Initial Assessment,Payment issued to claimant. Check number referenced in system. Closing file pending 30-day satisfaction period. No further action needed.,2026-05-12 06:22:25
NOTE-0000400,CL-0003785,2026-03-23 14:27:25,Adjuster_8,Claimant Communication,Repair completed and final inspection passed. Work quality is satisfactory. Releasing final payment to contractor. File ready for closure.,2025-12-23 21:14:25
NOTE-0000401,CL-0004917,2025-08-08 04:43:25,Adjuster_26,Claimant Communication,Repair completed and final inspection passed. Work quality is satisfactory. Releasing final payment to contractor. File ready for closure.,2026-02-28 18:26:25
NOTE-0000402,CL-0003161,2025-12-05 13:25:25,Adjuster_26,Payment Processing,Medical records received from treating physician. Injuries consistent with described accident. IME may not be necessary for this severity level.,2026-03-29 22:54:25
NOTE-0000403,CL-0003998,2026-04-29 08:53:25,Adjuster_6,Payment Processing,Police report obtained. Details match claimant statement. No evidence of prior damage or fraud indicators. Proceeding with normal processing.,2025-06-09 09:25:25
NOTE-0000404,CL-0004425,2025-09-02 01:39:25,Adjuster_31,Investigation Update,Payment issued to claimant. Check number referenced in system. Closing file pending 30-day satisfaction period. No further action needed.,2026-04-12 17:34:25
NOTE-0000405,CL-0003641,2025-08-20 06:56:25,Adjuster_16,Payment Processing,Workers comp claim validated. Employee was performing regular duties when injury occurred. Employer confirms no safety violations. Approving benefits.,2025-10-15 10:49:25
NOTE-0000406,CL-0004752,2026-01-24 11:51:25,Adjuster_3,Payment Processing,Claim denied per policy exclusion for pre-existing damage. Evidence shows damage predates policy effective date. Denial letter sent to insured.,2025-11-02 06:36:25
NOTE-0000407,CL-0004738,2025-12-24 02:17:25,Adjuster_38,Payment Processing,Payment issued to claimant. Check number referenced in system. Closing file pending 30-day satisfaction period. No further action needed.,2025-12-01 05:19:25
NOTE-0000408,CL-0003772,2025-05-30 02:24:25,Adjuster_1,Investigation Update,Workers comp claim validated. Employee was performing regular duties when injury occurred. Employer confirms no safety violations. Approving benefits.,2025-06-04 03:55:25
NOTE-0000409,CL-0000820,2025-08-19 00:15:25,Adjuster_4,Claimant Communication,Contacted claimant via phone. They confirmed the timeline of events. No inconsistencies in their account. Proceeding with standard assessment.,2026-02-15 13:09:25
NOTE-0000410,CL-0004884,2025-09-28 18:01:25,Adjuster_26,Payment Processing,Subrogation potential identified. Third party clearly at fault per police report. Opening recovery file and notifying subrogation unit.,2025-11-16 23:28:25
NOTE-0000411,CL-0000883,2026-03-26 01:34:25,Adjuster_15,Initial Assessment,Workers comp claim validated. Employee was performing regular duties when injury occurred. Employer confirms no safety violations. Approving benefits.,2025-12-05 15:20:25
NOTE-0000412,CL-0000999,2025-12-24 14:47:25,Adjuster_19,Payment Processing,Claimant is frustrated with processing time. Escalated to supervisor. Need to expedite review and provide status update within 24 hours.,2025-07-02 17:57:25
NOTE-0000413,CL-0002389,2026-01-17 23:28:25,Adjuster_23,Initial Assessment,Payment issued to claimant. Check number referenced in system. Closing file pending 30-day satisfaction period. No further action needed.,2025-11-14 20:32:25
NOTE-0000414,CL-0002430,2026-02-02 12:49:25,Adjuster_28,Payment Processing,Payment issued to claimant. Check number referenced in system. Closing file pending 30-day satisfaction period. No further action needed.,2025-08-05 04:48:25
NOTE-0000415,CL-0004890,2025-10-18 12:38:25,Adjuster_36,Investigation Update,"Weather data confirms severe storm in area on date of loss. NOAA records show wind gusts exceeding 70mph. Claim is weather-related, approved.",2026-01-19 10:30:25
NOTE-0000416,CL-0003408,2026-03-05 12:25:25,Adjuster_4,Closure Summary,SUSPICIOUS: Timeline of events does not align with witness statements. Damage pattern inconsistent with reported cause. Referring to SIU for further investigation.,2026-05-03 01:04:25
NOTE-0000417,CL-0004876,2026-01-19 01:10:25,Adjuster_41,Investigation Update,Reviewed contractor estimate. Amount seems reasonable for scope of work. Approving payment minus deductible. Will notify policyholder.,2026-01-26 16:55:25
NOTE-0000418,CL-0000124,2026-01-01 19:19:25,Adjuster_11,Closure Summary,Payment issued to claimant. Check number referenced in system. Closing file pending 30-day satisfaction period. No further action needed.,2025-12-30 05:29:25
NOTE-0000419,CL-0002520,2025-06-15 22:34:25,Adjuster_45,Investigation Update,Claimant attorney has sent letter of representation. All future communication must go through counsel. Updating file restrictions.,2025-11-19 02:37:25
NOTE-0000420,CL-0001233,2025-07-08 11:24:25,Adjuster_15,Closure Summary,Multiple claims from same location within 6 months. Pattern suggests possible fraud. Flagging for SIU review before further processing.,2026-04-30 03:08:25
NOTE-0000421,CL-0003600,2026-01-04 08:24:25,Adjuster_39,Initial Assessment,Police report obtained. Details match claimant statement. No evidence of prior damage or fraud indicators. Proceeding with normal processing.,2026-01-26 05:24:25
NOTE-0000422,CL-0003398,2026-03-08 13:18:25,Adjuster_40,Claimant Communication,SUSPICIOUS: Timeline of events does not align with witness statements. Damage pattern inconsistent with reported cause. Referring to SIU for further investigation.,2025-12-15 11:05:25
NOTE-0000423,CL-0003842,2026-01-22 20:25:25,Adjuster_1,Investigation Update,Contacted claimant via phone. They confirmed the timeline of events. No inconsistencies in their account. Proceeding with standard assessment.,2025-10-12 18:16:25
NOTE-0000424,CL-0003383,2026-05-25 13:45:25,Adjuster_40,Investigation Update,Claim denied per policy exclusion for pre-existing damage. Evidence shows damage predates policy effective date. Denial letter sent to insured.,2026-01-20 23:48:25
NOTE-0000425,CL-0002550,2025-06-23 03:21:25,Adjuster_22,Initial Assessment,"Weather data confirms severe storm in area on date of loss. NOAA records show wind gusts exceeding 70mph. Claim is weather-related, approved.",2025-11-22 05:34:25
NOTE-0000426,CL-0000987,2025-12-02 14:08:25,Adjuster_46,Payment Processing,SUSPICIOUS: Timeline of events does not align with witness statements. Damage pattern inconsistent with reported cause. Referring to SIU for further investigation.,2025-11-22 20:15:25
NOTE-0000427,CL-0003987,2025-07-13 19:44:25,Adjuster_3,Claimant Communication,Multiple claims from same location within 6 months. Pattern suggests possible fraud. Flagging for SIU review before further processing.,2026-01-23 10:25:25
NOTE-0000428,CL-0003965,2025-08-22 19:29:25,Adjuster_49,Closure Summary,Subrogation potential identified. Third party clearly at fault per police report. Opening recovery file and notifying subrogation unit.,2026-04-30 09:23:25
NOTE-0000429,CL-0004984,2025-07-13 17:55:25,Adjuster_31,Payment Processing,Repair completed and final inspection passed. Work quality is satisfactory. Releasing final payment to contractor. File ready for closure.,2025-12-06 23:47:25
NOTE-0000430,CL-0002318,2025-10-26 05:19:25,Adjuster_23,Initial Assessment,"Weather data confirms severe storm in area on date of loss. NOAA records show wind gusts exceeding 70mph. Claim is weather-related, approved.",2025-05-25 17:23:25
NOTE-0000431,CL-0003263,2026-04-13 03:17:25,Adjuster_7,Claimant Communication,Workers comp claim validated. Employee was performing regular duties when injury occurred. Employer confirms no safety violations. Approving benefits.,2025-12-31 05:35:25
NOTE-0000432,CL-0001005,2026-01-07 00:04:25,Adjuster_27,Initial Assessment,Police report obtained. Details match claimant statement. No evidence of prior damage or fraud indicators. Proceeding with normal processing.,2025-08-01 11:10:25
NOTE-0000433,CL-0004062,2025-06-09 23:29:25,Adjuster_41,Investigation Update,Payment issued to claimant. Check number referenced in system. Closing file pending 30-day satisfaction period. No further action needed.,2025-07-09 21:44:25
NOTE-0000434,CL-0002527,2025-11-26 19:32:25,Adjuster_45,Payment Processing,Claim denied per policy exclusion for pre-existing damage. Evidence shows damage predates policy effective date. Denial letter sent to insured.,2025-07-13 18:21:25
NOTE-0000435,CL-0002850,2025-07-09 18:06:25,Adjuster_48,Initial Assessment,"Weather data confirms severe storm in area on date of loss. NOAA records show wind gusts exceeding 70mph. Claim is weather-related, approved.",2026-04-03 22:44:25
NOTE-0000436,CL-0000968,2026-05-05 00:30:25,Adjuster_24,Investigation Update,Multiple claims from same location within 6 months. Pattern suggests possible fraud. Flagging for SIU review before further processing.,2025-06-27 10:50:25
NOTE-0000437,CL-0001298,2025-12-04 08:59:25,Adjuster_28,Claimant Communication,Contacted claimant via phone. They confirmed the timeline of events. No inconsistencies in their account. Proceeding with standard assessment.,2025-11-21 07:47:25
NOTE-0000438,CL-0002532,2025-08-08 17:47:25,Adjuster_13,Payment Processing,Claim denied per policy exclusion for pre-existing damage. Evidence shows damage predates policy effective date. Denial letter sent to insured.,2025-09-20 15:07:25
NOTE-0000439,CL-0004786,2025-07-05 15:22:25,Adjuster_9,Initial Assessment,Contacted claimant via phone. They confirmed the timeline of events. No inconsistencies in their account. Proceeding with standard assessment.,2026-01-12 22:03:25
NOTE-0000440,CL-0004365,2026-01-23 15:45:25,Adjuster_5,Claimant Communication,Repair completed and final inspection passed. Work quality is satisfactory. Releasing final payment to contractor. File ready for closure.,2025-07-08 23:51:25
NOTE-0000441,CL-0001156,2025-07-21 17:32:25,Adjuster_17,Initial Assessment,Subrogation potential identified. Third party clearly at fault per police report. Opening recovery file and notifying subrogation unit.,2025-08-23 22:53:25
NOTE-0000442,CL-0003581,2025-06-04 04:55:25,Adjuster_6,Payment Processing,Payment issued to claimant. Check number referenced in system. Closing file pending 30-day satisfaction period. No further action needed.,2026-01-17 12:56:25
NOTE-0000443,CL-0004634,2025-07-24 06:51:25,Adjuster_41,Closure Summary,SUSPICIOUS: Timeline of events does not align with witness statements. Damage pattern inconsistent with reported cause. Referring to SIU for further investigation.,2026-02-18 17:18:25
NOTE-0000444,CL-0002366,2026-02-12 18:24:25,Adjuster_23,Investigation Update,Claimant is frustrated with processing time. Escalated to supervisor. Need to expedite review and provide status update within 24 hours.,2025-08-23 05:43:25
NOTE-0000445,CL-0003240,2025-07-21 04:23:25,Adjuster_5,Claimant Communication,Medical records received from treating physician. Injuries consistent with described accident. IME may not be necessary for this severity level.,2025-07-27 04:40:25
NOTE-0000446,CL-0003363,2026-05-17 15:26:25,Adjuster_47,Investigation Update,Repair completed and final inspection passed. Work quality is satisfactory. Releasing final payment to contractor. File ready for closure.,2025-09-29 02:29:25
NOTE-0000447,CL-0003873,2026-03-28 11:52:25,Adjuster_22,Claimant Communication,Reviewed contractor estimate. Amount seems reasonable for scope of work. Approving payment minus deductible. Will notify policyholder.,2026-04-09 08:57:25
NOTE-0000448,CL-0000822,2026-04-05 17:00:25,Adjuster_26,Payment Processing,Medical records received from treating physician. Injuries consistent with described accident. IME may not be necessary for this severity level.,2026-01-21 11:13:25
NOTE-0000449,CL-0003870,2025-07-01 20:04:25,Adjuster_49,Payment Processing,Claim denied per policy exclusion for pre-existing damage. Evidence shows damage predates policy effective date. Denial letter sent to insured.,2025-11-24 21:30:25
NOTE-0000450,CL-0004280,2026-02-17 14:09:25,Adjuster_7,Closure Summary,Contacted claimant via phone. They confirmed the timeline of events. No inconsistencies in their account. Proceeding with standard assessment.,2025-10-20 14:05:25
NOTE-0000451,CL-0000176,2025-10-23 04:32:25,Adjuster_22,Investigation Update,Medical records received from treating physician. Injuries consistent with described accident. IME may not be necessary for this severity level.,2026-03-04 05:14:25
NOTE-0000452,CL-0004714,2025-12-25 00:59:25,Adjuster_10,Initial Assessment,Contacted claimant via phone. They confirmed the timeline of events. No inconsistencies in their account. Proceeding with standard assessment.,2025-08-01 15:49:25
NOTE-0000453,CL-0000851,2025-07-06 09:04:25,Adjuster_15,Claimant Communication,Payment issued to claimant. Check number referenced in system. Closing file pending 30-day satisfaction period. No further action needed.,2026-05-12 00:48:25
NOTE-0000454,CL-0002038,2026-02-21 07:09:25,Adjuster_42,Payment Processing,Contacted claimant via phone. They confirmed the timeline of events. No inconsistencies in their account. Proceeding with standard assessment.,2026-03-27 15:45:25
NOTE-0000455,CL-0004959,2026-01-23 07:36:25,Adjuster_29,Initial Assessment,Subrogation potential identified. Third party clearly at fault per police report. Opening recovery file and notifying subrogation unit.,2026-04-01 03:40:25
NOTE-0000456,CL-0000284,2026-03-17 02:11:25,Adjuster_5,Investigation Update,SUSPICIOUS: Timeline of events does not align with witness statements. Damage pattern inconsistent with reported cause. Referring to SIU for further investigation.,2025-08-23 17:45:25
NOTE-0000457,CL-0002806,2026-05-23 05:18:25,Adjuster_48,Payment Processing,Payment issued to claimant. Check number referenced in system. Closing file pending 30-day satisfaction period. No further action needed.,2026-03-22 07:15:25
NOTE-0000458,CL-0002998,2025-11-12 04:22:25,Adjuster_19,Payment Processing,Multiple claims from same location within 6 months. Pattern suggests possible fraud. Flagging for SIU review before further processing.,2026-01-26 03:26:25
NOTE-0000459,CL-0000470,2025-06-04 12:23:25,Adjuster_23,Initial Assessment,Subrogation potential identified. Third party clearly at fault per police report. Opening recovery file and notifying subrogation unit.,2025-11-04 01:51:25
NOTE-0000460,CL-0002218,2025-11-30 16:30:25,Adjuster_5,Payment Processing,SUSPICIOUS: Timeline of events does not align with witness statements. Damage pattern inconsistent with reported cause. Referring to SIU for further investigation.,2025-08-10 12:16:25
NOTE-0000461,CL-0002167,2025-07-26 12:36:25,Adjuster_20,Claimant Communication,Police report obtained. Details match claimant statement. No evidence of prior damage or fraud indicators. Proceeding with normal processing.,2025-07-03 02:00:25
NOTE-0000462,CL-0001332,2025-07-03 21:00:25,Adjuster_27,Claimant Communication,Claim denied per policy exclusion for pre-existing damage. Evidence shows damage predates policy effective date. Denial letter sent to insured.,2026-01-15 04:17:25
NOTE-0000463,CL-0000844,2025-07-29 06:19:25,Adjuster_40,Closure Summary,Repair completed and final inspection passed. Work quality is satisfactory. Releasing final payment to contractor. File ready for closure.,2025-09-29 11:49:25
NOTE-0000464,CL-0000906,2026-05-08 09:35:25,Adjuster_38,Claimant Communication,Workers comp claim validated. Employee was performing regular duties when injury occurred. Employer confirms no safety violations. Approving benefits.,2026-03-02 20:16:25
NOTE-0000465,CL-0004523,2025-08-17 20:41:25,Adjuster_7,Payment Processing,Repair completed and final inspection passed. Work quality is satisfactory. Releasing final payment to contractor. File ready for closure.,2025-11-23 18:11:25
NOTE-0000466,CL-0003176,2026-04-20 09:04:25,Adjuster_37,Claimant Communication,Claimant is frustrated with processing time. Escalated to supervisor. Need to expedite review and provide status update within 24 hours.,2025-06-06 19:51:25
NOTE-0000467,CL-0002626,2025-09-23 00:14:25,Adjuster_39,Initial Assessment,SUSPICIOUS: Timeline of events does not align with witness statements. Damage pattern inconsistent with reported cause. Referring to SIU for further investigation.,2026-02-15 22:24:25
NOTE-0000468,CL-0001421,2026-02-08 18:45:25,Adjuster_44,Payment Processing,Workers comp claim validated. Employee was performing regular duties when injury occurred. Employer confirms no safety violations. Approving benefits.,2025-10-09 16:30:25
NOTE-0000469,CL-0002944,2025-07-14 10:24:25,Adjuster_15,Investigation Update,"Weather data confirms severe storm in area on date of loss. NOAA records show wind gusts exceeding 70mph. Claim is weather-related, approved.",2025-10-24 14:45:25
NOTE-0000470,CL-0003478,2026-04-15 16:23:25,Adjuster_43,Investigation Update,Claimant attorney has sent letter of representation. All future communication must go through counsel. Updating file restrictions.,2026-02-06 04:10:25
NOTE-0000471,CL-0004017,2025-11-11 07:12:25,Adjuster_13,Payment Processing,Payment issued to claimant. Check number referenced in system. Closing file pending 30-day satisfaction period. No further action needed.,2025-07-02 03:06:25
NOTE-0000472,CL-0002579,2025-08-29 13:02:25,Adjuster_27,Payment Processing,Site inspection completed. Damage is consistent with reported cause of loss. Photos uploaded to file. Recommend approval for repair estimate.,2025-06-04 04:49:25
NOTE-0000473,CL-0002254,2026-01-02 19:28:25,Adjuster_23,Initial Assessment,Claim denied per policy exclusion for pre-existing damage. Evidence shows damage predates policy effective date. Denial letter sent to insured.,2025-07-14 07:02:25
NOTE-0000474,CL-0000041,2025-07-11 09:33:25,Adjuster_5,Initial Assessment,Police report obtained. Details match claimant statement. No evidence of prior damage or fraud indicators. Proceeding with normal processing.,2026-05-06 03:27:25
NOTE-0000475,CL-0002037,2025-10-29 11:00:25,Adjuster_25,Payment Processing,SUSPICIOUS: Timeline of events does not align with witness statements. Damage pattern inconsistent with reported cause. Referring to SIU for further investigation.,2025-10-13 04:55:25
NOTE-0000476,CL-0001467,2025-05-27 14:30:25,Adjuster_19,Claimant Communication,Payment issued to claimant. Check number referenced in system. Closing file pending 30-day satisfaction period. No further action needed.,2025-10-17 23:48:25
NOTE-0000477,CL-0001548,2026-03-04 00:59:25,Adjuster_33,Investigation Update,Medical records received from treating physician. Injuries consistent with described accident. IME may not be necessary for this severity level.,2026-04-09 22:46:25
NOTE-0000478,CL-0004932,2025-06-04 09:43:25,Adjuster_41,Closure Summary,Claimant is frustrated with processing time. Escalated to supervisor. Need to expedite review and provide status update within 24 hours.,2025-12-26 12:27:25
NOTE-0000479,CL-0001322,2025-10-07 07:46:25,Adjuster_19,Claimant Communication,Contacted claimant via phone. They confirmed the timeline of events. No inconsistencies in their account. Proceeding with standard assessment.,2026-01-05 14:01:25
NOTE-0000480,CL-0002683,2026-01-24 10:27:25,Adjuster_42,Closure Summary,SUSPICIOUS: Timeline of events does not align with witness statements. Damage pattern inconsistent with reported cause. Referring to SIU for further investigation.,2025-11-28 13:15:25
NOTE-0000481,CL-0004960,2025-12-05 10:17:25,Adjuster_29,Initial Assessment,Medical records received from treating physician. Injuries consistent with described accident. IME may not be necessary for this severity level.,2026-05-09 02:34:25
NOTE-0000482,CL-0004902,2025-07-15 23:27:25,Adjuster_13,Initial Assessment,Repair completed and final inspection passed. Work quality is satisfactory. Releasing final payment to contractor. File ready for closure.,2025-09-04 21:48:25
NOTE-0000483,CL-0001267,2025-12-20 20:38:25,Adjuster_1,Claimant Communication,Multiple claims from same location within 6 months. Pattern suggests possible fraud. Flagging for SIU review before further processing.,2026-05-12 09:10:25
NOTE-0000484,CL-0000001,2025-07-04 09:55:25,Adjuster_49,Initial Assessment,Multiple claims from same location within 6 months. Pattern suggests possible fraud. Flagging for SIU review before further processing.,2025-12-30 15:12:25
NOTE-0000485,CL-0001730,2025-09-19 16:52:25,Adjuster_39,Investigation Update,Medical records received from treating physician. Injuries consistent with described accident. IME may not be necessary for this severity level.,2025-12-01 20:46:25
NOTE-0000486,CL-0001750,2026-02-18 07:22:25,Adjuster_44,Claimant Communication,Reviewed contractor estimate. Amount seems reasonable for scope of work. Approving payment minus deductible. Will notify policyholder.,2025-11-27 13:01:25
NOTE-0000487,CL-0002465,2026-05-24 06:55:25,Adjuster_22,Payment Processing,Claim denied per policy exclusion for pre-existing damage. Evidence shows damage predates policy effective date. Denial letter sent to insured.,2025-09-27 04:05:25
NOTE-0000488,CL-0003975,2026-03-13 22:25:25,Adjuster_34,Closure Summary,Repair completed and final inspection passed. Work quality is satisfactory. Releasing final payment to contractor. File ready for closure.,2026-02-10 12:39:25
NOTE-0000489,CL-0003972,2026-01-13 06:39:25,Adjuster_44,Closure Summary,Police report obtained. Details match claimant statement. No evidence of prior damage or fraud indicators. Proceeding with normal processing.,2025-06-07 05:38:25
NOTE-0000490,CL-0002290,2025-11-02 21:51:25,Adjuster_40,Initial Assessment,Payment issued to claimant. Check number referenced in system. Closing file pending 30-day satisfaction period. No further action needed.,2026-04-16 20:52:25
NOTE-0000491,CL-0000638,2026-04-13 21:27:25,Adjuster_2,Investigation Update,Medical records received from treating physician. Injuries consistent with described accident. IME may not be necessary for this severity level.,2026-03-06 21:27:25
NOTE-0000492,CL-0002113,2025-10-04 20:56:25,Adjuster_49,Initial Assessment,Reviewed contractor estimate. Amount seems reasonable for scope of work. Approving payment minus deductible. Will notify policyholder.,2025-06-27 22:47:25
NOTE-0000493,CL-0001812,2026-04-21 16:49:25,Adjuster_2,Claimant Communication,Contacted claimant via phone. They confirmed the timeline of events. No inconsistencies in their account. Proceeding with standard assessment.,2025-11-30 12:37:25
NOTE-0000494,CL-0004931,2026-03-16 22:22:25,Adjuster_44,Payment Processing,Workers comp claim validated. Employee was performing regular duties when injury occurred. Employer confirms no safety violations. Approving benefits.,2025-10-12 12:44:25
NOTE-0000495,CL-0003531,2026-02-16 14:31:25,Adjuster_39,Payment Processing,Multiple claims from same location within 6 months. Pattern suggests possible fraud. Flagging for SIU review before further processing.,2025-11-06 20:28:25
NOTE-0000496,CL-0004417,2026-05-22 07:02:25,Adjuster_17,Claimant Communication,"Weather data confirms severe storm in area on date of loss. NOAA records show wind gusts exceeding 70mph. Claim is weather-related, approved.",2025-12-19 10:21:25
NOTE-0000497,CL-0001608,2025-09-10 13:44:25,Adjuster_41,Payment Processing,Police report obtained. Details match claimant statement. No evidence of prior damage or fraud indicators. Proceeding with normal processing.,2025-07-06 15:40:25
NOTE-0000498,CL-0002304,2026-02-20 17:15:25,Adjuster_28,Payment Processing,Payment issued to claimant. Check number referenced in system. Closing file pending 30-day satisfaction period. No further action needed.,2026-04-13 14:50:25
NOTE-0000499,CL-0001489,2026-01-07 16:15:25,Adjuster_38,Initial Assessment,Reviewed contractor estimate. Amount seems reasonable for scope of work. Approving payment minus deductible. Will notify policyholder.,2025-12-12 04:07:25
NOTE-0000500,CL-0001808,2026-05-18 09:29:25,Adjuster_26,Initial Assessment,Claim denied per policy exclusion for pre-existing damage. Evidence shows damage predates policy effective date. Denial letter sent to insured.,2025-08-14 16:17:25
NOTE-0000501,CL-0004244,2025-08-09 19:41:25,Adjuster_41,Payment Processing,Claimant is frustrated with processing time. Escalated to supervisor. Need to expedite review and provide status update within 24 hours.,2026-05-26 03:37:25
NOTE-0000502,CL-0000017,2025-10-03 09:11:25,Adjuster_44,Closure Summary,Repair completed and final inspection passed. Work quality is satisfactory. Releasing final payment to contractor. File ready for closure.,2025-07-09 18:56:25
NOTE-0000503,CL-0000645,2026-03-15 18:22:25,Adjuster_4,Payment Processing,Multiple claims from same location within 6 months. Pattern suggests possible fraud. Flagging for SIU review before further processing.,2025-10-12 10:43:25
NOTE-0000504,CL-0004101,2026-01-04 15:29:25,Adjuster_49,Claimant Communication,Police report obtained. Details match claimant statement. No evidence of prior damage or fraud indicators. Proceeding with normal processing.,2025-08-04 01:48:25
NOTE-0000505,CL-0003923,2026-01-17 12:39:25,Adjuster_40,Claimant Communication,Payment issued to claimant. Check number referenced in system. Closing file pending 30-day satisfaction period. No further action needed.,2025-11-05 09:36:25
NOTE-0000506,CL-0000562,2025-08-17 09:17:25,Adjuster_8,Initial Assessment,Contacted claimant via phone. They confirmed the timeline of events. No inconsistencies in their account. Proceeding with standard assessment.,2025-09-27 01:06:25
NOTE-0000507,CL-0003647,2026-05-22 13:07:25,Adjuster_37,Initial Assessment,Repair completed and final inspection passed. Work quality is satisfactory. Releasing final payment to contractor. File ready for closure.,2026-04-27 03:39:25
NOTE-0000508,CL-0000953,2025-10-27 19:15:25,Adjuster_26,Investigation Update,Police report obtained. Details match claimant statement. No evidence of prior damage or fraud indicators. Proceeding with normal processing.,2025-09-25 08:43:25
NOTE-0000509,CL-0002654,2025-11-05 05:44:25,Adjuster_9,Payment Processing,Reviewed contractor estimate. Amount seems reasonable for scope of work. Approving payment minus deductible. Will notify policyholder.,2025-06-16 15:57:25
NOTE-0000510,CL-0001747,2025-09-28 01:49:25,Adjuster_13,Payment Processing,Medical records received from treating physician. Injuries consistent with described accident. IME may not be necessary for this severity level.,2025-07-31 22:47:25
NOTE-0000511,CL-0001946,2025-06-08 20:39:25,Adjuster_31,Claimant Communication,Site inspection completed. Damage is consistent with reported cause of loss. Photos uploaded to file. Recommend approval for repair estimate.,2026-01-01 00:47:25
NOTE-0000512,CL-0002279,2026-02-20 09:17:25,Adjuster_10,Claimant Communication,Claim denied per policy exclusion for pre-existing damage. Evidence shows damage predates policy effective date. Denial letter sent to insured.,2026-02-05 16:39:25
NOTE-0000513,CL-0003136,2026-05-24 15:34:25,Adjuster_4,Payment Processing,Site inspection completed. Damage is consistent with reported cause of loss. Photos uploaded to file. Recommend approval for repair estimate.,2026-02-20 16:05:25
NOTE-0000514,CL-0001650,2025-06-08 01:13:25,Adjuster_23,Investigation Update,SUSPICIOUS: Timeline of events does not align with witness statements. Damage pattern inconsistent with reported cause. Referring to SIU for further investigation.,2026-03-11 11:41:25
NOTE-0000515,CL-0004468,2025-10-17 06:45:25,Adjuster_26,Closure Summary,Workers comp claim validated. Employee was performing regular duties when injury occurred. Employer confirms no safety violations. Approving benefits.,2026-05-18 07:22:25
NOTE-0000516,CL-0002902,2026-03-02 00:07:25,Adjuster_30,Claimant Communication,Police report obtained. Details match claimant statement. No evidence of prior damage or fraud indicators. Proceeding with normal processing.,2025-06-02 02:22:25
NOTE-0000517,CL-0001395,2025-09-21 06:27:25,Adjuster_22,Investigation Update,Claimant attorney has sent letter of representation. All future communication must go through counsel. Updating file restrictions.,2025-11-30 00:37:25
NOTE-0000518,CL-0001419,2025-09-25 08:25:25,Adjuster_8,Payment Processing,Claimant is frustrated with processing time. Escalated to supervisor. Need to expedite review and provide status update within 24 hours.,2025-10-08 23:05:25
NOTE-0000519,CL-0001337,2025-10-19 04:46:25,Adjuster_9,Claimant Communication,Medical records received from treating physician. Injuries consistent with described accident. IME may not be necessary for this severity level.,2026-02-08 10:16:25
NOTE-0000520,CL-0000834,2026-01-14 13:37:25,Adjuster_10,Payment Processing,Workers comp claim validated. Employee was performing regular duties when injury occurred. Employer confirms no safety violations. Approving benefits.,2025-11-02 17:47:25
NOTE-0000521,CL-0001610,2026-02-26 23:51:25,Adjuster_32,Payment Processing,Multiple claims from same location within 6 months. Pattern suggests possible fraud. Flagging for SIU review before further processing.,2025-11-21 01:49:25
NOTE-0000522,CL-0003035,2025-08-14 11:18:25,Adjuster_3,Closure Summary,Contacted claimant via phone. They confirmed the timeline of events. No inconsistencies in their account. Proceeding with standard assessment.,2026-05-02 20:57:25
NOTE-0000523,CL-0000675,2025-11-16 03:54:25,Adjuster_9,Initial Assessment,Multiple claims from same location within 6 months. Pattern suggests possible fraud. Flagging for SIU review before further processing.,2026-03-28 20:15:25
NOTE-0000524,CL-0004546,2025-10-26 09:00:25,Adjuster_21,Investigation Update,Contacted claimant via phone. They confirmed the timeline of events. No inconsistencies in their account. Proceeding with standard assessment.,2025-06-14 03:17:25
NOTE-0000525,CL-0004751,2025-09-29 13:22:25,Adjuster_44,Initial Assessment,Reviewed contractor estimate. Amount seems reasonable for scope of work. Approving payment minus deductible. Will notify policyholder.,2025-06-12 07:22:25
NOTE-0000526,CL-0004460,2025-08-13 07:08:25,Adjuster_38,Payment Processing,Claim denied per policy exclusion for pre-existing damage. Evidence shows damage predates policy effective date. Denial letter sent to insured.,2025-12-27 16:58:25
NOTE-0000527,CL-0004304,2026-04-29 10:02:25,Adjuster_12,Claimant Communication,Contacted claimant via phone. They confirmed the timeline of events. No inconsistencies in their account. Proceeding with standard assessment.,2025-11-12 00:46:25
NOTE-0000528,CL-0002830,2026-05-03 08:45:25,Adjuster_26,Investigation Update,Medical records received from treating physician. Injuries consistent with described accident. IME may not be necessary for this severity level.,2025-11-23 23:02:25
NOTE-0000529,CL-0004274,2025-06-17 12:55:25,Adjuster_5,Closure Summary,Contacted claimant via phone. They confirmed the timeline of events. No inconsistencies in their account. Proceeding with standard assessment.,2026-02-12 07:21:25
NOTE-0000530,CL-0004166,2026-02-09 01:22:25,Adjuster_48,Initial Assessment,"Weather data confirms severe storm in area on date of loss. NOAA records show wind gusts exceeding 70mph. Claim is weather-related, approved.",2025-09-17 08:04:25
NOTE-0000531,CL-0003232,2025-10-30 22:43:25,Adjuster_6,Initial Assessment,Contacted claimant via phone. They confirmed the timeline of events. No inconsistencies in their account. Proceeding with standard assessment.,2026-01-17 08:26:25
NOTE-0000532,CL-0002418,2026-04-07 11:30:25,Adjuster_19,Investigation Update,Police report obtained. Details match claimant statement. No evidence of prior damage or fraud indicators. Proceeding with normal processing.,2026-01-12 06:46:25
NOTE-0000533,CL-0000719,2025-11-07 07:24:25,Adjuster_10,Claimant Communication,Site inspection completed. Damage is consistent with reported cause of loss. Photos uploaded to file. Recommend approval for repair estimate.,2025-12-22 22:05:25
NOTE-0000534,CL-0002959,2025-07-24 16:28:25,Adjuster_43,Investigation Update,Medical records received from treating physician. Injuries consistent with described accident. IME may not be necessary for this severity level.,2025-11-08 09:04:25
NOTE-0000535,CL-0003992,2026-03-05 03:24:25,Adjuster_41,Initial Assessment,Contacted claimant via phone. They confirmed the timeline of events. No inconsistencies in their account. Proceeding with standard assessment.,2025-08-20 01:19:25
NOTE-0000536,CL-0004770,2025-12-10 04:39:25,Adjuster_40,Payment Processing,Site inspection completed. Damage is consistent with reported cause of loss. Photos uploaded to file. Recommend approval for repair estimate.,2026-04-09 23:37:25
NOTE-0000537,CL-0001240,2025-06-25 17:10:25,Adjuster_2,Initial Assessment,Police report obtained. Details match claimant statement. No evidence of prior damage or fraud indicators. Proceeding with normal processing.,2026-04-01 00:11:25
NOTE-0000538,CL-0003326,2025-08-10 10:24:25,Adjuster_49,Payment Processing,Reviewed contractor estimate. Amount seems reasonable for scope of work. Approving payment minus deductible. Will notify policyholder.,2026-02-14 19:53:25
NOTE-0000539,CL-0004703,2025-10-31 22:32:25,Adjuster_41,Payment Processing,Subrogation potential identified. Third party clearly at fault per police report. Opening recovery file and notifying subrogation unit.,2025-10-01 02:15:25
NOTE-0000540,CL-0004921,2026-01-03 06:36:25,Adjuster_27,Claimant Communication,Claim denied per policy exclusion for pre-existing damage. Evidence shows damage predates policy effective date. Denial letter sent to insured.,2025-11-05 10:17:25
NOTE-0000541,CL-0002676,2025-12-24 07:43:25,Adjuster_50,Investigation Update,Subrogation potential identified. Third party clearly at fault per police report. Opening recovery file and notifying subrogation unit.,2025-12-08 02:04:25
NOTE-0000542,CL-0003357,2026-04-04 20:57:25,Adjuster_29,Claimant Communication,Claim denied per policy exclusion for pre-existing damage. Evidence shows damage predates policy effective date. Denial letter sent to insured.,2025-12-20 03:08:25
NOTE-0000543,CL-0000734,2025-07-24 15:58:25,Adjuster_30,Payment Processing,Claimant attorney has sent letter of representation. All future communication must go through counsel. Updating file restrictions.,2026-04-18 13:39:25
NOTE-0000544,CL-0004024,2025-06-24 05:23:25,Adjuster_3,Closure Summary,Police report obtained. Details match claimant statement. No evidence of prior damage or fraud indicators. Proceeding with normal processing.,2026-03-14 17:55:25
NOTE-0000545,CL-0001094,2025-06-23 22:14:25,Adjuster_37,Closure Summary,Police report obtained. Details match claimant statement. No evidence of prior damage or fraud indicators. Proceeding with normal processing.,2025-12-07 15:32:25
NOTE-0000546,CL-0002620,2026-02-25 07:37:25,Adjuster_35,Closure Summary,Multiple claims from same location within 6 months. Pattern suggests possible fraud. Flagging for SIU review before further processing.,2025-10-15 16:42:25
NOTE-0000547,CL-0000580,2025-07-30 20:23:25,Adjuster_16,Payment Processing,Payment issued to claimant. Check number referenced in system. Closing file pending 30-day satisfaction period. No further action needed.,2025-10-02 03:48:25
NOTE-0000548,CL-0004808,2025-12-24 11:41:25,Adjuster_6,Closure Summary,Payment issued to claimant. Check number referenced in system. Closing file pending 30-day satisfaction period. No further action needed.,2025-09-06 23:28:25
NOTE-0000549,CL-0001321,2025-11-27 05:35:25,Adjuster_43,Closure Summary,Claimant is frustrated with processing time. Escalated to supervisor. Need to expedite review and provide status update within 24 hours.,2025-07-13 01:42:25
NOTE-0000550,CL-0000934,2025-10-01 22:48:25,Adjuster_3,Payment Processing,Repair completed and final inspection passed. Work quality is satisfactory. Releasing final payment to contractor. File ready for closure.,2026-02-14 05:49:25
NOTE-0000551,CL-0001055,2025-07-06 21:33:25,Adjuster_16,Closure Summary,SUSPICIOUS: Timeline of events does not align with witness statements. Damage pattern inconsistent with reported cause. Referring to SIU for further investigation.,2025-11-18 17:19:25
NOTE-0000552,CL-0001311,2026-05-07 23:11:25,Adjuster_43,Closure Summary,Claim denied per policy exclusion for pre-existing damage. Evidence shows damage predates policy effective date. Denial letter sent to insured.,2025-11-15 17:35:25
NOTE-0000553,CL-0004141,2025-08-26 18:04:25,Adjuster_45,Claimant Communication,Multiple claims from same location within 6 months. Pattern suggests possible fraud. Flagging for SIU review before further processing.,2026-05-26 01:55:25
NOTE-0000554,CL-0004624,2025-05-30 12:55:25,Adjuster_14,Payment Processing,Claim denied per policy exclusion for pre-existing damage. Evidence shows damage predates policy effective date. Denial letter sent to insured.,2025-12-12 16:27:25
NOTE-0000555,CL-0001900,2026-02-02 18:11:25,Adjuster_8,Payment Processing,Police report obtained. Details match claimant statement. No evidence of prior damage or fraud indicators. Proceeding with normal processing.,2025-09-28 07:37:25
NOTE-0000556,CL-0001828,2026-05-11 14:40:25,Adjuster_28,Investigation Update,Contacted claimant via phone. They confirmed the timeline of events. No inconsistencies in their account. Proceeding with standard assessment.,2025-09-26 08:05:25
NOTE-0000557,CL-0003399,2025-08-14 22:57:25,Adjuster_49,Claimant Communication,Contacted claimant via phone. They confirmed the timeline of events. No inconsistencies in their account. Proceeding with standard assessment.,2025-06-27 21:24:25
NOTE-0000558,CL-0000558,2026-02-23 06:30:25,Adjuster_29,Investigation Update,Multiple claims from same location within 6 months. Pattern suggests possible fraud. Flagging for SIU review before further processing.,2025-10-06 08:57:25
NOTE-0000559,CL-0000815,2026-01-10 11:14:25,Adjuster_19,Closure Summary,SUSPICIOUS: Timeline of events does not align with witness statements. Damage pattern inconsistent with reported cause. Referring to SIU for further investigation.,2026-05-09 05:49:25
NOTE-0000560,CL-0002019,2025-12-11 21:20:25,Adjuster_32,Investigation Update,Multiple claims from same location within 6 months. Pattern suggests possible fraud. Flagging for SIU review before further processing.,2025-08-16 14:24:25
NOTE-0000561,CL-0000911,2025-08-30 04:32:25,Adjuster_43,Claimant Communication,Reviewed contractor estimate. Amount seems reasonable for scope of work. Approving payment minus deductible. Will notify policyholder.,2025-09-14 10:39:25
NOTE-0000562,CL-0000943,2025-07-02 00:47:25,Adjuster_46,Payment Processing,Medical records received from treating physician. Injuries consistent with described accident. IME may not be necessary for this severity level.,2025-08-20 10:55:25
NOTE-0000563,CL-0001326,2026-04-18 11:11:25,Adjuster_40,Payment Processing,Reviewed contractor estimate. Amount seems reasonable for scope of work. Approving payment minus deductible. Will notify policyholder.,2026-02-22 09:03:25
NOTE-0000564,CL-0000552,2026-03-31 05:45:25,Adjuster_44,Closure Summary,Police report obtained. Details match claimant statement. No evidence of prior damage or fraud indicators. Proceeding with normal processing.,2026-03-28 05:08:25
NOTE-0000565,CL-0002825,2025-11-05 23:29:25,Adjuster_20,Closure Summary,Subrogation potential identified. Third party clearly at fault per police report. Opening recovery file and notifying subrogation unit.,2025-06-19 10:59:25
NOTE-0000566,CL-0003598,2025-11-11 03:34:25,Adjuster_40,Investigation Update,Multiple claims from same location within 6 months. Pattern suggests possible fraud. Flagging for SIU review before further processing.,2026-04-27 15:10:25
NOTE-0000567,CL-0001837,2026-01-04 02:20:25,Adjuster_31,Claimant Communication,Police report obtained. Details match claimant statement. No evidence of prior damage or fraud indicators. Proceeding with normal processing.,2026-03-16 23:38:25
NOTE-0000568,CL-0001028,2026-01-21 16:55:25,Adjuster_35,Closure Summary,Site inspection completed. Damage is consistent with reported cause of loss. Photos uploaded to file. Recommend approval for repair estimate.,2025-08-13 11:00:25
NOTE-0000569,CL-0001132,2025-10-31 22:11:25,Adjuster_28,Investigation Update,Subrogation potential identified. Third party clearly at fault per police report. Opening recovery file and notifying subrogation unit.,2025-08-24 13:04:25
NOTE-0000570,CL-0000897,2025-07-02 23:33:25,Adjuster_14,Initial Assessment,Claim denied per policy exclusion for pre-existing damage. Evidence shows damage predates policy effective date. Denial letter sent to insured.,2026-01-19 18:09:25
NOTE-0000571,CL-0002081,2025-10-05 16:31:25,Adjuster_30,Initial Assessment,SUSPICIOUS: Timeline of events does not align with witness statements. Damage pattern inconsistent with reported cause. Referring to SIU for further investigation.,2025-07-31 13:48:25
NOTE-0000572,CL-0001619,2025-07-06 07:11:25,Adjuster_6,Payment Processing,"Weather data confirms severe storm in area on date of loss. NOAA records show wind gusts exceeding 70mph. Claim is weather-related, approved.",2025-06-22 08:55:25
NOTE-0000573,CL-0003584,2026-05-23 07:20:25,Adjuster_8,Claimant Communication,"Weather data confirms severe storm in area on date of loss. NOAA records show wind gusts exceeding 70mph. Claim is weather-related, approved.",2026-05-09 11:10:25
NOTE-0000574,CL-0001862,2026-02-13 01:36:25,Adjuster_41,Claimant Communication,Subrogation potential identified. Third party clearly at fault per police report. Opening recovery file and notifying subrogation unit.,2025-11-24 09:36:25
NOTE-0000575,CL-0001748,2025-11-29 20:07:25,Adjuster_20,Closure Summary,Reviewed contractor estimate. Amount seems reasonable for scope of work. Approving payment minus deductible. Will notify policyholder.,2025-06-19 16:46:25
NOTE-0000576,CL-0002272,2025-10-14 00:17:25,Adjuster_30,Investigation Update,Claimant is frustrated with processing time. Escalated to supervisor. Need to expedite review and provide status update within 24 hours.,2025-06-27 03:42:25
NOTE-0000577,CL-0003586,2025-07-23 00:15:25,Adjuster_40,Claimant Communication,Claimant attorney has sent letter of representation. All future communication must go through counsel. Updating file restrictions.,2025-07-24 18:25:25
NOTE-0000578,CL-0002320,2025-07-03 01:09:25,Adjuster_46,Closure Summary,Payment issued to claimant. Check number referenced in system. Closing file pending 30-day satisfaction period. No further action needed.,2026-03-16 00:02:25
NOTE-0000579,CL-0002479,2025-06-27 09:48:25,Adjuster_41,Claimant Communication,Reviewed contractor estimate. Amount seems reasonable for scope of work. Approving payment minus deductible. Will notify policyholder.,2025-09-27 00:17:25
NOTE-0000580,CL-0003657,2026-02-11 07:01:25,Adjuster_50,Investigation Update,Multiple claims from same location within 6 months. Pattern suggests possible fraud. Flagging for SIU review before further processing.,2026-02-11 21:05:25
NOTE-0000581,CL-0004534,2025-08-12 10:56:25,Adjuster_48,Payment Processing,SUSPICIOUS: Timeline of events does not align with witness statements. Damage pattern inconsistent with reported cause. Referring to SIU for further investigation.,2026-05-18 12:36:25
NOTE-0000582,CL-0001522,2026-02-26 13:50:25,Adjuster_38,Payment Processing,Medical records received from treating physician. Injuries consistent with described accident. IME may not be necessary for this severity level.,2025-08-22 01:36:25
NOTE-0000583,CL-0004637,2025-07-30 16:28:25,Adjuster_36,Claimant Communication,Repair completed and final inspection passed. Work quality is satisfactory. Releasing final payment to contractor. File ready for closure.,2026-05-12 19:11:25
NOTE-0000584,CL-0002161,2025-11-15 11:04:25,Adjuster_48,Claimant Communication,Subrogation potential identified. Third party clearly at fault per police report. Opening recovery file and notifying subrogation unit.,2026-03-16 00:23:25
NOTE-0000585,CL-0001432,2025-09-23 19:41:25,Adjuster_6,Investigation Update,Claimant is frustrated with processing time. Escalated to supervisor. Need to expedite review and provide status update within 24 hours.,2025-10-01 09:24:25
NOTE-0000586,CL-0000800,2025-05-27 00:30:25,Adjuster_7,Payment Processing,Reviewed contractor estimate. Amount seems reasonable for scope of work. Approving payment minus deductible. Will notify policyholder.,2025-07-02 00:38:25
NOTE-0000587,CL-0003198,2025-10-19 20:59:25,Adjuster_44,Initial Assessment,Reviewed contractor estimate. Amount seems reasonable for scope of work. Approving payment minus deductible. Will notify policyholder.,2025-09-26 06:22:25
NOTE-0000588,CL-0003566,2025-11-19 06:27:25,Adjuster_22,Initial Assessment,Contacted claimant via phone. They confirmed the timeline of events. No inconsistencies in their account. Proceeding with standard assessment.,2025-08-01 04:30:25
NOTE-0000589,CL-0000829,2025-08-01 16:33:25,Adjuster_8,Closure Summary,Claimant attorney has sent letter of representation. All future communication must go through counsel. Updating file restrictions.,2025-08-19 06:27:25
NOTE-0000590,CL-0004532,2025-07-03 11:27:25,Adjuster_20,Initial Assessment,Payment issued to claimant. Check number referenced in system. Closing file pending 30-day satisfaction period. No further action needed.,2025-06-10 14:20:25
NOTE-0000591,CL-0000198,2025-09-06 18:41:25,Adjuster_8,Payment Processing,Payment issued to claimant. Check number referenced in system. Closing file pending 30-day satisfaction period. No further action needed.,2026-05-16 22:07:25
NOTE-0000592,CL-0004955,2026-05-04 08:25:25,Adjuster_7,Closure Summary,Contacted claimant via phone. They confirmed the timeline of events. No inconsistencies in their account. Proceeding with standard assessment.,2025-08-15 04:36:25
NOTE-0000593,CL-0004635,2025-08-09 02:24:25,Adjuster_36,Investigation Update,Police report obtained. Details match claimant statement. No evidence of prior damage or fraud indicators. Proceeding with normal processing.,2025-12-18 19:45:25
NOTE-0000594,CL-0004527,2026-04-05 12:52:25,Adjuster_12,Payment Processing,Claimant attorney has sent letter of representation. All future communication must go through counsel. Updating file restrictions.,2026-02-01 06:08:25
NOTE-0000595,CL-0000131,2025-08-21 20:23:25,Adjuster_19,Initial Assessment,Multiple claims from same location within 6 months. Pattern suggests possible fraud. Flagging for SIU review before further processing.,2025-12-29 23:17:25
NOTE-0000596,CL-0000619,2025-10-15 02:33:25,Adjuster_15,Initial Assessment,Claimant is frustrated with processing time. Escalated to supervisor. Need to expedite review and provide status update within 24 hours.,2025-12-13 17:55:25
NOTE-0000597,CL-0000296,2025-06-18 01:41:25,Adjuster_27,Closure Summary,Multiple claims from same location within 6 months. Pattern suggests possible fraud. Flagging for SIU review before further processing.,2025-05-27 15:54:25
NOTE-0000598,CL-0001145,2025-06-14 04:12:25,Adjuster_36,Payment Processing,Medical records received from treating physician. Injuries consistent with described accident. IME may not be necessary for this severity level.,2025-11-15 15:35:25
NOTE-0000599,CL-0001214,2026-05-20 02:27:25,Adjuster_3,Closure Summary,Claimant attorney has sent letter of representation. All future communication must go through counsel. Updating file restrictions.,2026-02-27 22:56:25
NOTE-0000600,CL-0000041,2025-09-16 22:14:25,Adjuster_16,Claimant Communication,Medical records received from treating physician. Injuries consistent with described accident. IME may not be necessary for this severity level.,2025-12-23 06:30:25
NOTE-0000601,CL-0004533,2025-09-26 17:30:25,Adjuster_40,Claimant Communication,SUSPICIOUS: Timeline of events does not align with witness statements. Damage pattern inconsistent with reported cause. Referring to SIU for further investigation.,2026-05-03 11:44:25
NOTE-0000602,CL-0003230,2025-05-27 20:56:25,Adjuster_47,Investigation Update,Medical records received from treating physician. Injuries consistent with described accident. IME may not be necessary for this severity level.,2026-03-14 17:45:25
NOTE-0000603,CL-0004720,2026-01-14 09:40:25,Adjuster_40,Payment Processing,Medical records received from treating physician. Injuries consistent with described accident. IME may not be necessary for this severity level.,2025-09-19 08:14:25
NOTE-0000604,CL-0003619,2026-05-08 01:53:25,Adjuster_14,Closure Summary,Workers comp claim validated. Employee was performing regular duties when injury occurred. Employer confirms no safety violations. Approving benefits.,2025-10-03 17:13:25
NOTE-0000605,CL-0004202,2025-06-09 18:41:25,Adjuster_46,Claimant Communication,Reviewed contractor estimate. Amount seems reasonable for scope of work. Approving payment minus deductible. Will notify policyholder.,2025-07-18 06:44:25
NOTE-0000606,CL-0002580,2026-01-14 04:13:25,Adjuster_45,Payment Processing,Site inspection completed. Damage is consistent with reported cause of loss. Photos uploaded to file. Recommend approval for repair estimate.,2025-07-23 19:28:25
NOTE-0000607,CL-0003997,2026-04-09 12:15:25,Adjuster_39,Payment Processing,Claimant is frustrated with processing time. Escalated to supervisor. Need to expedite review and provide status update within 24 hours.,2025-06-13 15:27:25
NOTE-0000608,CL-0003899,2026-01-23 01:52:25,Adjuster_12,Initial Assessment,Claim denied per policy exclusion for pre-existing damage. Evidence shows damage predates policy effective date. Denial letter sent to insured.,2026-01-11 12:53:25
NOTE-0000609,CL-0003081,2025-12-24 18:43:25,Adjuster_33,Payment Processing,Claim denied per policy exclusion for pre-existing damage. Evidence shows damage predates policy effective date. Denial letter sent to insured.,2025-07-01 07:36:25
NOTE-0000610,CL-0000532,2025-10-11 11:07:25,Adjuster_20,Claimant Communication,Claimant attorney has sent letter of representation. All future communication must go through counsel. Updating file restrictions.,2026-01-08 15:12:25
NOTE-0000611,CL-0002439,2025-09-23 16:49:25,Adjuster_31,Closure Summary,Contacted claimant via phone. They confirmed the timeline of events. No inconsistencies in their account. Proceeding with standard assessment.,2026-02-15 01:42:25
NOTE-0000612,CL-0001316,2026-02-06 12:54:25,Adjuster_46,Claimant Communication,Claimant attorney has sent letter of representation. All future communication must go through counsel. Updating file restrictions.,2025-06-18 15:37:25
NOTE-0000613,CL-0004585,2025-11-09 00:07:25,Adjuster_48,Claimant Communication,"Weather data confirms severe storm in area on date of loss. NOAA records show wind gusts exceeding 70mph. Claim is weather-related, approved.",2025-09-26 16:40:25
NOTE-0000614,CL-0001858,2025-08-20 08:44:25,Adjuster_26,Initial Assessment,Site inspection completed. Damage is consistent with reported cause of loss. Photos uploaded to file. Recommend approval for repair estimate.,2025-06-27 03:08:25
NOTE-0000615,CL-0002590,2025-06-02 07:44:25,Adjuster_49,Payment Processing,"Weather data confirms severe storm in area on date of loss. NOAA records show wind gusts exceeding 70mph. Claim is weather-related, approved.",2025-09-16 03:59:25
NOTE-0000616,CL-0000701,2026-01-09 08:44:25,Adjuster_29,Initial Assessment,Multiple claims from same location within 6 months. Pattern suggests possible fraud. Flagging for SIU review before further processing.,2025-06-14 10:40:25
NOTE-0000617,CL-0001614,2025-11-18 08:18:25,Adjuster_49,Claimant Communication,Contacted claimant via phone. They confirmed the timeline of events. No inconsistencies in their account. Proceeding with standard assessment.,2025-09-26 08:47:25
NOTE-0000618,CL-0004588,2026-02-25 08:32:25,Adjuster_18,Initial Assessment,Claimant attorney has sent letter of representation. All future communication must go through counsel. Updating file restrictions.,2026-02-27 20:03:25
NOTE-0000619,CL-0003444,2025-12-27 18:29:25,Adjuster_29,Initial Assessment,Payment issued to claimant. Check number referenced in system. Closing file pending 30-day satisfaction period. No further action needed.,2026-02-24 10:31:25
NOTE-0000620,CL-0004234,2025-08-23 04:55:25,Adjuster_49,Claimant Communication,Contacted claimant via phone. They confirmed the timeline of events. No inconsistencies in their account. Proceeding with standard assessment.,2025-06-17 13:19:25
NOTE-0000621,CL-0001786,2025-11-28 06:44:25,Adjuster_17,Claimant Communication,Claim denied per policy exclusion for pre-existing damage. Evidence shows damage predates policy effective date. Denial letter sent to insured.,2026-05-07 12:51:25
NOTE-0000622,CL-0003394,2026-01-07 16:29:25,Adjuster_15,Investigation Update,Reviewed contractor estimate. Amount seems reasonable for scope of work. Approving payment minus deductible. Will notify policyholder.,2025-11-29 10:37:25
NOTE-0000623,CL-0001237,2026-01-20 02:07:25,Adjuster_29,Investigation Update,"Weather data confirms severe storm in area on date of loss. NOAA records show wind gusts exceeding 70mph. Claim is weather-related, approved.",2026-04-01 01:00:25
NOTE-0000624,CL-0003996,2025-08-18 23:34:25,Adjuster_22,Initial Assessment,Police report obtained. Details match claimant statement. No evidence of prior damage or fraud indicators. Proceeding with normal processing.,2025-06-07 21:27:25
NOTE-0000625,CL-0000008,2025-12-26 17:16:25,Adjuster_5,Initial Assessment,Reviewed contractor estimate. Amount seems reasonable for scope of work. Approving payment minus deductible. Will notify policyholder.,2025-07-11 19:59:25
NOTE-0000626,CL-0000617,2026-01-18 19:59:25,Adjuster_6,Initial Assessment,Workers comp claim validated. Employee was performing regular duties when injury occurred. Employer confirms no safety violations. Approving benefits.,2026-05-05 14:41:25
NOTE-0000627,CL-0004643,2025-10-21 03:59:25,Adjuster_13,Claimant Communication,Medical records received from treating physician. Injuries consistent with described accident. IME may not be necessary for this severity level.,2025-06-12 04:59:25
NOTE-0000628,CL-0000766,2026-05-08 07:33:25,Adjuster_13,Payment Processing,Site inspection completed. Damage is consistent with reported cause of loss. Photos uploaded to file. Recommend approval for repair estimate.,2025-06-25 15:25:25
NOTE-0000629,CL-0001101,2025-07-25 15:11:25,Adjuster_11,Claimant Communication,"Weather data confirms severe storm in area on date of loss. NOAA records show wind gusts exceeding 70mph. Claim is weather-related, approved.",2025-08-07 00:36:25
NOTE-0000630,CL-0000051,2025-12-23 21:53:25,Adjuster_23,Investigation Update,Payment issued to claimant. Check number referenced in system. Closing file pending 30-day satisfaction period. No further action needed.,2025-10-28 17:12:25
NOTE-0000631,CL-0003630,2026-02-24 22:49:25,Adjuster_41,Initial Assessment,Multiple claims from same location within 6 months. Pattern suggests possible fraud. Flagging for SIU review before further processing.,2026-04-26 22:09:25
NOTE-0000632,CL-0002588,2026-03-09 13:19:25,Adjuster_28,Closure Summary,Reviewed contractor estimate. Amount seems reasonable for scope of work. Approving payment minus deductible. Will notify policyholder.,2026-02-20 14:44:25
NOTE-0000633,CL-0000165,2026-01-01 04:45:25,Adjuster_9,Initial Assessment,Payment issued to claimant. Check number referenced in system. Closing file pending 30-day satisfaction period. No further action needed.,2025-10-18 20:30:25
NOTE-0000634,CL-0000214,2025-11-26 07:45:25,Adjuster_28,Payment Processing,Reviewed contractor estimate. Amount seems reasonable for scope of work. Approving payment minus deductible. Will notify policyholder.,2026-02-17 18:31:25
NOTE-0000635,CL-0001398,2025-10-05 05:39:25,Adjuster_24,Closure Summary,Payment issued to claimant. Check number referenced in system. Closing file pending 30-day satisfaction period. No further action needed.,2026-05-01 17:05:25
NOTE-0000636,CL-0000901,2025-12-19 16:00:25,Adjuster_25,Closure Summary,Subrogation potential identified. Third party clearly at fault per police report. Opening recovery file and notifying subrogation unit.,2025-06-07 14:50:25
NOTE-0000637,CL-0000488,2025-12-11 01:49:25,Adjuster_45,Closure Summary,SUSPICIOUS: Timeline of events does not align with witness statements. Damage pattern inconsistent with reported cause. Referring to SIU for further investigation.,2026-02-17 18:34:25
NOTE-0000638,CL-0002137,2025-05-30 03:20:25,Adjuster_8,Investigation Update,Site inspection completed. Damage is consistent with reported cause of loss. Photos uploaded to file. Recommend approval for repair estimate.,2026-05-07 10:27:25
NOTE-0000639,CL-0003694,2025-11-16 03:29:25,Adjuster_24,Payment Processing,Multiple claims from same location within 6 months. Pattern suggests possible fraud. Flagging for SIU review before further processing.,2026-04-13 09:56:25
NOTE-0000640,CL-0003600,2025-10-28 21:16:25,Adjuster_36,Claimant Communication,Payment issued to claimant. Check number referenced in system. Closing file pending 30-day satisfaction period. No further action needed.,2026-01-28 15:42:25
NOTE-0000641,CL-0002185,2025-10-03 23:38:25,Adjuster_46,Payment Processing,Claimant attorney has sent letter of representation. All future communication must go through counsel. Updating file restrictions.,2025-10-01 02:20:25
NOTE-0000642,CL-0002839,2025-07-22 03:02:25,Adjuster_7,Initial Assessment,Site inspection completed. Damage is consistent with reported cause of loss. Photos uploaded to file. Recommend approval for repair estimate.,2026-05-26 07:25:25
NOTE-0000643,CL-0001285,2025-06-23 17:06:25,Adjuster_41,Closure Summary,Site inspection completed. Damage is consistent with reported cause of loss. Photos uploaded to file. Recommend approval for repair estimate.,2025-10-13 04:35:25
NOTE-0000644,CL-0002433,2026-02-28 22:03:25,Adjuster_13,Investigation Update,Site inspection completed. Damage is consistent with reported cause of loss. Photos uploaded to file. Recommend approval for repair estimate.,2025-12-20 10:53:25
NOTE-0000645,CL-0003593,2026-04-24 13:57:25,Adjuster_34,Investigation Update,Claim denied per policy exclusion for pre-existing damage. Evidence shows damage predates policy effective date. Denial letter sent to insured.,2026-01-22 11:35:25
NOTE-0000646,CL-0000058,2025-09-23 19:50:25,Adjuster_40,Investigation Update,Workers comp claim validated. Employee was performing regular duties when injury occurred. Employer confirms no safety violations. Approving benefits.,2026-01-09 06:51:25
NOTE-0000647,CL-0000357,2026-02-26 04:11:25,Adjuster_18,Initial Assessment,Reviewed contractor estimate. Amount seems reasonable for scope of work. Approving payment minus deductible. Will notify policyholder.,2025-05-30 22:16:25
NOTE-0000648,CL-0002825,2025-06-22 13:32:25,Adjuster_38,Initial Assessment,Medical records received from treating physician. Injuries consistent with described accident. IME may not be necessary for this severity level.,2026-04-16 00:02:25
NOTE-0000649,CL-0002290,2025-10-06 14:30:25,Adjuster_34,Payment Processing,Medical records received from treating physician. Injuries consistent with described accident. IME may not be necessary for this severity level.,2025-09-04 06:21:25
NOTE-0000650,CL-0004899,2025-12-03 05:47:25,Adjuster_41,Initial Assessment,Claim denied per policy exclusion for pre-existing damage. Evidence shows damage predates policy effective date. Denial letter sent to insured.,2025-10-03 11:51:25
NOTE-0000651,CL-0000986,2025-10-17 08:57:25,Adjuster_32,Closure Summary,Claimant attorney has sent letter of representation. All future communication must go through counsel. Updating file restrictions.,2025-07-01 21:46:25
NOTE-0000652,CL-0001104,2025-11-03 12:54:25,Adjuster_49,Claimant Communication,Claimant is frustrated with processing time. Escalated to supervisor. Need to expedite review and provide status update within 24 hours.,2025-10-07 13:17:25
NOTE-0000653,CL-0002181,2025-07-19 09:06:25,Adjuster_6,Initial Assessment,Claimant is frustrated with processing time. Escalated to supervisor. Need to expedite review and provide status update within 24 hours.,2025-09-04 02:11:25
NOTE-0000654,CL-0003108,2025-12-06 18:41:25,Adjuster_15,Payment Processing,Payment issued to claimant. Check number referenced in system. Closing file pending 30-day satisfaction period. No further action needed.,2026-04-18 07:58:25
NOTE-0000655,CL-0003416,2025-07-12 16:27:25,Adjuster_18,Closure Summary,Claimant is frustrated with processing time. Escalated to supervisor. Need to expedite review and provide status update within 24 hours.,2025-09-30 01:43:25
NOTE-0000656,CL-0004754,2026-03-24 17:29:25,Adjuster_48,Payment Processing,Multiple claims from same location within 6 months. Pattern suggests possible fraud. Flagging for SIU review before further processing.,2025-09-05 02:23:25
NOTE-0000657,CL-0002444,2025-07-09 15:22:25,Adjuster_40,Closure Summary,"Weather data confirms severe storm in area on date of loss. NOAA records show wind gusts exceeding 70mph. Claim is weather-related, approved.",2026-03-31 06:03:25
NOTE-0000658,CL-0002150,2026-01-24 20:17:25,Adjuster_46,Initial Assessment,Reviewed contractor estimate. Amount seems reasonable for scope of work. Approving payment minus deductible. Will notify policyholder.,2026-01-28 16:46:25
NOTE-0000659,CL-0002951,2025-07-05 12:46:25,Adjuster_2,Claimant Communication,Contacted claimant via phone. They confirmed the timeline of events. No inconsistencies in their account. Proceeding with standard assessment.,2026-05-17 13:34:25
NOTE-0000660,CL-0002853,2025-08-25 20:57:25,Adjuster_7,Initial Assessment,SUSPICIOUS: Timeline of events does not align with witness statements. Damage pattern inconsistent with reported cause. Referring to SIU for further investigation.,2025-10-24 18:01:25
NOTE-0000661,CL-0000896,2026-01-02 08:57:25,Adjuster_41,Closure Summary,SUSPICIOUS: Timeline of events does not align with witness statements. Damage pattern inconsistent with reported cause. Referring to SIU for further investigation.,2025-06-26 19:01:25
NOTE-0000662,CL-0004968,2025-07-08 04:53:25,Adjuster_1,Initial Assessment,Workers comp claim validated. Employee was performing regular duties when injury occurred. Employer confirms no safety violations. Approving benefits.,2025-06-17 22:25:25
NOTE-0000663,CL-0004011,2026-03-01 21:36:25,Adjuster_45,Closure Summary,Repair completed and final inspection passed. Work quality is satisfactory. Releasing final payment to contractor. File ready for closure.,2026-03-25 13:28:25
NOTE-0000664,CL-0002784,2025-09-09 04:57:25,Adjuster_40,Investigation Update,Police report obtained. Details match claimant statement. No evidence of prior damage or fraud indicators. Proceeding with normal processing.,2025-06-17 06:23:25
NOTE-0000665,CL-0004273,2025-12-11 07:49:25,Adjuster_25,Investigation Update,Workers comp claim validated. Employee was performing regular duties when injury occurred. Employer confirms no safety violations. Approving benefits.,2026-05-26 09:13:25
NOTE-0000666,CL-0003181,2026-01-20 13:38:25,Adjuster_38,Claimant Communication,Claimant attorney has sent letter of representation. All future communication must go through counsel. Updating file restrictions.,2026-04-30 06:03:25
NOTE-0000667,CL-0003691,2026-02-20 04:56:25,Adjuster_13,Initial Assessment,Reviewed contractor estimate. Amount seems reasonable for scope of work. Approving payment minus deductible. Will notify policyholder.,2026-05-07 01:38:25
NOTE-0000668,CL-0002163,2025-06-11 21:58:25,Adjuster_7,Investigation Update,Contacted claimant via phone. They confirmed the timeline of events. No inconsistencies in their account. Proceeding with standard assessment.,2025-06-01 08:14:25
NOTE-0000669,CL-0004292,2025-06-13 18:46:25,Adjuster_20,Closure Summary,"Weather data confirms severe storm in area on date of loss. NOAA records show wind gusts exceeding 70mph. Claim is weather-related, approved.",2025-09-23 02:54:25
NOTE-0000670,CL-0002373,2025-07-15 13:52:25,Adjuster_12,Investigation Update,Subrogation potential identified. Third party clearly at fault per police report. Opening recovery file and notifying subrogation unit.,2026-03-19 11:01:25
NOTE-0000671,CL-0004993,2026-02-04 14:00:25,Adjuster_37,Closure Summary,Workers comp claim validated. Employee was performing regular duties when injury occurred. Employer confirms no safety violations. Approving benefits.,2025-12-27 22:45:25
NOTE-0000672,CL-0003500,2025-11-06 15:49:25,Adjuster_15,Closure Summary,Workers comp claim validated. Employee was performing regular duties when injury occurred. Employer confirms no safety violations. Approving benefits.,2026-03-26 19:55:25
NOTE-0000673,CL-0003437,2025-11-21 05:58:25,Adjuster_28,Closure Summary,Claimant is frustrated with processing time. Escalated to supervisor. Need to expedite review and provide status update within 24 hours.,2026-05-05 08:40:25
NOTE-0000674,CL-0001644,2025-05-28 23:52:25,Adjuster_5,Initial Assessment,Multiple claims from same location within 6 months. Pattern suggests possible fraud. Flagging for SIU review before further processing.,2026-05-13 03:20:25
NOTE-0000675,CL-0002013,2025-12-30 23:57:25,Adjuster_32,Payment Processing,Claimant attorney has sent letter of representation. All future communication must go through counsel. Updating file restrictions.,2025-12-26 11:12:25
NOTE-0000676,CL-0002585,2025-08-12 19:30:25,Adjuster_5,Initial Assessment,Payment issued to claimant. Check number referenced in system. Closing file pending 30-day satisfaction period. No further action needed.,2025-06-10 15:39:25
NOTE-0000677,CL-0004086,2025-11-13 01:01:25,Adjuster_11,Closure Summary,"Weather data confirms severe storm in area on date of loss. NOAA records show wind gusts exceeding 70mph. Claim is weather-related, approved.",2025-10-07 04:09:25
NOTE-0000678,CL-0003140,2026-05-14 06:24:25,Adjuster_7,Investigation Update,Reviewed contractor estimate. Amount seems reasonable for scope of work. Approving payment minus deductible. Will notify policyholder.,2025-05-29 09:19:25
NOTE-0000679,CL-0003078,2026-04-17 00:51:25,Adjuster_6,Closure Summary,Subrogation potential identified. Third party clearly at fault per police report. Opening recovery file and notifying subrogation unit.,2025-10-09 01:56:25
NOTE-0000680,CL-0001294,2025-10-27 03:53:25,Adjuster_48,Claimant Communication,SUSPICIOUS: Timeline of events does not align with witness statements. Damage pattern inconsistent with reported cause. Referring to SIU for further investigation.,2026-01-22 14:34:25
NOTE-0000681,CL-0004379,2025-08-09 13:18:25,Adjuster_36,Initial Assessment,SUSPICIOUS: Timeline of events does not align with witness statements. Damage pattern inconsistent with reported cause. Referring to SIU for further investigation.,2025-08-13 21:09:25
NOTE-0000682,CL-0001414,2025-07-14 18:13:25,Adjuster_12,Initial Assessment,"Weather data confirms severe storm in area on date of loss. NOAA records show wind gusts exceeding 70mph. Claim is weather-related, approved.",2025-06-08 08:17:25
NOTE-0000683,CL-0002231,2026-04-13 09:15:25,Adjuster_2,Investigation Update,Multiple claims from same location within 6 months. Pattern suggests possible fraud. Flagging for SIU review before further processing.,2026-02-28 06:46:25
NOTE-0000684,CL-0004910,2025-07-05 15:37:25,Adjuster_3,Claimant Communication,Repair completed and final inspection passed. Work quality is satisfactory. Releasing final payment to contractor. File ready for closure.,2025-09-02 20:31:25
NOTE-0000685,CL-0004309,2025-09-30 06:04:25,Adjuster_7,Payment Processing,Workers comp claim validated. Employee was performing regular duties when injury occurred. Employer confirms no safety violations. Approving benefits.,2026-03-19 01:15:25
NOTE-0000686,CL-0003076,2025-11-08 06:54:25,Adjuster_35,Initial Assessment,Subrogation potential identified. Third party clearly at fault per police report. Opening recovery file and notifying subrogation unit.,2026-01-05 01:27:25
NOTE-0000687,CL-0004736,2026-01-25 11:44:25,Adjuster_7,Claimant Communication,Claim denied per policy exclusion for pre-existing damage. Evidence shows damage predates policy effective date. Denial letter sent to insured.,2025-11-20 04:01:25
NOTE-0000688,CL-0003939,2026-05-02 18:37:25,Adjuster_17,Payment Processing,Police report obtained. Details match claimant statement. No evidence of prior damage or fraud indicators. Proceeding with normal processing.,2025-11-26 13:02:25
NOTE-0000689,CL-0004432,2025-08-18 04:40:25,Adjuster_32,Payment Processing,Claimant attorney has sent letter of representation. All future communication must go through counsel. Updating file restrictions.,2025-08-30 14:49:25
NOTE-0000690,CL-0000972,2025-07-02 15:55:25,Adjuster_50,Claimant Communication,Reviewed contractor estimate. Amount seems reasonable for scope of work. Approving payment minus deductible. Will notify policyholder.,2026-05-04 09:06:25
NOTE-0000691,CL-0004124,2026-05-24 10:03:25,Adjuster_47,Investigation Update,Police report obtained. Details match claimant statement. No evidence of prior damage or fraud indicators. Proceeding with normal processing.,2026-03-29 21:39:25
NOTE-0000692,CL-0003953,2026-02-17 12:00:25,Adjuster_31,Payment Processing,"Weather data confirms severe storm in area on date of loss. NOAA records show wind gusts exceeding 70mph. Claim is weather-related, approved.",2025-11-21 08:13:25
NOTE-0000693,CL-0002486,2025-11-10 03:12:25,Adjuster_24,Claimant Communication,Multiple claims from same location within 6 months. Pattern suggests possible fraud. Flagging for SIU review before further processing.,2025-09-02 19:59:25
NOTE-0000694,CL-0000691,2025-11-06 10:06:25,Adjuster_50,Initial Assessment,Medical records received from treating physician. Injuries consistent with described accident. IME may not be necessary for this severity level.,2025-07-18 21:19:25
NOTE-0000695,CL-0004007,2025-10-31 16:43:25,Adjuster_27,Closure Summary,Police report obtained. Details match claimant statement. No evidence of prior damage or fraud indicators. Proceeding with normal processing.,2025-11-23 06:47:25
NOTE-0000696,CL-0000240,2025-11-07 18:49:25,Adjuster_48,Payment Processing,Contacted claimant via phone. They confirmed the timeline of events. No inconsistencies in their account. Proceeding with standard assessment.,2025-11-19 07:07:25
NOTE-0000697,CL-0000497,2026-03-28 07:05:25,Adjuster_46,Closure Summary,Medical records received from treating physician. Injuries consistent with described accident. IME may not be necessary for this severity level.,2025-11-17 08:51:25
NOTE-0000698,CL-0001724,2025-11-29 02:52:25,Adjuster_46,Closure Summary,Multiple claims from same location within 6 months. Pattern suggests possible fraud. Flagging for SIU review before further processing.,2025-07-31 18:53:25
NOTE-0000699,CL-0004844,2026-05-19 20:00:25,Adjuster_11,Payment Processing,Payment issued to claimant. Check number referenced in system. Closing file pending 30-day satisfaction period. No further action needed.,2025-11-01 21:28:25
NOTE-0000700,CL-0004932,2026-03-14 12:19:25,Adjuster_4,Payment Processing,Police report obtained. Details match claimant statement. No evidence of prior damage or fraud indicators. Proceeding with normal processing.,2026-03-21 02:03:25
NOTE-0000701,CL-0003599,2025-12-15 23:21:25,Adjuster_19,Investigation Update,"Weather data confirms severe storm in area on date of loss. NOAA records show wind gusts exceeding 70mph. Claim is weather-related, approved.",2025-08-10 14:29:25
NOTE-0000702,CL-0004577,2025-12-26 16:53:25,Adjuster_16,Investigation Update,Multiple claims from same location within 6 months. Pattern suggests possible fraud. Flagging for SIU review before further processing.,2026-03-22 06:20:25
NOTE-0000703,CL-0001023,2025-12-18 18:20:25,Adjuster_34,Initial Assessment,Police report obtained. Details match claimant statement. No evidence of prior damage or fraud indicators. Proceeding with normal processing.,2025-10-31 02:37:25
NOTE-0000704,CL-0004301,2025-11-06 15:04:25,Adjuster_22,Closure Summary,"Weather data confirms severe storm in area on date of loss. NOAA records show wind gusts exceeding 70mph. Claim is weather-related, approved.",2026-02-18 02:23:25
NOTE-0000705,CL-0002067,2025-12-14 18:10:25,Adjuster_21,Initial Assessment,Claim denied per policy exclusion for pre-existing damage. Evidence shows damage predates policy effective date. Denial letter sent to insured.,2025-10-25 08:10:25
NOTE-0000706,CL-0003469,2025-10-19 09:44:25,Adjuster_20,Investigation Update,Workers comp claim validated. Employee was performing regular duties when injury occurred. Employer confirms no safety violations. Approving benefits.,2026-05-15 14:58:25
NOTE-0000707,CL-0001185,2026-04-24 12:59:25,Adjuster_11,Closure Summary,Claimant is frustrated with processing time. Escalated to supervisor. Need to expedite review and provide status update within 24 hours.,2025-09-13 20:29:25
NOTE-0000708,CL-0004346,2025-07-30 11:33:25,Adjuster_37,Claimant Communication,Workers comp claim validated. Employee was performing regular duties when injury occurred. Employer confirms no safety violations. Approving benefits.,2026-03-24 13:55:25
NOTE-0000709,CL-0001362,2025-10-02 16:58:25,Adjuster_34,Investigation Update,Subrogation potential identified. Third party clearly at fault per police report. Opening recovery file and notifying subrogation unit.,2026-05-16 10:18:25
NOTE-0000710,CL-0001439,2025-08-02 22:18:25,Adjuster_49,Payment Processing,"Weather data confirms severe storm in area on date of loss. NOAA records show wind gusts exceeding 70mph. Claim is weather-related, approved.",2026-02-24 12:19:25
NOTE-0000711,CL-0002893,2025-06-01 09:39:25,Adjuster_7,Closure Summary,Claimant attorney has sent letter of representation. All future communication must go through counsel. Updating file restrictions.,2025-05-29 16:32:25
NOTE-0000712,CL-0002354,2025-07-21 18:03:25,Adjuster_45,Payment Processing,Subrogation potential identified. Third party clearly at fault per police report. Opening recovery file and notifying subrogation unit.,2025-11-14 20:42:25
NOTE-0000713,CL-0000687,2025-07-26 20:53:25,Adjuster_46,Investigation Update,Contacted claimant via phone. They confirmed the timeline of events. No inconsistencies in their account. Proceeding with standard assessment.,2026-02-06 10:03:25
NOTE-0000714,CL-0000655,2026-04-02 10:38:25,Adjuster_21,Investigation Update,Site inspection completed. Damage is consistent with reported cause of loss. Photos uploaded to file. Recommend approval for repair estimate.,2025-09-07 02:12:25
NOTE-0000715,CL-0004647,2025-08-04 04:57:25,Adjuster_48,Investigation Update,SUSPICIOUS: Timeline of events does not align with witness statements. Damage pattern inconsistent with reported cause. Referring to SIU for further investigation.,2025-09-29 20:49:25
NOTE-0000716,CL-0000597,2025-12-06 13:32:25,Adjuster_44,Claimant Communication,Subrogation potential identified. Third party clearly at fault per police report. Opening recovery file and notifying subrogation unit.,2025-09-13 05:07:25
NOTE-0000717,CL-0001110,2026-02-11 11:07:25,Adjuster_18,Payment Processing,Reviewed contractor estimate. Amount seems reasonable for scope of work. Approving payment minus deductible. Will notify policyholder.,2025-09-14 00:39:25
NOTE-0000718,CL-0001488,2025-08-28 13:31:25,Adjuster_7,Closure Summary,Workers comp claim validated. Employee was performing regular duties when injury occurred. Employer confirms no safety violations. Approving benefits.,2025-11-06 12:49:25
NOTE-0000719,CL-0001343,2025-12-08 02:17:25,Adjuster_33,Initial Assessment,Claimant is frustrated with processing time. Escalated to supervisor. Need to expedite review and provide status update within 24 hours.,2025-12-07 13:50:25
NOTE-0000720,CL-0000386,2025-08-06 07:08:25,Adjuster_10,Closure Summary,Medical records received from treating physician. Injuries consistent with described accident. IME may not be necessary for this severity level.,2026-04-28 04:36:25
NOTE-0000721,CL-0001311,2026-02-08 07:55:25,Adjuster_2,Claimant Communication,Payment issued to claimant. Check number referenced in system. Closing file pending 30-day satisfaction period. No further action needed.,2025-07-15 07:27:25
NOTE-0000722,CL-0003138,2025-12-19 01:24:25,Adjuster_47,Investigation Update,Workers comp claim validated. Employee was performing regular duties when injury occurred. Employer confirms no safety violations. Approving benefits.,2025-12-05 19:45:25
NOTE-0000723,CL-0001658,2025-12-23 00:34:25,Adjuster_49,Claimant Communication,Workers comp claim validated. Employee was performing regular duties when injury occurred. Employer confirms no safety violations. Approving benefits.,2026-04-16 02:10:25
NOTE-0000724,CL-0003879,2026-04-08 22:21:25,Adjuster_16,Closure Summary,Contacted claimant via phone. They confirmed the timeline of events. No inconsistencies in their account. Proceeding with standard assessment.,2025-07-20 18:22:25
NOTE-0000725,CL-0004682,2026-05-05 19:55:25,Adjuster_34,Investigation Update,Repair completed and final inspection passed. Work quality is satisfactory. Releasing final payment to contractor. File ready for closure.,2025-08-12 01:44:25
NOTE-0000726,CL-0003253,2025-07-13 12:51:25,Adjuster_27,Investigation Update,Contacted claimant via phone. They confirmed the timeline of events. No inconsistencies in their account. Proceeding with standard assessment.,2025-08-03 14:23:25
NOTE-0000727,CL-0003627,2025-07-21 21:25:25,Adjuster_43,Payment Processing,"Weather data confirms severe storm in area on date of loss. NOAA records show wind gusts exceeding 70mph. Claim is weather-related, approved.",2025-10-29 06:02:25
NOTE-0000728,CL-0001081,2025-11-12 08:20:25,Adjuster_30,Initial Assessment,Reviewed contractor estimate. Amount seems reasonable for scope of work. Approving payment minus deductible. Will notify policyholder.,2026-05-14 15:46:25
NOTE-0000729,CL-0004547,2025-07-22 03:54:25,Adjuster_44,Closure Summary,Police report obtained. Details match claimant statement. No evidence of prior damage or fraud indicators. Proceeding with normal processing.,2025-09-25 07:30:25
NOTE-0000730,CL-0001234,2025-07-05 19:21:25,Adjuster_49,Initial Assessment,Claimant is frustrated with processing time. Escalated to supervisor. Need to expedite review and provide status update within 24 hours.,2026-01-12 05:22:25
NOTE-0000731,CL-0003176,2025-11-11 07:44:25,Adjuster_34,Payment Processing,SUSPICIOUS: Timeline of events does not align with witness statements. Damage pattern inconsistent with reported cause. Referring to SIU for further investigation.,2025-12-04 10:35:25
NOTE-0000732,CL-0003346,2025-10-09 10:17:25,Adjuster_11,Initial Assessment,Police report obtained. Details match claimant statement. No evidence of prior damage or fraud indicators. Proceeding with normal processing.,2025-12-26 13:31:25
NOTE-0000733,CL-0001232,2026-05-15 03:37:25,Adjuster_4,Claimant Communication,SUSPICIOUS: Timeline of events does not align with witness statements. Damage pattern inconsistent with reported cause. Referring to SIU for further investigation.,2025-08-17 23:01:25
NOTE-0000734,CL-0001664,2026-02-22 06:25:25,Adjuster_17,Claimant Communication,SUSPICIOUS: Timeline of events does not align with witness statements. Damage pattern inconsistent with reported cause. Referring to SIU for further investigation.,2025-06-03 08:32:25
NOTE-0000735,CL-0004362,2025-11-30 18:51:25,Adjuster_15,Payment Processing,Claim denied per policy exclusion for pre-existing damage. Evidence shows damage predates policy effective date. Denial letter sent to insured.,2026-05-11 23:31:25
NOTE-0000736,CL-0002450,2025-07-25 13:54:25,Adjuster_34,Initial Assessment,Subrogation potential identified. Third party clearly at fault per police report. Opening recovery file and notifying subrogation unit.,2026-04-10 23:27:25
NOTE-0000737,CL-0001104,2025-09-01 17:27:25,Adjuster_10,Payment Processing,Multiple claims from same location within 6 months. Pattern suggests possible fraud. Flagging for SIU review before further processing.,2025-06-14 12:19:25
NOTE-0000738,CL-0002699,2026-03-25 07:55:25,Adjuster_33,Claimant Communication,Police report obtained. Details match claimant statement. No evidence of prior damage or fraud indicators. Proceeding with normal processing.,2025-08-02 02:36:25
NOTE-0000739,CL-0004197,2025-05-30 21:48:25,Adjuster_33,Investigation Update,Site inspection completed. Damage is consistent with reported cause of loss. Photos uploaded to file. Recommend approval for repair estimate.,2025-08-04 09:20:25
NOTE-0000740,CL-0004509,2025-09-27 04:07:25,Adjuster_18,Closure Summary,Multiple claims from same location within 6 months. Pattern suggests possible fraud. Flagging for SIU review before further processing.,2026-02-23 19:34:25
NOTE-0000741,CL-0004208,2025-06-11 08:20:25,Adjuster_13,Claimant Communication,Claim denied per policy exclusion for pre-existing damage. Evidence shows damage predates policy effective date. Denial letter sent to insured.,2025-10-11 01:28:25
NOTE-0000742,CL-0004478,2026-04-16 23:47:25,Adjuster_29,Payment Processing,Subrogation potential identified. Third party clearly at fault per police report. Opening recovery file and notifying subrogation unit.,2026-05-05 20:22:25
NOTE-0000743,CL-0001475,2025-08-19 04:43:25,Adjuster_1,Initial Assessment,Payment issued to claimant. Check number referenced in system. Closing file pending 30-day satisfaction period. No further action needed.,2026-01-25 14:12:25
NOTE-0000744,CL-0002649,2026-04-16 00:48:25,Adjuster_16,Payment Processing,Multiple claims from same location within 6 months. Pattern suggests possible fraud. Flagging for SIU review before further processing.,2025-09-25 23:16:25
NOTE-0000745,CL-0002138,2025-11-04 06:45:25,Adjuster_43,Closure Summary,Payment issued to claimant. Check number referenced in system. Closing file pending 30-day satisfaction period. No further action needed.,2025-07-31 19:44:25
NOTE-0000746,CL-0000187,2025-09-06 04:13:25,Adjuster_14,Claimant Communication,Site inspection completed. Damage is consistent with reported cause of loss. Photos uploaded to file. Recommend approval for repair estimate.,2025-06-09 01:08:25
NOTE-0000747,CL-0000263,2025-09-02 16:22:25,Adjuster_26,Claimant Communication,Multiple claims from same location within 6 months. Pattern suggests possible fraud. Flagging for SIU review before further processing.,2026-02-18 09:58:25
NOTE-0000748,CL-0004506,2026-04-21 22:17:25,Adjuster_32,Claimant Communication,Contacted claimant via phone. They confirmed the timeline of events. No inconsistencies in their account. Proceeding with standard assessment.,2025-06-18 14:57:25
NOTE-0000749,CL-0000538,2025-12-28 10:39:25,Adjuster_14,Payment Processing,Workers comp claim validated. Employee was performing regular duties when injury occurred. Employer confirms no safety violations. Approving benefits.,2026-04-09 04:24:25
NOTE-0000750,CL-0003590,2026-01-19 22:36:25,Adjuster_37,Claimant Communication,Claimant attorney has sent letter of representation. All future communication must go through counsel. Updating file restrictions.,2025-10-26 14:23:25
NOTE-0000751,CL-0003842,2025-07-21 22:11:25,Adjuster_4,Closure Summary,Reviewed contractor estimate. Amount seems reasonable for scope of work. Approving payment minus deductible. Will notify policyholder.,2025-11-08 01:29:25
NOTE-0000752,CL-0003161,2026-02-25 21:01:25,Adjuster_17,Claimant Communication,Repair completed and final inspection passed. Work quality is satisfactory. Releasing final payment to contractor. File ready for closure.,2026-01-30 12:29:25
NOTE-0000753,CL-0000186,2025-11-21 04:32:25,Adjuster_45,Investigation Update,"Weather data confirms severe storm in area on date of loss. NOAA records show wind gusts exceeding 70mph. Claim is weather-related, approved.",2026-03-27 18:43:25
NOTE-0000754,CL-0002835,2025-07-23 22:17:25,Adjuster_27,Investigation Update,Multiple claims from same location within 6 months. Pattern suggests possible fraud. Flagging for SIU review before further processing.,2025-10-24 17:18:25
NOTE-0000755,CL-0001141,2025-10-18 06:48:25,Adjuster_48,Investigation Update,"Weather data confirms severe storm in area on date of loss. NOAA records show wind gusts exceeding 70mph. Claim is weather-related, approved.",2025-09-12 21:14:25
NOTE-0000756,CL-0002639,2026-03-01 07:08:25,Adjuster_2,Closure Summary,Claimant attorney has sent letter of representation. All future communication must go through counsel. Updating file restrictions.,2025-12-18 10:57:25
NOTE-0000757,CL-0004767,2026-01-03 06:42:25,Adjuster_3,Investigation Update,Reviewed contractor estimate. Amount seems reasonable for scope of work. Approving payment minus deductible. Will notify policyholder.,2025-08-23 21:29:25
NOTE-0000758,CL-0002746,2025-06-19 19:24:25,Adjuster_46,Closure Summary,Police report obtained. Details match claimant statement. No evidence of prior damage or fraud indicators. Proceeding with normal processing.,2025-12-24 22:50:25
NOTE-0000759,CL-0002394,2025-11-02 16:00:25,Adjuster_40,Claimant Communication,Workers comp claim validated. Employee was performing regular duties when injury occurred. Employer confirms no safety violations. Approving benefits.,2026-04-29 04:41:25
NOTE-0000760,CL-0004077,2025-11-27 05:03:25,Adjuster_3,Payment Processing,Police report obtained. Details match claimant statement. No evidence of prior damage or fraud indicators. Proceeding with normal processing.,2025-06-09 13:47:25
NOTE-0000761,CL-0000917,2025-11-03 22:28:25,Adjuster_12,Closure Summary,Medical records received from treating physician. Injuries consistent with described accident. IME may not be necessary for this severity level.,2026-01-10 06:07:25
NOTE-0000762,CL-0002333,2026-01-22 03:54:25,Adjuster_3,Initial Assessment,Claimant is frustrated with processing time. Escalated to supervisor. Need to expedite review and provide status update within 24 hours.,2025-05-29 14:16:25
NOTE-0000763,CL-0001332,2025-06-20 09:16:25,Adjuster_16,Claimant Communication,Subrogation potential identified. Third party clearly at fault per police report. Opening recovery file and notifying subrogation unit.,2026-05-10 22:14:25
NOTE-0000764,CL-0002991,2026-02-13 11:19:25,Adjuster_25,Claimant Communication,Workers comp claim validated. Employee was performing regular duties when injury occurred. Employer confirms no safety violations. Approving benefits.,2025-09-29 04:53:25
NOTE-0000765,CL-0000577,2026-02-16 07:50:25,Adjuster_39,Initial Assessment,Reviewed contractor estimate. Amount seems reasonable for scope of work. Approving payment minus deductible. Will notify policyholder.,2026-04-10 03:57:25
NOTE-0000766,CL-0001800,2025-07-13 08:06:25,Adjuster_30,Payment Processing,Workers comp claim validated. Employee was performing regular duties when injury occurred. Employer confirms no safety violations. Approving benefits.,2026-04-06 16:48:25
NOTE-0000767,CL-0000895,2025-11-28 19:00:25,Adjuster_8,Initial Assessment,Payment issued to claimant. Check number referenced in system. Closing file pending 30-day satisfaction period. No further action needed.,2026-04-25 12:12:25
NOTE-0000768,CL-0004750,2025-12-27 23:22:25,Adjuster_35,Investigation Update,Medical records received from treating physician. Injuries consistent with described accident. IME may not be necessary for this severity level.,2025-12-11 17:10:25
NOTE-0000769,CL-0001089,2025-09-12 00:08:25,Adjuster_15,Claimant Communication,Claimant is frustrated with processing time. Escalated to supervisor. Need to expedite review and provide status update within 24 hours.,2025-09-27 16:09:25
NOTE-0000770,CL-0003259,2026-02-01 17:56:25,Adjuster_17,Closure Summary,Site inspection completed. Damage is consistent with reported cause of loss. Photos uploaded to file. Recommend approval for repair estimate.,2025-06-06 14:52:25
NOTE-0000771,CL-0002138,2026-02-19 17:12:25,Adjuster_23,Payment Processing,Workers comp claim validated. Employee was performing regular duties when injury occurred. Employer confirms no safety violations. Approving benefits.,2025-10-19 04:27:25
NOTE-0000772,CL-0004187,2025-11-06 12:38:25,Adjuster_12,Payment Processing,Claim denied per policy exclusion for pre-existing damage. Evidence shows damage predates policy effective date. Denial letter sent to insured.,2026-05-04 06:01:25
NOTE-0000773,CL-0002269,2025-10-21 13:55:25,Adjuster_50,Payment Processing,Subrogation potential identified. Third party clearly at fault per police report. Opening recovery file and notifying subrogation unit.,2025-12-22 13:14:25
NOTE-0000774,CL-0002384,2025-06-16 09:25:25,Adjuster_16,Initial Assessment,SUSPICIOUS: Timeline of events does not align with witness statements. Damage pattern inconsistent with reported cause. Referring to SIU for further investigation.,2025-07-25 07:41:25
NOTE-0000775,CL-0003120,2025-07-16 10:11:25,Adjuster_29,Initial Assessment,SUSPICIOUS: Timeline of events does not align with witness statements. Damage pattern inconsistent with reported cause. Referring to SIU for further investigation.,2025-11-01 00:11:25
NOTE-0000776,CL-0001768,2026-05-21 04:30:25,Adjuster_20,Closure Summary,Multiple claims from same location within 6 months. Pattern suggests possible fraud. Flagging for SIU review before further processing.,2025-08-22 00:26:25
NOTE-0000777,CL-0003016,2026-05-20 00:26:25,Adjuster_49,Closure Summary,SUSPICIOUS: Timeline of events does not align with witness statements. Damage pattern inconsistent with reported cause. Referring to SIU for further investigation.,2026-03-08 12:14:25
NOTE-0000778,CL-0001601,2025-08-26 22:10:25,Adjuster_21,Initial Assessment,Claimant is frustrated with processing time. Escalated to supervisor. Need to expedite review and provide status update within 24 hours.,2026-04-23 20:14:25
NOTE-0000779,CL-0002449,2026-03-27 19:32:25,Adjuster_49,Closure Summary,Repair completed and final inspection passed. Work quality is satisfactory. Releasing final payment to contractor. File ready for closure.,2025-12-17 21:30:25
NOTE-0000780,CL-0002408,2026-03-21 14:30:25,Adjuster_40,Payment Processing,Police report obtained. Details match claimant statement. No evidence of prior damage or fraud indicators. Proceeding with normal processing.,2026-02-01 16:23:25
NOTE-0000781,CL-0004125,2025-08-02 09:59:25,Adjuster_22,Claimant Communication,Site inspection completed. Damage is consistent with reported cause of loss. Photos uploaded to file. Recommend approval for repair estimate.,2025-06-27 08:31:25
NOTE-0000782,CL-0000471,2026-04-13 20:53:25,Adjuster_29,Payment Processing,Repair completed and final inspection passed. Work quality is satisfactory. Releasing final payment to contractor. File ready for closure.,2026-02-05 23:38:25
NOTE-0000783,CL-0003897,2025-07-02 16:31:25,Adjuster_25,Initial Assessment,Payment issued to claimant. Check number referenced in system. Closing file pending 30-day satisfaction period. No further action needed.,2025-08-11 03:07:25
NOTE-0000784,CL-0000461,2026-04-03 21:18:25,Adjuster_9,Payment Processing,Medical records received from treating physician. Injuries consistent with described accident. IME may not be necessary for this severity level.,2026-04-10 00:13:25
NOTE-0000785,CL-0004907,2025-12-16 09:01:25,Adjuster_22,Claimant Communication,Claimant is frustrated with processing time. Escalated to supervisor. Need to expedite review and provide status update within 24 hours.,2025-06-26 14:26:25
NOTE-0000786,CL-0001030,2025-06-13 00:09:25,Adjuster_24,Payment Processing,Payment issued to claimant. Check number referenced in system. Closing file pending 30-day satisfaction period. No further action needed.,2025-07-03 06:26:25
NOTE-0000787,CL-0002074,2025-11-25 10:48:25,Adjuster_6,Initial Assessment,Workers comp claim validated. Employee was performing regular duties when injury occurred. Employer confirms no safety violations. Approving benefits.,2025-07-02 12:07:25
NOTE-0000788,CL-0000257,2026-02-10 19:41:25,Adjuster_49,Payment Processing,Police report obtained. Details match claimant statement. No evidence of prior damage or fraud indicators. Proceeding with normal processing.,2026-05-08 11:18:25
NOTE-0000789,CL-0001322,2025-07-18 06:23:25,Adjuster_19,Investigation Update,"Weather data confirms severe storm in area on date of loss. NOAA records show wind gusts exceeding 70mph. Claim is weather-related, approved.",2025-05-27 04:12:25
NOTE-0000790,CL-0002851,2025-05-27 23:56:25,Adjuster_29,Claimant Communication,SUSPICIOUS: Timeline of events does not align with witness statements. Damage pattern inconsistent with reported cause. Referring to SIU for further investigation.,2026-02-17 06:03:25
NOTE-0000791,CL-0004557,2025-09-17 08:14:25,Adjuster_18,Claimant Communication,Contacted claimant via phone. They confirmed the timeline of events. No inconsistencies in their account. Proceeding with standard assessment.,2026-04-02 04:19:25
NOTE-0000792,CL-0001684,2025-05-27 22:31:25,Adjuster_28,Closure Summary,Police report obtained. Details match claimant statement. No evidence of prior damage or fraud indicators. Proceeding with normal processing.,2026-01-13 00:21:25
NOTE-0000793,CL-0002973,2025-06-17 08:44:25,Adjuster_42,Closure Summary,Site inspection completed. Damage is consistent with reported cause of loss. Photos uploaded to file. Recommend approval for repair estimate.,2025-06-14 09:30:25
NOTE-0000794,CL-0001540,2026-01-29 19:45:25,Adjuster_49,Claimant Communication,Claimant is frustrated with processing time. Escalated to supervisor. Need to expedite review and provide status update within 24 hours.,2025-07-15 18:14:25
NOTE-0000795,CL-0004536,2025-11-12 18:06:25,Adjuster_45,Initial Assessment,Claimant is frustrated with processing time. Escalated to supervisor. Need to expedite review and provide status update within 24 hours.,2025-08-14 06:48:25
NOTE-0000796,CL-0003984,2025-12-11 15:20:25,Adjuster_50,Initial Assessment,Claim denied per policy exclusion for pre-existing damage. Evidence shows damage predates policy effective date. Denial letter sent to insured.,2025-08-13 14:37:25
NOTE-0000797,CL-0003601,2025-06-17 07:12:25,Adjuster_13,Claimant Communication,Payment issued to claimant. Check number referenced in system. Closing file pending 30-day satisfaction period. No further action needed.,2026-04-26 22:15:25
NOTE-0000798,CL-0003221,2026-05-05 11:19:25,Adjuster_6,Initial Assessment,"Weather data confirms severe storm in area on date of loss. NOAA records show wind gusts exceeding 70mph. Claim is weather-related, approved.",2025-12-10 00:33:25
NOTE-0000799,CL-0000393,2025-11-09 04:36:25,Adjuster_37,Claimant Communication,Multiple claims from same location within 6 months. Pattern suggests possible fraud. Flagging for SIU review before further processing.,2026-05-21 04:42:25
NOTE-0000800,CL-0003770,2025-12-20 01:09:25,Adjuster_34,Initial Assessment,Subrogation potential identified. Third party clearly at fault per police report. Opening recovery file and notifying subrogation unit.,2026-05-04 01:06:25
NOTE-0000801,CL-0003080,2025-12-28 22:19:25,Adjuster_36,Investigation Update,Multiple claims from same location within 6 months. Pattern suggests possible fraud. Flagging for SIU review before further processing.,2026-01-18 19:11:25
NOTE-0000802,CL-0001084,2026-01-22 18:03:25,Adjuster_16,Initial Assessment,Contacted claimant via phone. They confirmed the timeline of events. No inconsistencies in their account. Proceeding with standard assessment.,2026-03-22 01:56:25
NOTE-0000803,CL-0003157,2025-05-26 18:46:25,Adjuster_28,Initial Assessment,"Weather data confirms severe storm in area on date of loss. NOAA records show wind gusts exceeding 70mph. Claim is weather-related, approved.",2025-10-18 18:26:25
NOTE-0000804,CL-0003527,2025-12-10 18:57:25,Adjuster_44,Investigation Update,Medical records received from treating physician. Injuries consistent with described accident. IME may not be necessary for this severity level.,2025-08-13 01:16:25
NOTE-0000805,CL-0002853,2025-12-08 12:04:25,Adjuster_38,Payment Processing,SUSPICIOUS: Timeline of events does not align with witness statements. Damage pattern inconsistent with reported cause. Referring to SIU for further investigation.,2026-04-02 20:24:25
NOTE-0000806,CL-0004551,2026-02-17 14:38:25,Adjuster_12,Closure Summary,Claimant attorney has sent letter of representation. All future communication must go through counsel. Updating file restrictions.,2026-03-09 04:11:25
NOTE-0000807,CL-0001191,2025-12-13 23:12:25,Adjuster_35,Closure Summary,Reviewed contractor estimate. Amount seems reasonable for scope of work. Approving payment minus deductible. Will notify policyholder.,2025-07-14 04:28:25
NOTE-0000808,CL-0004049,2025-09-30 17:00:25,Adjuster_47,Payment Processing,SUSPICIOUS: Timeline of events does not align with witness statements. Damage pattern inconsistent with reported cause. Referring to SIU for further investigation.,2025-09-26 20:37:25
NOTE-0000809,CL-0001353,2026-02-27 11:55:25,Adjuster_21,Payment Processing,"Weather data confirms severe storm in area on date of loss. NOAA records show wind gusts exceeding 70mph. Claim is weather-related, approved.",2025-11-04 21:38:25
NOTE-0000810,CL-0004767,2026-01-07 12:13:25,Adjuster_39,Initial Assessment,"Weather data confirms severe storm in area on date of loss. NOAA records show wind gusts exceeding 70mph. Claim is weather-related, approved.",2025-11-21 07:09:25
NOTE-0000811,CL-0003431,2026-01-16 15:20:25,Adjuster_48,Claimant Communication,Workers comp claim validated. Employee was performing regular duties when injury occurred. Employer confirms no safety violations. Approving benefits.,2025-10-13 06:55:25
NOTE-0000812,CL-0004704,2025-05-28 17:07:25,Adjuster_39,Claimant Communication,Medical records received from treating physician. Injuries consistent with described accident. IME may not be necessary for this severity level.,2026-03-28 21:11:25
NOTE-0000813,CL-0003691,2025-06-19 06:35:25,Adjuster_4,Claimant Communication,Site inspection completed. Damage is consistent with reported cause of loss. Photos uploaded to file. Recommend approval for repair estimate.,2025-06-24 18:51:25
NOTE-0000814,CL-0003457,2025-08-06 18:31:25,Adjuster_28,Closure Summary,Subrogation potential identified. Third party clearly at fault per police report. Opening recovery file and notifying subrogation unit.,2025-06-16 19:19:25
NOTE-0000815,CL-0001583,2025-09-23 19:39:25,Adjuster_25,Closure Summary,"Weather data confirms severe storm in area on date of loss. NOAA records show wind gusts exceeding 70mph. Claim is weather-related, approved.",2026-05-14 10:54:25
NOTE-0000816,CL-0004302,2026-04-08 02:28:25,Adjuster_50,Claimant Communication,Site inspection completed. Damage is consistent with reported cause of loss. Photos uploaded to file. Recommend approval for repair estimate.,2026-01-03 04:12:25
NOTE-0000817,CL-0003240,2025-12-03 16:42:25,Adjuster_47,Payment Processing,Subrogation potential identified. Third party clearly at fault per police report. Opening recovery file and notifying subrogation unit.,2025-12-21 20:06:25
NOTE-0000818,CL-0000815,2025-06-12 04:41:25,Adjuster_16,Payment Processing,Claimant is frustrated with processing time. Escalated to supervisor. Need to expedite review and provide status update within 24 hours.,2026-01-09 18:34:25
NOTE-0000819,CL-0003692,2025-05-27 12:26:25,Adjuster_9,Investigation Update,Claimant is frustrated with processing time. Escalated to supervisor. Need to expedite review and provide status update within 24 hours.,2026-04-26 02:49:25
NOTE-0000820,CL-0002611,2026-04-10 05:29:25,Adjuster_18,Payment Processing,Subrogation potential identified. Third party clearly at fault per police report. Opening recovery file and notifying subrogation unit.,2026-01-29 00:14:25
NOTE-0000821,CL-0002098,2026-01-16 22:21:25,Adjuster_32,Payment Processing,Site inspection completed. Damage is consistent with reported cause of loss. Photos uploaded to file. Recommend approval for repair estimate.,2025-06-26 16:45:25
NOTE-0000822,CL-0002205,2026-02-19 08:29:25,Adjuster_8,Claimant Communication,SUSPICIOUS: Timeline of events does not align with witness statements. Damage pattern inconsistent with reported cause. Referring to SIU for further investigation.,2025-08-09 17:23:25
NOTE-0000823,CL-0000212,2026-02-20 19:13:25,Adjuster_21,Initial Assessment,Reviewed contractor estimate. Amount seems reasonable for scope of work. Approving payment minus deductible. Will notify policyholder.,2025-12-02 02:35:25
NOTE-0000824,CL-0004003,2026-04-02 06:32:25,Adjuster_35,Payment Processing,Payment issued to claimant. Check number referenced in system. Closing file pending 30-day satisfaction period. No further action needed.,2025-12-18 16:10:25
NOTE-0000825,CL-0004545,2026-03-30 15:38:25,Adjuster_31,Payment Processing,Workers comp claim validated. Employee was performing regular duties when injury occurred. Employer confirms no safety violations. Approving benefits.,2025-07-26 06:07:25
NOTE-0000826,CL-0004486,2026-05-24 17:02:25,Adjuster_25,Initial Assessment,Payment issued to claimant. Check number referenced in system. Closing file pending 30-day satisfaction period. No further action needed.,2025-09-05 23:54:25
NOTE-0000827,CL-0004514,2025-07-03 20:39:25,Adjuster_10,Initial Assessment,Contacted claimant via phone. They confirmed the timeline of events. No inconsistencies in their account. Proceeding with standard assessment.,2025-06-25 19:37:25
NOTE-0000828,CL-0003143,2026-03-23 06:10:25,Adjuster_4,Closure Summary,Multiple claims from same location within 6 months. Pattern suggests possible fraud. Flagging for SIU review before further processing.,2025-10-07 16:34:25
NOTE-0000829,CL-0004123,2026-03-28 08:21:25,Adjuster_41,Investigation Update,Claimant is frustrated with processing time. Escalated to supervisor. Need to expedite review and provide status update within 24 hours.,2025-06-08 01:38:25
NOTE-0000830,CL-0000353,2025-11-02 15:21:25,Adjuster_14,Closure Summary,Claim denied per policy exclusion for pre-existing damage. Evidence shows damage predates policy effective date. Denial letter sent to insured.,2025-09-25 08:34:25
NOTE-0000831,CL-0004918,2026-03-22 22:58:25,Adjuster_38,Payment Processing,Claimant is frustrated with processing time. Escalated to supervisor. Need to expedite review and provide status update within 24 hours.,2026-04-16 11:22:25
NOTE-0000832,CL-0000767,2025-06-30 22:40:25,Adjuster_21,Closure Summary,Repair completed and final inspection passed. Work quality is satisfactory. Releasing final payment to contractor. File ready for closure.,2026-04-16 05:57:25
NOTE-0000833,CL-0004891,2025-12-23 13:09:25,Adjuster_35,Initial Assessment,Reviewed contractor estimate. Amount seems reasonable for scope of work. Approving payment minus deductible. Will notify policyholder.,2025-11-17 20:40:25
NOTE-0000834,CL-0002330,2025-07-26 11:13:25,Adjuster_32,Payment Processing,"Weather data confirms severe storm in area on date of loss. NOAA records show wind gusts exceeding 70mph. Claim is weather-related, approved.",2025-10-15 08:10:25
NOTE-0000835,CL-0000486,2025-05-30 18:48:25,Adjuster_36,Investigation Update,Repair completed and final inspection passed. Work quality is satisfactory. Releasing final payment to contractor. File ready for closure.,2025-08-14 03:32:25
NOTE-0000836,CL-0001071,2025-11-19 01:56:25,Adjuster_24,Payment Processing,Claim denied per policy exclusion for pre-existing damage. Evidence shows damage predates policy effective date. Denial letter sent to insured.,2025-09-06 05:21:25
NOTE-0000837,CL-0003846,2026-04-03 00:20:25,Adjuster_28,Investigation Update,Payment issued to claimant. Check number referenced in system. Closing file pending 30-day satisfaction period. No further action needed.,2025-07-04 12:33:25
NOTE-0000838,CL-0000744,2025-10-16 12:47:25,Adjuster_13,Claimant Communication,Site inspection completed. Damage is consistent with reported cause of loss. Photos uploaded to file. Recommend approval for repair estimate.,2025-06-02 07:17:25
NOTE-0000839,CL-0002529,2025-09-24 12:52:25,Adjuster_25,Closure Summary,Payment issued to claimant. Check number referenced in system. Closing file pending 30-day satisfaction period. No further action needed.,2026-03-16 06:10:25
NOTE-0000840,CL-0003822,2025-12-15 07:46:25,Adjuster_49,Claimant Communication,Payment issued to claimant. Check number referenced in system. Closing file pending 30-day satisfaction period. No further action needed.,2025-11-05 04:46:25
NOTE-0000841,CL-0002687,2025-08-08 13:46:25,Adjuster_24,Closure Summary,Reviewed contractor estimate. Amount seems reasonable for scope of work. Approving payment minus deductible. Will notify policyholder.,2025-11-22 11:06:25
NOTE-0000842,CL-0004125,2025-08-28 05:24:25,Adjuster_40,Investigation Update,Reviewed contractor estimate. Amount seems reasonable for scope of work. Approving payment minus deductible. Will notify policyholder.,2025-07-08 21:12:25
NOTE-0000843,CL-0002193,2026-03-15 17:47:25,Adjuster_25,Payment Processing,"Weather data confirms severe storm in area on date of loss. NOAA records show wind gusts exceeding 70mph. Claim is weather-related, approved.",2026-03-13 23:09:25
NOTE-0000844,CL-0000530,2026-04-22 19:22:25,Adjuster_20,Closure Summary,Medical records received from treating physician. Injuries consistent with described accident. IME may not be necessary for this severity level.,2025-06-09 19:54:25
NOTE-0000845,CL-0001875,2025-10-29 14:47:25,Adjuster_33,Payment Processing,Claim denied per policy exclusion for pre-existing damage. Evidence shows damage predates policy effective date. Denial letter sent to insured.,2025-11-28 12:18:25
NOTE-0000846,CL-0000855,2025-10-19 15:56:25,Adjuster_19,Initial Assessment,"Weather data confirms severe storm in area on date of loss. NOAA records show wind gusts exceeding 70mph. Claim is weather-related, approved.",2026-05-20 10:54:25
NOTE-0000847,CL-0000209,2026-01-11 17:52:25,Adjuster_11,Payment Processing,Claimant is frustrated with processing time. Escalated to supervisor. Need to expedite review and provide status update within 24 hours.,2025-08-14 02:08:25
NOTE-0000848,CL-0000471,2025-11-25 02:44:25,Adjuster_33,Closure Summary,Claim denied per policy exclusion for pre-existing damage. Evidence shows damage predates policy effective date. Denial letter sent to insured.,2025-12-06 00:37:25
NOTE-0000849,CL-0001563,2026-05-04 14:04:25,Adjuster_21,Payment Processing,Site inspection completed. Damage is consistent with reported cause of loss. Photos uploaded to file. Recommend approval for repair estimate.,2026-01-13 07:07:25
NOTE-0000850,CL-0002396,2026-04-25 23:59:25,Adjuster_30,Payment Processing,Contacted claimant via phone. They confirmed the timeline of events. No inconsistencies in their account. Proceeding with standard assessment.,2026-04-27 14:08:25
NOTE-0000851,CL-0000624,2025-07-01 09:05:25,Adjuster_6,Initial Assessment,Multiple claims from same location within 6 months. Pattern suggests possible fraud. Flagging for SIU review before further processing.,2025-11-11 15:08:25
NOTE-0000852,CL-0003630,2026-04-28 21:15:25,Adjuster_50,Investigation Update,Subrogation potential identified. Third party clearly at fault per police report. Opening recovery file and notifying subrogation unit.,2025-05-31 01:19:25
NOTE-0000853,CL-0000295,2025-07-27 00:22:25,Adjuster_21,Payment Processing,"Weather data confirms severe storm in area on date of loss. NOAA records show wind gusts exceeding 70mph. Claim is weather-related, approved.",2026-01-05 04:20:25
NOTE-0000854,CL-0002917,2026-03-29 16:21:25,Adjuster_24,Closure Summary,Payment issued to claimant. Check number referenced in system. Closing file pending 30-day satisfaction period. No further action needed.,2025-09-07 13:19:25
NOTE-0000855,CL-0004833,2025-09-23 12:22:25,Adjuster_17,Investigation Update,Repair completed and final inspection passed. Work quality is satisfactory. Releasing final payment to contractor. File ready for closure.,2025-12-02 02:43:25
NOTE-0000856,CL-0004065,2026-03-01 21:13:25,Adjuster_12,Investigation Update,Site inspection completed. Damage is consistent with reported cause of loss. Photos uploaded to file. Recommend approval for repair estimate.,2025-09-08 23:39:25
NOTE-0000857,CL-0001579,2025-08-01 16:51:25,Adjuster_2,Claimant Communication,Repair completed and final inspection passed. Work quality is satisfactory. Releasing final payment to contractor. File ready for closure.,2026-02-25 16:02:25
NOTE-0000858,CL-0004635,2026-03-10 10:59:25,Adjuster_30,Closure Summary,Site inspection completed. Damage is consistent with reported cause of loss. Photos uploaded to file. Recommend approval for repair estimate.,2025-08-26 23:44:25
NOTE-0000859,CL-0001244,2025-12-01 18:53:25,Adjuster_19,Closure Summary,SUSPICIOUS: Timeline of events does not align with witness statements. Damage pattern inconsistent with reported cause. Referring to SIU for further investigation.,2026-01-30 07:00:25
NOTE-0000860,CL-0004638,2026-03-19 14:51:25,Adjuster_1,Initial Assessment,Police report obtained. Details match claimant statement. No evidence of prior damage or fraud indicators. Proceeding with normal processing.,2025-09-10 00:56:25
NOTE-0000861,CL-0003277,2025-07-03 16:11:25,Adjuster_49,Closure Summary,Site inspection completed. Damage is consistent with reported cause of loss. Photos uploaded to file. Recommend approval for repair estimate.,2026-03-26 06:01:25
NOTE-0000862,CL-0004387,2025-08-13 04:03:25,Adjuster_26,Investigation Update,SUSPICIOUS: Timeline of events does not align with witness statements. Damage pattern inconsistent with reported cause. Referring to SIU for further investigation.,2025-08-09 20:44:25
NOTE-0000863,CL-0004467,2025-08-23 22:41:25,Adjuster_50,Payment Processing,SUSPICIOUS: Timeline of events does not align with witness statements. Damage pattern inconsistent with reported cause. Referring to SIU for further investigation.,2025-06-20 04:34:25
NOTE-0000864,CL-0004189,2025-10-02 05:05:25,Adjuster_11,Claimant Communication,Reviewed contractor estimate. Amount seems reasonable for scope of work. Approving payment minus deductible. Will notify policyholder.,2025-12-09 21:25:25
NOTE-0000865,CL-0004112,2025-10-13 23:48:25,Adjuster_22,Payment Processing,Site inspection completed. Damage is consistent with reported cause of loss. Photos uploaded to file. Recommend approval for repair estimate.,2026-01-07 07:16:25
NOTE-0000866,CL-0003089,2025-07-16 08:31:25,Adjuster_43,Claimant Communication,SUSPICIOUS: Timeline of events does not align with witness statements. Damage pattern inconsistent with reported cause. Referring to SIU for further investigation.,2025-09-06 10:19:25
NOTE-0000867,CL-0000827,2026-03-05 15:08:25,Adjuster_7,Initial Assessment,Police report obtained. Details match claimant statement. No evidence of prior damage or fraud indicators. Proceeding with normal processing.,2026-05-21 07:05:25
NOTE-0000868,CL-0003385,2025-07-31 13:07:25,Adjuster_42,Claimant Communication,Payment issued to claimant. Check number referenced in system. Closing file pending 30-day satisfaction period. No further action needed.,2025-10-22 03:48:25
NOTE-0000869,CL-0001225,2025-07-13 05:54:25,Adjuster_4,Closure Summary,Claimant attorney has sent letter of representation. All future communication must go through counsel. Updating file restrictions.,2026-02-26 17:09:25
NOTE-0000870,CL-0001311,2026-03-16 10:53:25,Adjuster_30,Claimant Communication,Subrogation potential identified. Third party clearly at fault per police report. Opening recovery file and notifying subrogation unit.,2025-09-23 12:14:25
NOTE-0000871,CL-0002122,2026-01-08 01:44:25,Adjuster_25,Investigation Update,Medical records received from treating physician. Injuries consistent with described accident. IME may not be necessary for this severity level.,2026-03-25 04:34:25
NOTE-0000872,CL-0001444,2025-08-14 09:27:25,Adjuster_20,Investigation Update,Police report obtained. Details match claimant statement. No evidence of prior damage or fraud indicators. Proceeding with normal processing.,2026-05-17 11:35:25
NOTE-0000873,CL-0004671,2025-07-07 22:51:25,Adjuster_12,Investigation Update,Claim denied per policy exclusion for pre-existing damage. Evidence shows damage predates policy effective date. Denial letter sent to insured.,2026-04-16 17:26:25
NOTE-0000874,CL-0002318,2026-01-09 03:15:25,Adjuster_11,Initial Assessment,Medical records received from treating physician. Injuries consistent with described accident. IME may not be necessary for this severity level.,2026-01-05 17:52:25
NOTE-0000875,CL-0002081,2025-09-26 11:16:25,Adjuster_5,Claimant Communication,Claimant attorney has sent letter of representation. All future communication must go through counsel. Updating file restrictions.,2025-08-03 09:09:25
NOTE-0000876,CL-0003080,2026-01-11 08:51:25,Adjuster_26,Payment Processing,Claimant is frustrated with processing time. Escalated to supervisor. Need to expedite review and provide status update within 24 hours.,2025-10-21 22:29:25
NOTE-0000877,CL-0001888,2025-10-16 00:34:25,Adjuster_32,Investigation Update,Payment issued to claimant. Check number referenced in system. Closing file pending 30-day satisfaction period. No further action needed.,2025-12-19 00:04:25
NOTE-0000878,CL-0002157,2025-11-19 07:07:25,Adjuster_18,Investigation Update,Claimant attorney has sent letter of representation. All future communication must go through counsel. Updating file restrictions.,2025-09-25 08:40:25
NOTE-0000879,CL-0002909,2025-12-09 17:08:25,Adjuster_22,Investigation Update,Payment issued to claimant. Check number referenced in system. Closing file pending 30-day satisfaction period. No further action needed.,2025-07-31 19:54:25
NOTE-0000880,CL-0004601,2026-04-09 14:52:25,Adjuster_43,Closure Summary,Subrogation potential identified. Third party clearly at fault per police report. Opening recovery file and notifying subrogation unit.,2026-03-22 20:06:25
NOTE-0000881,CL-0001975,2025-06-27 07:18:25,Adjuster_12,Claimant Communication,SUSPICIOUS: Timeline of events does not align with witness statements. Damage pattern inconsistent with reported cause. Referring to SIU for further investigation.,2026-01-18 20:30:25
NOTE-0000882,CL-0000528,2026-01-10 08:02:25,Adjuster_50,Claimant Communication,Medical records received from treating physician. Injuries consistent with described accident. IME may not be necessary for this severity level.,2026-01-04 13:19:25
NOTE-0000883,CL-0000394,2025-09-09 05:51:25,Adjuster_17,Claimant Communication,Site inspection completed. Damage is consistent with reported cause of loss. Photos uploaded to file. Recommend approval for repair estimate.,2025-08-01 07:25:25
NOTE-0000884,CL-0003911,2025-10-28 12:35:25,Adjuster_5,Closure Summary,Police report obtained. Details match claimant statement. No evidence of prior damage or fraud indicators. Proceeding with normal processing.,2026-02-24 17:04:25
NOTE-0000885,CL-0002977,2025-08-24 07:24:25,Adjuster_49,Investigation Update,Payment issued to claimant. Check number referenced in system. Closing file pending 30-day satisfaction period. No further action needed.,2026-03-12 07:31:25
NOTE-0000886,CL-0000601,2025-07-09 04:42:25,Adjuster_4,Claimant Communication,Multiple claims from same location within 6 months. Pattern suggests possible fraud. Flagging for SIU review before further processing.,2025-07-01 00:41:25
NOTE-0000887,CL-0004379,2026-03-06 04:04:25,Adjuster_24,Payment Processing,Claimant attorney has sent letter of representation. All future communication must go through counsel. Updating file restrictions.,2025-10-24 16:05:25
NOTE-0000888,CL-0002505,2025-09-13 02:22:25,Adjuster_28,Investigation Update,Claim denied per policy exclusion for pre-existing damage. Evidence shows damage predates policy effective date. Denial letter sent to insured.,2025-10-25 08:38:25
NOTE-0000889,CL-0001186,2026-03-07 15:57:25,Adjuster_38,Payment Processing,Site inspection completed. Damage is consistent with reported cause of loss. Photos uploaded to file. Recommend approval for repair estimate.,2025-10-03 09:40:25
NOTE-0000890,CL-0001549,2025-08-22 02:20:25,Adjuster_4,Closure Summary,Repair completed and final inspection passed. Work quality is satisfactory. Releasing final payment to contractor. File ready for closure.,2026-04-18 12:35:25
NOTE-0000891,CL-0004975,2026-04-04 07:49:25,Adjuster_25,Closure Summary,Multiple claims from same location within 6 months. Pattern suggests possible fraud. Flagging for SIU review before further processing.,2025-12-18 03:02:25
NOTE-0000892,CL-0002507,2025-07-11 01:09:25,Adjuster_35,Initial Assessment,Claimant attorney has sent letter of representation. All future communication must go through counsel. Updating file restrictions.,2025-10-06 21:43:25
NOTE-0000893,CL-0001370,2025-07-24 14:45:25,Adjuster_16,Closure Summary,Multiple claims from same location within 6 months. Pattern suggests possible fraud. Flagging for SIU review before further processing.,2026-02-23 16:48:25
NOTE-0000894,CL-0002243,2025-07-09 06:05:25,Adjuster_40,Initial Assessment,Claimant attorney has sent letter of representation. All future communication must go through counsel. Updating file restrictions.,2025-07-12 16:42:25
NOTE-0000895,CL-0002824,2025-12-26 15:34:25,Adjuster_31,Claimant Communication,Reviewed contractor estimate. Amount seems reasonable for scope of work. Approving payment minus deductible. Will notify policyholder.,2025-06-05 07:12:25
NOTE-0000896,CL-0000607,2025-12-01 12:19:25,Adjuster_13,Investigation Update,Police report obtained. Details match claimant statement. No evidence of prior damage or fraud indicators. Proceeding with normal processing.,2026-05-23 23:44:25
NOTE-0000897,CL-0004283,2025-12-24 11:49:25,Adjuster_35,Payment Processing,Site inspection completed. Damage is consistent with reported cause of loss. Photos uploaded to file. Recommend approval for repair estimate.,2025-06-20 00:42:25
NOTE-0000898,CL-0004535,2025-06-08 02:45:25,Adjuster_9,Investigation Update,Medical records received from treating physician. Injuries consistent with described accident. IME may not be necessary for this severity level.,2025-07-02 13:23:25
NOTE-0000899,CL-0000122,2025-10-19 12:32:25,Adjuster_11,Initial Assessment,Repair completed and final inspection passed. Work quality is satisfactory. Releasing final payment to contractor. File ready for closure.,2025-06-19 00:19:25
NOTE-0000900,CL-0000008,2025-06-15 07:30:25,Adjuster_5,Closure Summary,Workers comp claim validated. Employee was performing regular duties when injury occurred. Employer confirms no safety violations. Approving benefits.,2025-10-27 05:58:25
NOTE-0000901,CL-0000284,2026-04-19 09:13:25,Adjuster_3,Initial Assessment,Reviewed contractor estimate. Amount seems reasonable for scope of work. Approving payment minus deductible. Will notify policyholder.,2026-05-04 00:17:25
NOTE-0000902,CL-0004238,2025-12-10 08:33:25,Adjuster_13,Initial Assessment,Claim denied per policy exclusion for pre-existing damage. Evidence shows damage predates policy effective date. Denial letter sent to insured.,2026-01-29 23:31:25
NOTE-0000903,CL-0004284,2025-11-29 16:03:25,Adjuster_43,Investigation Update,Site inspection completed. Damage is consistent with reported cause of loss. Photos uploaded to file. Recommend approval for repair estimate.,2026-04-02 03:18:25
NOTE-0000904,CL-0000282,2026-03-19 04:37:25,Adjuster_32,Closure Summary,Reviewed contractor estimate. Amount seems reasonable for scope of work. Approving payment minus deductible. Will notify policyholder.,2026-02-19 18:22:25
NOTE-0000905,CL-0001596,2026-01-14 00:45:25,Adjuster_8,Initial Assessment,Payment issued to claimant. Check number referenced in system. Closing file pending 30-day satisfaction period. No further action needed.,2025-12-02 06:50:25
NOTE-0000906,CL-0003025,2026-03-26 13:20:25,Adjuster_20,Payment Processing,"Weather data confirms severe storm in area on date of loss. NOAA records show wind gusts exceeding 70mph. Claim is weather-related, approved.",2026-02-27 00:12:25
NOTE-0000907,CL-0004953,2025-06-21 10:21:25,Adjuster_49,Initial Assessment,Police report obtained. Details match claimant statement. No evidence of prior damage or fraud indicators. Proceeding with normal processing.,2026-04-27 14:07:25
NOTE-0000908,CL-0004906,2025-12-02 10:10:25,Adjuster_6,Initial Assessment,Claimant attorney has sent letter of representation. All future communication must go through counsel. Updating file restrictions.,2025-09-13 18:37:25
NOTE-0000909,CL-0002212,2026-02-14 06:28:25,Adjuster_34,Payment Processing,Multiple claims from same location within 6 months. Pattern suggests possible fraud. Flagging for SIU review before further processing.,2026-03-30 17:25:25
NOTE-0000910,CL-0000216,2026-04-04 16:08:25,Adjuster_21,Investigation Update,Claimant is frustrated with processing time. Escalated to supervisor. Need to expedite review and provide status update within 24 hours.,2025-08-30 11:36:25
NOTE-0000911,CL-0002869,2025-10-30 01:49:25,Adjuster_49,Investigation Update,Medical records received from treating physician. Injuries consistent with described accident. IME may not be necessary for this severity level.,2025-11-13 21:00:25
NOTE-0000912,CL-0001340,2025-08-24 00:34:25,Adjuster_37,Payment Processing,Workers comp claim validated. Employee was performing regular duties when injury occurred. Employer confirms no safety violations. Approving benefits.,2025-10-14 21:12:25
NOTE-0000913,CL-0000420,2025-12-13 10:23:25,Adjuster_12,Investigation Update,Contacted claimant via phone. They confirmed the timeline of events. No inconsistencies in their account. Proceeding with standard assessment.,2025-11-02 09:07:25
NOTE-0000914,CL-0000384,2026-01-25 15:12:25,Adjuster_41,Closure Summary,Repair completed and final inspection passed. Work quality is satisfactory. Releasing final payment to contractor. File ready for closure.,2025-07-08 21:22:25
NOTE-0000915,CL-0003341,2025-12-24 03:50:25,Adjuster_10,Closure Summary,Subrogation potential identified. Third party clearly at fault per police report. Opening recovery file and notifying subrogation unit.,2025-10-17 09:10:25
NOTE-0000916,CL-0004039,2025-08-14 20:59:25,Adjuster_21,Claimant Communication,SUSPICIOUS: Timeline of events does not align with witness statements. Damage pattern inconsistent with reported cause. Referring to SIU for further investigation.,2026-05-15 06:19:25
NOTE-0000917,CL-0004421,2025-11-28 10:29:25,Adjuster_37,Payment Processing,Contacted claimant via phone. They confirmed the timeline of events. No inconsistencies in their account. Proceeding with standard assessment.,2025-06-12 19:09:25
NOTE-0000918,CL-0004158,2025-06-24 03:01:25,Adjuster_8,Investigation Update,Contacted claimant via phone. They confirmed the timeline of events. No inconsistencies in their account. Proceeding with standard assessment.,2026-04-26 03:55:25
NOTE-0000919,CL-0000929,2026-02-25 06:32:25,Adjuster_37,Initial Assessment,"Weather data confirms severe storm in area on date of loss. NOAA records show wind gusts exceeding 70mph. Claim is weather-related, approved.",2026-03-04 14:51:25
NOTE-0000920,CL-0002600,2025-10-23 03:01:25,Adjuster_4,Payment Processing,Contacted claimant via phone. They confirmed the timeline of events. No inconsistencies in their account. Proceeding with standard assessment.,2026-03-03 21:36:25
NOTE-0000921,CL-0000073,2025-09-15 16:09:25,Adjuster_17,Payment Processing,Medical records received from treating physician. Injuries consistent with described accident. IME may not be necessary for this severity level.,2025-09-03 04:54:25
NOTE-0000922,CL-0003637,2025-07-31 10:55:25,Adjuster_12,Initial Assessment,Reviewed contractor estimate. Amount seems reasonable for scope of work. Approving payment minus deductible. Will notify policyholder.,2026-01-25 00:15:25
NOTE-0000923,CL-0004606,2026-02-22 23:35:25,Adjuster_22,Claimant Communication,Repair completed and final inspection passed. Work quality is satisfactory. Releasing final payment to contractor. File ready for closure.,2025-05-31 07:42:25
NOTE-0000924,CL-0001096,2025-06-05 15:46:25,Adjuster_7,Claimant Communication,Claimant is frustrated with processing time. Escalated to supervisor. Need to expedite review and provide status update within 24 hours.,2025-07-27 20:56:25
NOTE-0000925,CL-0000624,2025-08-21 03:47:25,Adjuster_30,Claimant Communication,Police report obtained. Details match claimant statement. No evidence of prior damage or fraud indicators. Proceeding with normal processing.,2026-03-26 17:12:25
NOTE-0000926,CL-0001440,2026-03-03 22:58:25,Adjuster_23,Claimant Communication,Subrogation potential identified. Third party clearly at fault per police report. Opening recovery file and notifying subrogation unit.,2025-12-26 04:43:25
NOTE-0000927,CL-0002365,2025-12-19 16:03:25,Adjuster_35,Initial Assessment,Medical records received from treating physician. Injuries consistent with described accident. IME may not be necessary for this severity level.,2026-05-07 15:40:25
NOTE-0000928,CL-0004668,2025-08-16 22:14:25,Adjuster_7,Investigation Update,SUSPICIOUS: Timeline of events does not align with witness statements. Damage pattern inconsistent with reported cause. Referring to SIU for further investigation.,2026-05-15 17:45:25
NOTE-0000929,CL-0003598,2025-05-26 12:53:25,Adjuster_16,Claimant Communication,"Weather data confirms severe storm in area on date of loss. NOAA records show wind gusts exceeding 70mph. Claim is weather-related, approved.",2025-12-29 08:59:25
NOTE-0000930,CL-0002663,2025-10-04 05:18:25,Adjuster_44,Closure Summary,Claim denied per policy exclusion for pre-existing damage. Evidence shows damage predates policy effective date. Denial letter sent to insured.,2025-11-26 01:50:25
NOTE-0000931,CL-0003962,2026-04-19 12:33:25,Adjuster_35,Payment Processing,Police report obtained. Details match claimant statement. No evidence of prior damage or fraud indicators. Proceeding with normal processing.,2026-03-05 14:15:25
NOTE-0000932,CL-0000141,2026-03-03 05:34:25,Adjuster_31,Initial Assessment,Subrogation potential identified. Third party clearly at fault per police report. Opening recovery file and notifying subrogation unit.,2026-02-09 10:17:25
NOTE-0000933,CL-0000125,2026-03-03 19:31:25,Adjuster_10,Closure Summary,Multiple claims from same location within 6 months. Pattern suggests possible fraud. Flagging for SIU review before further processing.,2026-01-25 16:25:25
NOTE-0000934,CL-0004944,2026-05-23 01:30:25,Adjuster_7,Closure Summary,Repair completed and final inspection passed. Work quality is satisfactory. Releasing final payment to contractor. File ready for closure.,2025-07-12 13:34:25
NOTE-0000935,CL-0003618,2025-06-29 20:28:25,Adjuster_25,Closure Summary,Subrogation potential identified. Third party clearly at fault per police report. Opening recovery file and notifying subrogation unit.,2026-01-20 11:45:25
NOTE-0000936,CL-0001528,2026-02-13 20:49:25,Adjuster_2,Claimant Communication,Medical records received from treating physician. Injuries consistent with described accident. IME may not be necessary for this severity level.,2025-09-13 06:41:25
NOTE-0000937,CL-0003568,2025-09-17 13:18:25,Adjuster_14,Investigation Update,Repair completed and final inspection passed. Work quality is satisfactory. Releasing final payment to contractor. File ready for closure.,2025-06-12 15:22:25
NOTE-0000938,CL-0002648,2025-06-14 18:28:25,Adjuster_48,Closure Summary,Claim denied per policy exclusion for pre-existing damage. Evidence shows damage predates policy effective date. Denial letter sent to insured.,2026-05-25 23:00:25
NOTE-0000939,CL-0002696,2026-03-10 17:47:25,Adjuster_10,Payment Processing,Multiple claims from same location within 6 months. Pattern suggests possible fraud. Flagging for SIU review before further processing.,2025-09-23 12:48:25
NOTE-0000940,CL-0004699,2025-06-26 21:18:25,Adjuster_35,Claimant Communication,"Weather data confirms severe storm in area on date of loss. NOAA records show wind gusts exceeding 70mph. Claim is weather-related, approved.",2025-06-26 13:34:25
NOTE-0000941,CL-0000748,2026-03-19 14:11:25,Adjuster_46,Claimant Communication,SUSPICIOUS: Timeline of events does not align with witness statements. Damage pattern inconsistent with reported cause. Referring to SIU for further investigation.,2026-05-03 14:42:25
NOTE-0000942,CL-0000530,2025-10-20 21:51:25,Adjuster_23,Closure Summary,SUSPICIOUS: Timeline of events does not align with witness statements. Damage pattern inconsistent with reported cause. Referring to SIU for further investigation.,2026-01-05 07:27:25
NOTE-0000943,CL-0004437,2026-05-10 01:23:25,Adjuster_3,Claimant Communication,SUSPICIOUS: Timeline of events does not align with witness statements. Damage pattern inconsistent with reported cause. Referring to SIU for further investigation.,2025-12-09 05:22:25
NOTE-0000944,CL-0003206,2025-06-03 08:38:25,Adjuster_2,Payment Processing,"Weather data confirms severe storm in area on date of loss. NOAA records show wind gusts exceeding 70mph. Claim is weather-related, approved.",2026-05-04 22:58:25
NOTE-0000945,CL-0002297,2025-12-01 13:18:25,Adjuster_1,Payment Processing,"Weather data confirms severe storm in area on date of loss. NOAA records show wind gusts exceeding 70mph. Claim is weather-related, approved.",2025-08-11 02:31:25
NOTE-0000946,CL-0003836,2025-11-11 09:39:25,Adjuster_25,Claimant Communication,Medical records received from treating physician. Injuries consistent with described accident. IME may not be necessary for this severity level.,2025-07-04 21:08:25
NOTE-0000947,CL-0004455,2025-06-21 22:37:25,Adjuster_10,Initial Assessment,"Weather data confirms severe storm in area on date of loss. NOAA records show wind gusts exceeding 70mph. Claim is weather-related, approved.",2025-11-02 13:21:25
NOTE-0000948,CL-0004933,2025-06-12 02:33:25,Adjuster_40,Initial Assessment,Claim denied per policy exclusion for pre-existing damage. Evidence shows damage predates policy effective date. Denial letter sent to insured.,2026-05-15 03:20:25
NOTE-0000949,CL-0004621,2026-02-19 14:40:25,Adjuster_34,Initial Assessment,Claimant attorney has sent letter of representation. All future communication must go through counsel. Updating file restrictions.,2026-03-05 07:35:25
NOTE-0000950,CL-0000411,2026-01-28 07:31:25,Adjuster_29,Payment Processing,Contacted claimant via phone. They confirmed the timeline of events. No inconsistencies in their account. Proceeding with standard assessment.,2025-09-18 17:27:25
NOTE-0000951,CL-0001281,2025-11-22 04:42:25,Adjuster_33,Payment Processing,Workers comp claim validated. Employee was performing regular duties when injury occurred. Employer confirms no safety violations. Approving benefits.,2025-11-28 04:44:25
NOTE-0000952,CL-0001032,2026-04-20 11:05:25,Adjuster_12,Investigation Update,Reviewed contractor estimate. Amount seems reasonable for scope of work. Approving payment minus deductible. Will notify policyholder.,2025-10-14 14:53:25
NOTE-0000953,CL-0001098,2026-01-12 13:17:25,Adjuster_42,Claimant Communication,Payment issued to claimant. Check number referenced in system. Closing file pending 30-day satisfaction period. No further action needed.,2025-09-18 19:41:25
NOTE-0000954,CL-0000931,2026-02-13 02:30:25,Adjuster_46,Investigation Update,SUSPICIOUS: Timeline of events does not align with witness statements. Damage pattern inconsistent with reported cause. Referring to SIU for further investigation.,2025-11-12 20:48:25
NOTE-0000955,CL-0002354,2025-10-12 18:01:25,Adjuster_25,Investigation Update,Subrogation potential identified. Third party clearly at fault per police report. Opening recovery file and notifying subrogation unit.,2025-12-14 11:17:25
NOTE-0000956,CL-0004927,2026-02-27 02:40:25,Adjuster_33,Claimant Communication,Claim denied per policy exclusion for pre-existing damage. Evidence shows damage predates policy effective date. Denial letter sent to insured.,2026-02-03 02:41:25
NOTE-0000957,CL-0000810,2025-08-26 08:55:25,Adjuster_5,Payment Processing,Claimant is frustrated with processing time. Escalated to supervisor. Need to expedite review and provide status update within 24 hours.,2026-02-05 18:42:25
NOTE-0000958,CL-0001139,2025-12-28 03:34:25,Adjuster_35,Investigation Update,Site inspection completed. Damage is consistent with reported cause of loss. Photos uploaded to file. Recommend approval for repair estimate.,2025-10-10 07:08:25
NOTE-0000959,CL-0003629,2025-09-22 13:04:25,Adjuster_44,Closure Summary,Multiple claims from same location within 6 months. Pattern suggests possible fraud. Flagging for SIU review before further processing.,2025-07-02 13:20:25
NOTE-0000960,CL-0002115,2025-08-12 09:43:25,Adjuster_34,Investigation Update,Contacted claimant via phone. They confirmed the timeline of events. No inconsistencies in their account. Proceeding with standard assessment.,2025-09-05 14:17:25
NOTE-0000961,CL-0002167,2025-12-28 03:25:25,Adjuster_21,Payment Processing,Medical records received from treating physician. Injuries consistent with described accident. IME may not be necessary for this severity level.,2026-04-22 16:34:25
NOTE-0000962,CL-0000593,2026-01-07 00:51:25,Adjuster_46,Initial Assessment,Police report obtained. Details match claimant statement. No evidence of prior damage or fraud indicators. Proceeding with normal processing.,2026-05-23 23:02:25
NOTE-0000963,CL-0002925,2025-06-28 03:26:25,Adjuster_10,Initial Assessment,Police report obtained. Details match claimant statement. No evidence of prior damage or fraud indicators. Proceeding with normal processing.,2025-11-16 08:33:25
NOTE-0000964,CL-0003258,2026-04-05 11:04:25,Adjuster_12,Claimant Communication,Payment issued to claimant. Check number referenced in system. Closing file pending 30-day satisfaction period. No further action needed.,2025-12-08 01:53:25
NOTE-0000965,CL-0003425,2025-12-29 23:59:25,Adjuster_50,Claimant Communication,Workers comp claim validated. Employee was performing regular duties when injury occurred. Employer confirms no safety violations. Approving benefits.,2025-08-22 20:44:25
NOTE-0000966,CL-0002279,2026-02-24 19:48:25,Adjuster_30,Closure Summary,Claimant attorney has sent letter of representation. All future communication must go through counsel. Updating file restrictions.,2026-03-03 06:41:25
NOTE-0000967,CL-0003270,2026-05-11 11:54:25,Adjuster_41,Investigation Update,SUSPICIOUS: Timeline of events does not align with witness statements. Damage pattern inconsistent with reported cause. Referring to SIU for further investigation.,2026-04-16 02:39:25
NOTE-0000968,CL-0000721,2025-12-03 12:25:25,Adjuster_14,Closure Summary,SUSPICIOUS: Timeline of events does not align with witness statements. Damage pattern inconsistent with reported cause. Referring to SIU for further investigation.,2025-06-10 23:01:25
NOTE-0000969,CL-0001547,2025-12-30 20:51:25,Adjuster_16,Investigation Update,Reviewed contractor estimate. Amount seems reasonable for scope of work. Approving payment minus deductible. Will notify policyholder.,2026-03-27 09:53:25
NOTE-0000970,CL-0002517,2026-04-19 05:53:25,Adjuster_16,Investigation Update,Claimant attorney has sent letter of representation. All future communication must go through counsel. Updating file restrictions.,2025-12-21 13:38:25
NOTE-0000971,CL-0004239,2025-07-05 01:21:25,Adjuster_47,Claimant Communication,SUSPICIOUS: Timeline of events does not align with witness statements. Damage pattern inconsistent with reported cause. Referring to SIU for further investigation.,2025-08-25 02:33:25
NOTE-0000972,CL-0001636,2025-05-25 23:31:25,Adjuster_9,Claimant Communication,Medical records received from treating physician. Injuries consistent with described accident. IME may not be necessary for this severity level.,2026-05-06 18:07:25
NOTE-0000973,CL-0002585,2025-08-15 13:34:25,Adjuster_24,Investigation Update,Subrogation potential identified. Third party clearly at fault per police report. Opening recovery file and notifying subrogation unit.,2025-06-23 11:42:25
NOTE-0000974,CL-0002553,2026-04-09 21:53:25,Adjuster_41,Initial Assessment,Workers comp claim validated. Employee was performing regular duties when injury occurred. Employer confirms no safety violations. Approving benefits.,2026-03-06 18:01:25
NOTE-0000975,CL-0000900,2026-03-28 21:51:25,Adjuster_9,Investigation Update,Medical records received from treating physician. Injuries consistent with described accident. IME may not be necessary for this severity level.,2025-10-05 10:07:25
NOTE-0000976,CL-0000866,2025-05-27 00:42:25,Adjuster_33,Payment Processing,Site inspection completed. Damage is consistent with reported cause of loss. Photos uploaded to file. Recommend approval for repair estimate.,2025-12-28 07:36:25
NOTE-0000977,CL-0000483,2026-04-10 01:31:25,Adjuster_26,Closure Summary,Police report obtained. Details match claimant statement. No evidence of prior damage or fraud indicators. Proceeding with normal processing.,2025-09-22 15:52:25
NOTE-0000978,CL-0001589,2026-02-21 10:44:25,Adjuster_42,Investigation Update,Repair completed and final inspection passed. Work quality is satisfactory. Releasing final payment to contractor. File ready for closure.,2026-03-05 20:21:25
NOTE-0000979,CL-0001584,2025-07-29 05:24:25,Adjuster_39,Payment Processing,Claimant is frustrated with processing time. Escalated to supervisor. Need to expedite review and provide status update within 24 hours.,2026-04-19 18:59:25
NOTE-0000980,CL-0002783,2026-03-02 21:43:25,Adjuster_46,Claimant Communication,Claimant is frustrated with processing time. Escalated to supervisor. Need to expedite review and provide status update within 24 hours.,2025-06-12 16:39:25
NOTE-0000981,CL-0001810,2025-08-08 21:26:25,Adjuster_42,Payment Processing,Subrogation potential identified. Third party clearly at fault per police report. Opening recovery file and notifying subrogation unit.,2025-09-13 14:05:25
NOTE-0000982,CL-0004512,2025-06-22 05:26:25,Adjuster_12,Closure Summary,Workers comp claim validated. Employee was performing regular duties when injury occurred. Employer confirms no safety violations. Approving benefits.,2025-08-29 21:40:25
NOTE-0000983,CL-0004500,2026-03-02 00:10:25,Adjuster_47,Initial Assessment,Payment issued to claimant. Check number referenced in system. Closing file pending 30-day satisfaction period. No further action needed.,2026-04-13 05:04:25
NOTE-0000984,CL-0002898,2025-08-15 03:30:25,Adjuster_45,Investigation Update,Claim denied per policy exclusion for pre-existing damage. Evidence shows damage predates policy effective date. Denial letter sent to insured.,2025-09-10 22:12:25
NOTE-0000985,CL-0001598,2025-11-25 18:32:25,Adjuster_19,Payment Processing,Claimant attorney has sent letter of representation. All future communication must go through counsel. Updating file restrictions.,2026-05-21 05:56:25
NOTE-0000986,CL-0000103,2025-06-07 02:04:25,Adjuster_44,Initial Assessment,Medical records received from treating physician. Injuries consistent with described accident. IME may not be necessary for this severity level.,2025-10-15 14:48:25
NOTE-0000987,CL-0004484,2025-08-15 00:04:25,Adjuster_13,Initial Assessment,SUSPICIOUS: Timeline of events does not align with witness statements. Damage pattern inconsistent with reported cause. Referring to SIU for further investigation.,2025-10-26 12:50:25
NOTE-0000988,CL-0001896,2026-04-18 06:56:25,Adjuster_38,Closure Summary,Claimant attorney has sent letter of representation. All future communication must go through counsel. Updating file restrictions.,2026-03-13 03:18:25
NOTE-0000989,CL-0004303,2026-02-03 13:53:25,Adjuster_19,Claimant Communication,Claim denied per policy exclusion for pre-existing damage. Evidence shows damage predates policy effective date. Denial letter sent to insured.,2025-12-01 05:24:25
NOTE-0000990,CL-0001895,2025-12-24 23:49:25,Adjuster_34,Initial Assessment,Contacted claimant via phone. They confirmed the timeline of events. No inconsistencies in their account. Proceeding with standard assessment.,2025-12-26 17:20:25
NOTE-0000991,CL-0002608,2025-12-30 09:50:25,Adjuster_40,Investigation Update,Subrogation potential identified. Third party clearly at fault per police report. Opening recovery file and notifying subrogation unit.,2025-11-21 00:54:25
NOTE-0000992,CL-0000061,2025-07-16 14:37:25,Adjuster_43,Investigation Update,Medical records received from treating physician. Injuries consistent with described accident. IME may not be necessary for this severity level.,2025-07-22 09:20:25
NOTE-0000993,CL-0000249,2026-02-14 21:54:25,Adjuster_33,Investigation Update,Multiple claims from same location within 6 months. Pattern suggests possible fraud. Flagging for SIU review before further processing.,2025-11-06 07:23:25
NOTE-0000994,CL-0003585,2026-02-27 01:29:25,Adjuster_15,Initial Assessment,Site inspection completed. Damage is consistent with reported cause of loss. Photos uploaded to file. Recommend approval for repair estimate.,2025-08-06 01:19:25
NOTE-0000995,CL-0003296,2025-12-24 07:46:25,Adjuster_29,Investigation Update,"Weather data confirms severe storm in area on date of loss. NOAA records show wind gusts exceeding 70mph. Claim is weather-related, approved.",2025-08-21 17:03:25
NOTE-0000996,CL-0004512,2026-01-11 21:12:25,Adjuster_50,Closure Summary,Repair completed and final inspection passed. Work quality is satisfactory. Releasing final payment to contractor. File ready for closure.,2026-05-11 20:30:25
NOTE-0000997,CL-0002932,2025-10-02 14:24:25,Adjuster_40,Initial Assessment,Police report obtained. Details match claimant statement. No evidence of prior damage or fraud indicators. Proceeding with normal processing.,2026-01-02 23:53:25
NOTE-0000998,CL-0004379,2026-05-23 16:29:25,Adjuster_33,Payment Processing,Medical records received from treating physician. Injuries consistent with described accident. IME may not be necessary for this severity level.,2025-06-15 22:30:25
NOTE-0000999,CL-0003672,2025-08-21 02:06:25,Adjuster_36,Payment Processing,Claimant is frustrated with processing time. Escalated to supervisor. Need to expedite review and provide status update within 24 hours.,2025-08-01 20:18:25
NOTE-0001000,CL-0003954,2025-05-27 16:43:25,Adjuster_43,Investigation Update,Workers comp claim validated. Employee was performing regular duties when injury occurred. Employer confirms no safety violations. Approving benefits.,2025-06-08 09:56:25
NOTE-0001001,CL-0003498,2025-10-21 01:22:25,Adjuster_31,Payment Processing,Multiple claims from same location within 6 months. Pattern suggests possible fraud. Flagging for SIU review before further processing.,2026-01-02 07:14:25
NOTE-0001002,CL-0004860,2025-11-02 05:47:25,Adjuster_42,Payment Processing,Claim denied per policy exclusion for pre-existing damage. Evidence shows damage predates policy effective date. Denial letter sent to insured.,2026-01-15 17:31:25
NOTE-0001003,CL-0002206,2025-07-25 08:15:25,Adjuster_17,Closure Summary,Claimant attorney has sent letter of representation. All future communication must go through counsel. Updating file restrictions.,2026-03-18 11:17:25
NOTE-0001004,CL-0002024,2025-12-25 06:19:25,Adjuster_19,Investigation Update,Police report obtained. Details match claimant statement. No evidence of prior damage or fraud indicators. Proceeding with normal processing.,2026-03-19 16:03:25
NOTE-0001005,CL-0002926,2025-08-05 12:55:25,Adjuster_41,Initial Assessment,SUSPICIOUS: Timeline of events does not align with witness statements. Damage pattern inconsistent with reported cause. Referring to SIU for further investigation.,2026-01-09 10:44:25
NOTE-0001006,CL-0004860,2025-11-10 05:28:25,Adjuster_30,Closure Summary,"Weather data confirms severe storm in area on date of loss. NOAA records show wind gusts exceeding 70mph. Claim is weather-related, approved.",2026-05-17 20:16:25
NOTE-0001007,CL-0002167,2025-11-06 04:40:25,Adjuster_3,Payment Processing,Repair completed and final inspection passed. Work quality is satisfactory. Releasing final payment to contractor. File ready for closure.,2025-09-18 00:06:25
NOTE-0001008,CL-0001565,2025-07-20 04:08:25,Adjuster_18,Investigation Update,Claimant attorney has sent letter of representation. All future communication must go through counsel. Updating file restrictions.,2025-06-28 21:48:25
NOTE-0001009,CL-0003603,2025-11-10 10:12:25,Adjuster_19,Payment Processing,"Weather data confirms severe storm in area on date of loss. NOAA records show wind gusts exceeding 70mph. Claim is weather-related, approved.",2026-02-21 20:53:25
NOTE-0001010,CL-0001181,2025-12-08 12:07:25,Adjuster_42,Closure Summary,Subrogation potential identified. Third party clearly at fault per police report. Opening recovery file and notifying subrogation unit.,2026-04-01 20:32:25
NOTE-0001011,CL-0001463,2026-04-29 02:44:25,Adjuster_14,Closure Summary,Medical records received from treating physician. Injuries consistent with described accident. IME may not be necessary for this severity level.,2025-12-11 17:26:25
NOTE-0001012,CL-0002577,2025-09-08 21:34:25,Adjuster_37,Claimant Communication,SUSPICIOUS: Timeline of events does not align with witness statements. Damage pattern inconsistent with reported cause. Referring to SIU for further investigation.,2025-10-03 10:43:25
NOTE-0001013,CL-0004959,2025-07-07 10:42:25,Adjuster_30,Claimant Communication,Medical records received from treating physician. Injuries consistent with described accident. IME may not be necessary for this severity level.,2025-07-28 12:56:25
NOTE-0001014,CL-0003675,2025-06-29 04:21:25,Adjuster_4,Claimant Communication,Contacted claimant via phone. They confirmed the timeline of events. No inconsistencies in their account. Proceeding with standard assessment.,2026-05-13 20:05:25
NOTE-0001015,CL-0001026,2025-08-29 05:14:25,Adjuster_18,Closure Summary,SUSPICIOUS: Timeline of events does not align with witness statements. Damage pattern inconsistent with reported cause. Referring to SIU for further investigation.,2026-01-14 04:23:25
NOTE-0001016,CL-0002724,2026-03-24 05:27:25,Adjuster_26,Closure Summary,Payment issued to claimant. Check number referenced in system. Closing file pending 30-day satisfaction period. No further action needed.,2025-12-30 01:32:25
NOTE-0001017,CL-0004738,2025-12-14 20:19:25,Adjuster_32,Payment Processing,Reviewed contractor estimate. Amount seems reasonable for scope of work. Approving payment minus deductible. Will notify policyholder.,2025-10-02 00:47:25
NOTE-0001018,CL-0000913,2025-11-20 10:29:25,Adjuster_27,Claimant Communication,Site inspection completed. Damage is consistent with reported cause of loss. Photos uploaded to file. Recommend approval for repair estimate.,2025-07-30 06:26:25
NOTE-0001019,CL-0000809,2025-12-10 21:35:25,Adjuster_21,Closure Summary,Site inspection completed. Damage is consistent with reported cause of loss. Photos uploaded to file. Recommend approval for repair estimate.,2025-07-20 15:09:25
NOTE-0001020,CL-0002058,2026-01-18 11:28:25,Adjuster_32,Investigation Update,Claimant is frustrated with processing time. Escalated to supervisor. Need to expedite review and provide status update within 24 hours.,2025-11-18 18:46:25
NOTE-0001021,CL-0001118,2025-12-27 10:16:25,Adjuster_42,Claimant Communication,SUSPICIOUS: Timeline of events does not align with witness statements. Damage pattern inconsistent with reported cause. Referring to SIU for further investigation.,2026-05-14 05:49:25
NOTE-0001022,CL-0004079,2025-11-02 07:31:25,Adjuster_12,Closure Summary,Subrogation potential identified. Third party clearly at fault per police report. Opening recovery file and notifying subrogation unit.,2026-02-03 21:48:25
NOTE-0001023,CL-0000219,2026-05-10 09:18:25,Adjuster_11,Investigation Update,Multiple claims from same location within 6 months. Pattern suggests possible fraud. Flagging for SIU review before further processing.,2026-03-10 20:24:25
NOTE-0001024,CL-0003937,2025-09-03 22:36:25,Adjuster_14,Payment Processing,SUSPICIOUS: Timeline of events does not align with witness statements. Damage pattern inconsistent with reported cause. Referring to SIU for further investigation.,2026-03-03 09:59:25
NOTE-0001025,CL-0004237,2025-10-29 08:20:25,Adjuster_44,Initial Assessment,Claimant attorney has sent letter of representation. All future communication must go through counsel. Updating file restrictions.,2026-03-09 11:16:25
NOTE-0001026,CL-0002923,2026-04-10 13:08:25,Adjuster_33,Investigation Update,Medical records received from treating physician. Injuries consistent with described accident. IME may not be necessary for this severity level.,2025-09-01 10:06:25
NOTE-0001027,CL-0002922,2025-09-21 00:41:25,Adjuster_4,Investigation Update,Subrogation potential identified. Third party clearly at fault per police report. Opening recovery file and notifying subrogation unit.,2025-09-22 10:17:25
NOTE-0001028,CL-0003425,2025-09-21 02:00:25,Adjuster_7,Payment Processing,Claimant attorney has sent letter of representation. All future communication must go through counsel. Updating file restrictions.,2025-06-03 01:54:25
NOTE-0001029,CL-0000590,2025-07-03 22:17:25,Adjuster_11,Claimant Communication,Police report obtained. Details match claimant statement. No evidence of prior damage or fraud indicators. Proceeding with normal processing.,2026-05-20 17:28:25
NOTE-0001030,CL-0002650,2025-08-02 18:27:25,Adjuster_50,Closure Summary,Workers comp claim validated. Employee was performing regular duties when injury occurred. Employer confirms no safety violations. Approving benefits.,2026-05-22 22:09:25
NOTE-0001031,CL-0000445,2026-05-26 08:20:25,Adjuster_24,Investigation Update,Claim denied per policy exclusion for pre-existing damage. Evidence shows damage predates policy effective date. Denial letter sent to insured.,2026-03-16 14:34:25
NOTE-0001032,CL-0000252,2025-08-22 18:34:25,Adjuster_49,Investigation Update,Subrogation potential identified. Third party clearly at fault per police report. Opening recovery file and notifying subrogation unit.,2025-11-23 04:36:25
NOTE-0001033,CL-0002392,2025-06-24 06:56:25,Adjuster_42,Closure Summary,Medical records received from treating physician. Injuries consistent with described accident. IME may not be necessary for this severity level.,2025-07-28 03:23:25
NOTE-0001034,CL-0003257,2025-07-11 15:44:25,Adjuster_25,Closure Summary,Multiple claims from same location within 6 months. Pattern suggests possible fraud. Flagging for SIU review before further processing.,2025-07-08 18:12:25
NOTE-0001035,CL-0004874,2025-07-28 18:01:25,Adjuster_36,Closure Summary,Claim denied per policy exclusion for pre-existing damage. Evidence shows damage predates policy effective date. Denial letter sent to insured.,2025-11-27 19:33:25
NOTE-0001036,CL-0002460,2026-04-17 08:38:25,Adjuster_15,Closure Summary,Medical records received from treating physician. Injuries consistent with described accident. IME may not be necessary for this severity level.,2026-04-13 08:14:25
NOTE-0001037,CL-0001280,2025-07-10 05:31:25,Adjuster_39,Initial Assessment,Police report obtained. Details match claimant statement. No evidence of prior damage or fraud indicators. Proceeding with normal processing.,2026-04-06 19:52:25
NOTE-0001038,CL-0002675,2026-01-18 03:18:25,Adjuster_18,Claimant Communication,Site inspection completed. Damage is consistent with reported cause of loss. Photos uploaded to file. Recommend approval for repair estimate.,2025-07-28 00:58:25
NOTE-0001039,CL-0003277,2026-02-25 01:08:25,Adjuster_28,Claimant Communication,Reviewed contractor estimate. Amount seems reasonable for scope of work. Approving payment minus deductible. Will notify policyholder.,2025-09-01 22:15:25
NOTE-0001040,CL-0000835,2026-03-20 02:21:25,Adjuster_9,Claimant Communication,Claimant attorney has sent letter of representation. All future communication must go through counsel. Updating file restrictions.,2026-03-28 23:14:25
NOTE-0001041,CL-0002211,2025-12-20 01:56:25,Adjuster_28,Initial Assessment,Site inspection completed. Damage is consistent with reported cause of loss. Photos uploaded to file. Recommend approval for repair estimate.,2026-03-09 09:37:25
NOTE-0001042,CL-0003390,2026-04-30 18:59:25,Adjuster_26,Claimant Communication,"Weather data confirms severe storm in area on date of loss. NOAA records show wind gusts exceeding 70mph. Claim is weather-related, approved.",2025-12-19 18:34:25
NOTE-0001043,CL-0001111,2025-08-29 07:14:25,Adjuster_21,Payment Processing,Claim denied per policy exclusion for pre-existing damage. Evidence shows damage predates policy effective date. Denial letter sent to insured.,2025-07-03 03:13:25
NOTE-0001044,CL-0004771,2025-07-18 04:51:25,Adjuster_49,Initial Assessment,Claimant attorney has sent letter of representation. All future communication must go through counsel. Updating file restrictions.,2025-11-08 12:57:25
NOTE-0001045,CL-0000675,2025-07-06 10:23:25,Adjuster_45,Investigation Update,Police report obtained. Details match claimant statement. No evidence of prior damage or fraud indicators. Proceeding with normal processing.,2026-02-27 01:14:25
NOTE-0001046,CL-0001667,2026-05-20 11:12:25,Adjuster_4,Initial Assessment,Site inspection completed. Damage is consistent with reported cause of loss. Photos uploaded to file. Recommend approval for repair estimate.,2025-11-26 21:14:25
NOTE-0001047,CL-0001952,2025-06-20 07:42:25,Adjuster_50,Claimant Communication,Site inspection completed. Damage is consistent with reported cause of loss. Photos uploaded to file. Recommend approval for repair estimate.,2026-03-09 19:25:25
NOTE-0001048,CL-0002003,2025-09-18 10:27:25,Adjuster_12,Claimant Communication,Payment issued to claimant. Check number referenced in system. Closing file pending 30-day satisfaction period. No further action needed.,2026-03-14 04:43:25
NOTE-0001049,CL-0003285,2025-08-16 16:53:25,Adjuster_28,Initial Assessment,Claimant attorney has sent letter of representation. All future communication must go through counsel. Updating file restrictions.,2025-06-30 23:35:25
NOTE-0001050,CL-0003977,2025-09-03 14:39:25,Adjuster_43,Closure Summary,Reviewed contractor estimate. Amount seems reasonable for scope of work. Approving payment minus deductible. Will notify policyholder.,2025-10-18 21:17:25
NOTE-0001051,CL-0002622,2025-11-03 23:10:25,Adjuster_44,Closure Summary,Workers comp claim validated. Employee was performing regular duties when injury occurred. Employer confirms no safety violations. Approving benefits.,2026-04-30 08:06:25
NOTE-0001052,CL-0000140,2026-01-25 10:40:25,Adjuster_37,Payment Processing,Workers comp claim validated. Employee was performing regular duties when injury occurred. Employer confirms no safety violations. Approving benefits.,2025-11-24 03:51:25
NOTE-0001053,CL-0001493,2025-06-29 22:24:25,Adjuster_30,Claimant Communication,Payment issued to claimant. Check number referenced in system. Closing file pending 30-day satisfaction period. No further action needed.,2026-04-29 11:14:25
NOTE-0001054,CL-0001092,2026-01-17 13:25:25,Adjuster_25,Investigation Update,Police report obtained. Details match claimant statement. No evidence of prior damage or fraud indicators. Proceeding with normal processing.,2025-08-15 22:34:25
NOTE-0001055,CL-0003724,2025-11-08 23:18:25,Adjuster_48,Payment Processing,Claim denied per policy exclusion for pre-existing damage. Evidence shows damage predates policy effective date. Denial letter sent to insured.,2025-11-21 07:43:25
NOTE-0001056,CL-0002735,2025-09-05 12:19:25,Adjuster_32,Payment Processing,Claim denied per policy exclusion for pre-existing damage. Evidence shows damage predates policy effective date. Denial letter sent to insured.,2025-10-03 14:30:25
NOTE-0001057,CL-0003573,2026-02-14 20:05:25,Adjuster_19,Initial Assessment,Claimant attorney has sent letter of representation. All future communication must go through counsel. Updating file restrictions.,2026-05-15 05:52:25
NOTE-0001058,CL-0003157,2025-10-17 22:27:25,Adjuster_23,Investigation Update,Payment issued to claimant. Check number referenced in system. Closing file pending 30-day satisfaction period. No further action needed.,2026-04-20 16:19:25
NOTE-0001059,CL-0001980,2025-07-30 13:01:25,Adjuster_43,Initial Assessment,Claimant is frustrated with processing time. Escalated to supervisor. Need to expedite review and provide status update within 24 hours.,2026-02-24 13:04:25
NOTE-0001060,CL-0000277,2026-05-25 04:31:25,Adjuster_16,Closure Summary,"Weather data confirms severe storm in area on date of loss. NOAA records show wind gusts exceeding 70mph. Claim is weather-related, approved.",2026-02-10 07:46:25
NOTE-0001061,CL-0002980,2025-07-13 12:17:25,Adjuster_34,Investigation Update,Claimant attorney has sent letter of representation. All future communication must go through counsel. Updating file restrictions.,2026-03-26 15:05:25
NOTE-0001062,CL-0004575,2025-08-31 02:36:25,Adjuster_35,Investigation Update,Reviewed contractor estimate. Amount seems reasonable for scope of work. Approving payment minus deductible. Will notify policyholder.,2025-12-31 13:36:25
NOTE-0001063,CL-0004389,2026-01-31 17:54:25,Adjuster_35,Claimant Communication,Repair completed and final inspection passed. Work quality is satisfactory. Releasing final payment to contractor. File ready for closure.,2026-03-15 02:57:25
NOTE-0001064,CL-0001476,2025-07-23 10:44:25,Adjuster_43,Claimant Communication,Contacted claimant via phone. They confirmed the timeline of events. No inconsistencies in their account. Proceeding with standard assessment.,2026-04-13 01:08:25
NOTE-0001065,CL-0002550,2025-05-29 07:19:25,Adjuster_45,Initial Assessment,Repair completed and final inspection passed. Work quality is satisfactory. Releasing final payment to contractor. File ready for closure.,2025-06-08 17:38:25
NOTE-0001066,CL-0003719,2025-10-07 02:51:25,Adjuster_50,Claimant Communication,Reviewed contractor estimate. Amount seems reasonable for scope of work. Approving payment minus deductible. Will notify policyholder.,2026-02-06 19:13:25
NOTE-0001067,CL-0004767,2026-01-22 16:14:25,Adjuster_21,Payment Processing,Claim denied per policy exclusion for pre-existing damage. Evidence shows damage predates policy effective date. Denial letter sent to insured.,2025-08-08 01:14:25
NOTE-0001068,CL-0002851,2025-09-10 13:32:25,Adjuster_23,Claimant Communication,SUSPICIOUS: Timeline of events does not align with witness statements. Damage pattern inconsistent with reported cause. Referring to SIU for further investigation.,2025-09-08 11:21:25
NOTE-0001069,CL-0000767,2025-05-31 21:25:25,Adjuster_6,Claimant Communication,Multiple claims from same location within 6 months. Pattern suggests possible fraud. Flagging for SIU review before further processing.,2026-04-05 12:38:25
NOTE-0001070,CL-0003021,2025-11-04 23:54:25,Adjuster_5,Payment Processing,Payment issued to claimant. Check number referenced in system. Closing file pending 30-day satisfaction period. No further action needed.,2025-10-05 12:53:25
NOTE-0001071,CL-0002024,2025-06-30 00:50:25,Adjuster_34,Payment Processing,Site inspection completed. Damage is consistent with reported cause of loss. Photos uploaded to file. Recommend approval for repair estimate.,2025-06-11 23:34:25
NOTE-0001072,CL-0000447,2025-06-10 15:28:25,Adjuster_24,Claimant Communication,Subrogation potential identified. Third party clearly at fault per police report. Opening recovery file and notifying subrogation unit.,2025-11-15 20:47:25
NOTE-0001073,CL-0002286,2025-09-25 14:06:25,Adjuster_48,Investigation Update,Payment issued to claimant. Check number referenced in system. Closing file pending 30-day satisfaction period. No further action needed.,2025-12-17 16:02:25
NOTE-0001074,CL-0003281,2026-04-23 14:33:25,Adjuster_40,Payment Processing,Reviewed contractor estimate. Amount seems reasonable for scope of work. Approving payment minus deductible. Will notify policyholder.,2026-02-22 02:55:25
NOTE-0001075,CL-0000351,2026-04-22 22:48:25,Adjuster_33,Payment Processing,Police report obtained. Details match claimant statement. No evidence of prior damage or fraud indicators. Proceeding with normal processing.,2026-01-10 10:25:25
NOTE-0001076,CL-0004051,2026-05-04 05:18:25,Adjuster_18,Initial Assessment,Site inspection completed. Damage is consistent with reported cause of loss. Photos uploaded to file. Recommend approval for repair estimate.,2025-07-08 05:02:25
NOTE-0001077,CL-0001116,2025-08-28 03:39:25,Adjuster_40,Initial Assessment,SUSPICIOUS: Timeline of events does not align with witness statements. Damage pattern inconsistent with reported cause. Referring to SIU for further investigation.,2026-03-25 20:36:25
NOTE-0001078,CL-0003446,2026-03-27 15:43:25,Adjuster_2,Investigation Update,SUSPICIOUS: Timeline of events does not align with witness statements. Damage pattern inconsistent with reported cause. Referring to SIU for further investigation.,2025-08-06 22:24:25
NOTE-0001079,CL-0001817,2026-05-21 20:12:25,Adjuster_47,Payment Processing,Multiple claims from same location within 6 months. Pattern suggests possible fraud. Flagging for SIU review before further processing.,2026-05-02 11:49:25
NOTE-0001080,CL-0004589,2025-12-26 17:49:25,Adjuster_39,Claimant Communication,Claimant attorney has sent letter of representation. All future communication must go through counsel. Updating file restrictions.,2025-10-02 03:26:25
NOTE-0001081,CL-0001706,2026-03-30 12:40:25,Adjuster_40,Initial Assessment,Site inspection completed. Damage is consistent with reported cause of loss. Photos uploaded to file. Recommend approval for repair estimate.,2026-03-20 06:33:25
NOTE-0001082,CL-0002477,2025-08-19 11:49:25,Adjuster_10,Closure Summary,Payment issued to claimant. Check number referenced in system. Closing file pending 30-day satisfaction period. No further action needed.,2025-06-20 17:15:25
NOTE-0001083,CL-0004474,2025-12-21 13:25:25,Adjuster_39,Claimant Communication,Claim denied per policy exclusion for pre-existing damage. Evidence shows damage predates policy effective date. Denial letter sent to insured.,2025-11-19 22:15:25
NOTE-0001084,CL-0003363,2025-11-07 15:05:25,Adjuster_43,Investigation Update,Repair completed and final inspection passed. Work quality is satisfactory. Releasing final payment to contractor. File ready for closure.,2026-01-16 17:05:25
NOTE-0001085,CL-0004798,2025-12-27 20:17:25,Adjuster_15,Claimant Communication,Claimant attorney has sent letter of representation. All future communication must go through counsel. Updating file restrictions.,2025-10-29 20:57:25
NOTE-0001086,CL-0001911,2025-10-19 22:51:25,Adjuster_34,Payment Processing,Payment issued to claimant. Check number referenced in system. Closing file pending 30-day satisfaction period. No further action needed.,2025-09-26 18:01:25
NOTE-0001087,CL-0000613,2025-06-15 23:26:25,Adjuster_45,Claimant Communication,Site inspection completed. Damage is consistent with reported cause of loss. Photos uploaded to file. Recommend approval for repair estimate.,2026-04-18 03:22:25
NOTE-0001088,CL-0004580,2026-03-17 05:39:25,Adjuster_37,Claimant Communication,SUSPICIOUS: Timeline of events does not align with witness statements. Damage pattern inconsistent with reported cause. Referring to SIU for further investigation.,2025-06-24 03:59:25
NOTE-0001089,CL-0000602,2026-04-08 20:52:25,Adjuster_19,Claimant Communication,"Weather data confirms severe storm in area on date of loss. NOAA records show wind gusts exceeding 70mph. Claim is weather-related, approved.",2025-08-07 07:42:25
NOTE-0001090,CL-0001107,2026-03-17 01:19:25,Adjuster_9,Investigation Update,Payment issued to claimant. Check number referenced in system. Closing file pending 30-day satisfaction period. No further action needed.,2025-10-21 07:10:25
NOTE-0001091,CL-0004595,2025-12-30 17:59:25,Adjuster_16,Closure Summary,Multiple claims from same location within 6 months. Pattern suggests possible fraud. Flagging for SIU review before further processing.,2025-09-03 14:15:25
NOTE-0001092,CL-0002891,2025-10-17 13:02:25,Adjuster_35,Investigation Update,Contacted claimant via phone. They confirmed the timeline of events. No inconsistencies in their account. Proceeding with standard assessment.,2025-11-10 04:11:25
NOTE-0001093,CL-0000375,2026-05-17 02:09:25,Adjuster_2,Investigation Update,Repair completed and final inspection passed. Work quality is satisfactory. Releasing final payment to contractor. File ready for closure.,2026-05-07 17:22:25
NOTE-0001094,CL-0002707,2026-04-04 05:01:25,Adjuster_15,Initial Assessment,Workers comp claim validated. Employee was performing regular duties when injury occurred. Employer confirms no safety violations. Approving benefits.,2025-07-01 07:59:25
NOTE-0001095,CL-0000386,2025-05-30 22:39:25,Adjuster_4,Initial Assessment,Claim denied per policy exclusion for pre-existing damage. Evidence shows damage predates policy effective date. Denial letter sent to insured.,2025-05-29 06:09:25
NOTE-0001096,CL-0001439,2025-10-23 18:15:25,Adjuster_4,Initial Assessment,Medical records received from treating physician. Injuries consistent with described accident. IME may not be necessary for this severity level.,2025-06-06 05:49:25
NOTE-0001097,CL-0003253,2026-01-28 11:05:25,Adjuster_21,Closure Summary,Subrogation potential identified. Third party clearly at fault per police report. Opening recovery file and notifying subrogation unit.,2026-03-17 21:47:25
NOTE-0001098,CL-0001959,2025-10-28 08:13:25,Adjuster_34,Payment Processing,Claimant attorney has sent letter of representation. All future communication must go through counsel. Updating file restrictions.,2026-03-12 21:50:25
NOTE-0001099,CL-0002603,2025-12-02 05:18:25,Adjuster_41,Payment Processing,Reviewed contractor estimate. Amount seems reasonable for scope of work. Approving payment minus deductible. Will notify policyholder.,2025-08-12 10:38:25
NOTE-0001100,CL-0002179,2025-09-01 20:51:25,Adjuster_49,Initial Assessment,Claim denied per policy exclusion for pre-existing damage. Evidence shows damage predates policy effective date. Denial letter sent to insured.,2026-04-05 08:58:25
NOTE-0001101,CL-0001860,2025-09-10 07:57:25,Adjuster_14,Investigation Update,Workers comp claim validated. Employee was performing regular duties when injury occurred. Employer confirms no safety violations. Approving benefits.,2025-10-27 10:21:25
NOTE-0001102,CL-0003883,2025-06-25 22:36:25,Adjuster_39,Claimant Communication,"Weather data confirms severe storm in area on date of loss. NOAA records show wind gusts exceeding 70mph. Claim is weather-related, approved.",2026-05-05 11:28:25
NOTE-0001103,CL-0001737,2025-11-02 02:35:25,Adjuster_1,Payment Processing,Workers comp claim validated. Employee was performing regular duties when injury occurred. Employer confirms no safety violations. Approving benefits.,2025-06-03 21:18:25
NOTE-0001104,CL-0001378,2026-05-20 00:01:25,Adjuster_39,Payment Processing,Contacted claimant via phone. They confirmed the timeline of events. No inconsistencies in their account. Proceeding with standard assessment.,2026-03-10 13:52:25
NOTE-0001105,CL-0001446,2025-12-27 05:37:25,Adjuster_28,Closure Summary,Police report obtained. Details match claimant statement. No evidence of prior damage or fraud indicators. Proceeding with normal processing.,2026-05-11 10:18:25
NOTE-0001106,CL-0000964,2025-07-03 17:24:25,Adjuster_33,Claimant Communication,Repair completed and final inspection passed. Work quality is satisfactory. Releasing final payment to contractor. File ready for closure.,2025-07-06 10:15:25
NOTE-0001107,CL-0001235,2026-04-17 14:23:25,Adjuster_18,Initial Assessment,Medical records received from treating physician. Injuries consistent with described accident. IME may not be necessary for this severity level.,2025-10-10 15:13:25
NOTE-0001108,CL-0003052,2026-03-06 22:06:25,Adjuster_35,Payment Processing,SUSPICIOUS: Timeline of events does not align with witness statements. Damage pattern inconsistent with reported cause. Referring to SIU for further investigation.,2026-02-02 08:18:25
NOTE-0001109,CL-0002815,2025-12-28 18:35:25,Adjuster_41,Closure Summary,Police report obtained. Details match claimant statement. No evidence of prior damage or fraud indicators. Proceeding with normal processing.,2026-03-13 17:53:25
NOTE-0001110,CL-0003977,2026-01-03 12:57:25,Adjuster_22,Initial Assessment,Claimant attorney has sent letter of representation. All future communication must go through counsel. Updating file restrictions.,2026-02-24 03:23:25
NOTE-0001111,CL-0003353,2025-08-21 02:17:25,Adjuster_9,Payment Processing,Repair completed and final inspection passed. Work quality is satisfactory. Releasing final payment to contractor. File ready for closure.,2025-11-03 07:09:25
NOTE-0001112,CL-0003392,2025-06-27 14:01:25,Adjuster_36,Payment Processing,Payment issued to claimant. Check number referenced in system. Closing file pending 30-day satisfaction period. No further action needed.,2025-10-14 05:58:25
NOTE-0001113,CL-0002873,2025-06-13 07:32:25,Adjuster_42,Payment Processing,Site inspection completed. Damage is consistent with reported cause of loss. Photos uploaded to file. Recommend approval for repair estimate.,2026-04-06 15:08:25
NOTE-0001114,CL-0001267,2025-08-24 08:18:25,Adjuster_27,Investigation Update,Site inspection completed. Damage is consistent with reported cause of loss. Photos uploaded to file. Recommend approval for repair estimate.,2025-08-09 00:37:25
NOTE-0001115,CL-0003264,2025-07-16 06:44:25,Adjuster_41,Investigation Update,Claimant attorney has sent letter of representation. All future communication must go through counsel. Updating file restrictions.,2025-12-10 11:23:25
NOTE-0001116,CL-0001836,2025-07-29 02:45:25,Adjuster_15,Initial Assessment,Police report obtained. Details match claimant statement. No evidence of prior damage or fraud indicators. Proceeding with normal processing.,2026-01-09 19:55:25
NOTE-0001117,CL-0003808,2026-02-26 22:45:25,Adjuster_1,Claimant Communication,Site inspection completed. Damage is consistent with reported cause of loss. Photos uploaded to file. Recommend approval for repair estimate.,2025-08-19 04:50:25
NOTE-0001118,CL-0003618,2026-01-19 17:09:25,Adjuster_35,Closure Summary,Claim denied per policy exclusion for pre-existing damage. Evidence shows damage predates policy effective date. Denial letter sent to insured.,2025-12-15 16:34:25
NOTE-0001119,CL-0002718,2025-06-21 18:18:25,Adjuster_26,Investigation Update,Payment issued to claimant. Check number referenced in system. Closing file pending 30-day satisfaction period. No further action needed.,2026-03-31 10:31:25
NOTE-0001120,CL-0004386,2025-06-23 23:17:25,Adjuster_11,Payment Processing,Claimant attorney has sent letter of representation. All future communication must go through counsel. Updating file restrictions.,2025-07-25 18:58:25
NOTE-0001121,CL-0002219,2025-08-09 12:48:25,Adjuster_4,Closure Summary,Site inspection completed. Damage is consistent with reported cause of loss. Photos uploaded to file. Recommend approval for repair estimate.,2025-07-06 07:24:25
NOTE-0001122,CL-0000503,2026-02-19 06:13:25,Adjuster_36,Closure Summary,Payment issued to claimant. Check number referenced in system. Closing file pending 30-day satisfaction period. No further action needed.,2025-09-04 23:10:25
NOTE-0001123,CL-0000726,2026-02-09 10:31:25,Adjuster_39,Investigation Update,Subrogation potential identified. Third party clearly at fault per police report. Opening recovery file and notifying subrogation unit.,2025-06-12 00:42:25
NOTE-0001124,CL-0004050,2025-07-05 01:53:25,Adjuster_32,Initial Assessment,SUSPICIOUS: Timeline of events does not align with witness statements. Damage pattern inconsistent with reported cause. Referring to SIU for further investigation.,2025-07-04 14:01:25
NOTE-0001125,CL-0000200,2025-12-11 07:50:25,Adjuster_27,Initial Assessment,Site inspection completed. Damage is consistent with reported cause of loss. Photos uploaded to file. Recommend approval for repair estimate.,2025-12-14 13:59:25
NOTE-0001126,CL-0000431,2025-09-27 12:10:25,Adjuster_27,Investigation Update,Medical records received from treating physician. Injuries consistent with described accident. IME may not be necessary for this severity level.,2025-06-20 18:32:25
NOTE-0001127,CL-0003561,2025-07-13 07:17:25,Adjuster_8,Payment Processing,Claimant attorney has sent letter of representation. All future communication must go through counsel. Updating file restrictions.,2026-04-10 13:14:25
NOTE-0001128,CL-0000555,2025-07-21 20:21:25,Adjuster_41,Initial Assessment,Contacted claimant via phone. They confirmed the timeline of events. No inconsistencies in their account. Proceeding with standard assessment.,2026-02-20 04:37:25
NOTE-0001129,CL-0000244,2026-01-27 18:11:25,Adjuster_49,Closure Summary,Claimant attorney has sent letter of representation. All future communication must go through counsel. Updating file restrictions.,2026-05-04 09:03:25
NOTE-0001130,CL-0004749,2026-01-08 22:32:25,Adjuster_27,Investigation Update,SUSPICIOUS: Timeline of events does not align with witness statements. Damage pattern inconsistent with reported cause. Referring to SIU for further investigation.,2026-01-21 13:40:25
NOTE-0001131,CL-0001422,2025-06-14 03:56:25,Adjuster_47,Closure Summary,Medical records received from treating physician. Injuries consistent with described accident. IME may not be necessary for this severity level.,2025-12-02 02:02:25
NOTE-0001132,CL-0002950,2026-04-30 14:56:25,Adjuster_36,Payment Processing,Medical records received from treating physician. Injuries consistent with described accident. IME may not be necessary for this severity level.,2026-05-17 03:05:25
NOTE-0001133,CL-0004269,2025-12-14 08:25:25,Adjuster_8,Investigation Update,SUSPICIOUS: Timeline of events does not align with witness statements. Damage pattern inconsistent with reported cause. Referring to SIU for further investigation.,2026-02-21 17:49:25
NOTE-0001134,CL-0003567,2025-06-24 22:13:25,Adjuster_11,Payment Processing,Police report obtained. Details match claimant statement. No evidence of prior damage or fraud indicators. Proceeding with normal processing.,2026-01-23 19:47:25
NOTE-0001135,CL-0001934,2025-07-11 02:32:25,Adjuster_2,Initial Assessment,Workers comp claim validated. Employee was performing regular duties when injury occurred. Employer confirms no safety violations. Approving benefits.,2026-05-13 10:08:25
NOTE-0001136,CL-0003970,2025-09-03 18:21:25,Adjuster_43,Initial Assessment,Repair completed and final inspection passed. Work quality is satisfactory. Releasing final payment to contractor. File ready for closure.,2025-05-26 09:03:25
NOTE-0001137,CL-0002365,2026-01-07 07:08:25,Adjuster_50,Initial Assessment,Reviewed contractor estimate. Amount seems reasonable for scope of work. Approving payment minus deductible. Will notify policyholder.,2026-01-31 13:15:25
NOTE-0001138,CL-0003473,2025-06-30 09:31:25,Adjuster_29,Initial Assessment,Claim denied per policy exclusion for pre-existing damage. Evidence shows damage predates policy effective date. Denial letter sent to insured.,2025-08-02 07:13:25
NOTE-0001139,CL-0000118,2025-11-22 01:04:25,Adjuster_44,Closure Summary,SUSPICIOUS: Timeline of events does not align with witness statements. Damage pattern inconsistent with reported cause. Referring to SIU for further investigation.,2025-10-01 21:17:25
NOTE-0001140,CL-0003820,2025-07-07 10:30:25,Adjuster_3,Claimant Communication,Workers comp claim validated. Employee was performing regular duties when injury occurred. Employer confirms no safety violations. Approving benefits.,2025-11-19 05:12:25
NOTE-0001141,CL-0002024,2025-06-04 13:32:25,Adjuster_24,Payment Processing,Claim denied per policy exclusion for pre-existing damage. Evidence shows damage predates policy effective date. Denial letter sent to insured.,2025-12-11 05:08:25
NOTE-0001142,CL-0002944,2025-08-31 04:47:25,Adjuster_23,Claimant Communication,Payment issued to claimant. Check number referenced in system. Closing file pending 30-day satisfaction period. No further action needed.,2025-10-27 12:30:25
NOTE-0001143,CL-0003949,2026-04-19 10:08:25,Adjuster_35,Investigation Update,Payment issued to claimant. Check number referenced in system. Closing file pending 30-day satisfaction period. No further action needed.,2026-02-05 14:57:25
NOTE-0001144,CL-0000967,2025-05-29 01:37:25,Adjuster_49,Claimant Communication,Police report obtained. Details match claimant statement. No evidence of prior damage or fraud indicators. Proceeding with normal processing.,2025-06-18 01:41:25
NOTE-0001145,CL-0002491,2026-01-29 12:08:25,Adjuster_46,Claimant Communication,Multiple claims from same location within 6 months. Pattern suggests possible fraud. Flagging for SIU review before further processing.,2025-07-13 10:33:25
NOTE-0001146,CL-0000185,2025-12-19 15:44:25,Adjuster_49,Investigation Update,Subrogation potential identified. Third party clearly at fault per police report. Opening recovery file and notifying subrogation unit.,2025-07-03 20:45:25
NOTE-0001147,CL-0000878,2025-11-11 19:00:25,Adjuster_46,Claimant Communication,Contacted claimant via phone. They confirmed the timeline of events. No inconsistencies in their account. Proceeding with standard assessment.,2026-01-28 23:12:25
NOTE-0001148,CL-0002211,2026-02-11 15:06:25,Adjuster_1,Payment Processing,Police report obtained. Details match claimant statement. No evidence of prior damage or fraud indicators. Proceeding with normal processing.,2025-11-04 01:37:25
NOTE-0001149,CL-0003949,2025-09-05 07:15:25,Adjuster_40,Initial Assessment,Claimant is frustrated with processing time. Escalated to supervisor. Need to expedite review and provide status update within 24 hours.,2025-11-26 15:35:25
NOTE-0001150,CL-0004644,2026-04-16 00:56:25,Adjuster_47,Claimant Communication,Contacted claimant via phone. They confirmed the timeline of events. No inconsistencies in their account. Proceeding with standard assessment.,2025-07-12 10:58:25
NOTE-0001151,CL-0003649,2025-10-15 00:42:25,Adjuster_16,Payment Processing,Subrogation potential identified. Third party clearly at fault per police report. Opening recovery file and notifying subrogation unit.,2026-05-07 03:46:25
NOTE-0001152,CL-0004649,2025-12-25 08:33:25,Adjuster_46,Initial Assessment,Claimant is frustrated with processing time. Escalated to supervisor. Need to expedite review and provide status update within 24 hours.,2026-01-13 14:25:25
NOTE-0001153,CL-0000902,2026-03-30 16:16:25,Adjuster_41,Initial Assessment,Multiple claims from same location within 6 months. Pattern suggests possible fraud. Flagging for SIU review before further processing.,2025-09-23 02:08:25
NOTE-0001154,CL-0000096,2026-04-29 14:33:25,Adjuster_29,Closure Summary,Medical records received from treating physician. Injuries consistent with described accident. IME may not be necessary for this severity level.,2026-01-13 22:31:25
NOTE-0001155,CL-0002009,2025-08-18 05:27:25,Adjuster_3,Closure Summary,Site inspection completed. Damage is consistent with reported cause of loss. Photos uploaded to file. Recommend approval for repair estimate.,2025-05-31 04:49:25
NOTE-0001156,CL-0002773,2026-01-23 21:35:25,Adjuster_29,Claimant Communication,Claimant attorney has sent letter of representation. All future communication must go through counsel. Updating file restrictions.,2026-03-28 16:23:25
NOTE-0001157,CL-0004393,2026-03-24 22:35:25,Adjuster_37,Initial Assessment,"Weather data confirms severe storm in area on date of loss. NOAA records show wind gusts exceeding 70mph. Claim is weather-related, approved.",2025-06-19 18:25:25
NOTE-0001158,CL-0000736,2025-09-07 10:01:25,Adjuster_3,Claimant Communication,Police report obtained. Details match claimant statement. No evidence of prior damage or fraud indicators. Proceeding with normal processing.,2025-11-22 18:58:25
NOTE-0001159,CL-0003028,2026-05-17 23:27:25,Adjuster_20,Closure Summary,Repair completed and final inspection passed. Work quality is satisfactory. Releasing final payment to contractor. File ready for closure.,2026-02-22 13:40:25
NOTE-0001160,CL-0001381,2026-02-27 22:58:25,Adjuster_18,Closure Summary,Medical records received from treating physician. Injuries consistent with described accident. IME may not be necessary for this severity level.,2025-10-18 20:44:25
NOTE-0001161,CL-0000376,2025-07-17 02:15:25,Adjuster_31,Payment Processing,Multiple claims from same location within 6 months. Pattern suggests possible fraud. Flagging for SIU review before further processing.,2026-03-15 22:50:25
NOTE-0001162,CL-0004891,2025-09-25 17:34:25,Adjuster_1,Initial Assessment,Claim denied per policy exclusion for pre-existing damage. Evidence shows damage predates policy effective date. Denial letter sent to insured.,2026-05-25 08:13:25
NOTE-0001163,CL-0000272,2025-06-13 06:56:25,Adjuster_36,Investigation Update,"Weather data confirms severe storm in area on date of loss. NOAA records show wind gusts exceeding 70mph. Claim is weather-related, approved.",2026-03-26 07:17:25
NOTE-0001164,CL-0002770,2025-12-03 14:48:25,Adjuster_48,Initial Assessment,Contacted claimant via phone. They confirmed the timeline of events. No inconsistencies in their account. Proceeding with standard assessment.,2026-05-06 16:29:25
NOTE-0001165,CL-0000954,2025-08-30 07:46:25,Adjuster_8,Investigation Update,Repair completed and final inspection passed. Work quality is satisfactory. Releasing final payment to contractor. File ready for closure.,2026-02-17 05:47:25
NOTE-0001166,CL-0000279,2025-07-19 02:13:25,Adjuster_44,Closure Summary,Police report obtained. Details match claimant statement. No evidence of prior damage or fraud indicators. Proceeding with normal processing.,2025-12-31 11:06:25
NOTE-0001167,CL-0004823,2025-05-29 23:02:25,Adjuster_47,Payment Processing,Workers comp claim validated. Employee was performing regular duties when injury occurred. Employer confirms no safety violations. Approving benefits.,2025-12-09 00:38:25
NOTE-0001168,CL-0004569,2026-04-16 22:31:25,Adjuster_31,Claimant Communication,Police report obtained. Details match claimant statement. No evidence of prior damage or fraud indicators. Proceeding with normal processing.,2026-04-22 16:16:25
NOTE-0001169,CL-0000637,2025-09-26 18:56:25,Adjuster_23,Investigation Update,Reviewed contractor estimate. Amount seems reasonable for scope of work. Approving payment minus deductible. Will notify policyholder.,2026-01-08 13:26:25
NOTE-0001170,CL-0000492,2025-08-07 00:28:25,Adjuster_16,Claimant Communication,"Weather data confirms severe storm in area on date of loss. NOAA records show wind gusts exceeding 70mph. Claim is weather-related, approved.",2025-05-30 11:41:25
NOTE-0001171,CL-0000257,2025-12-03 16:44:25,Adjuster_17,Closure Summary,Subrogation potential identified. Third party clearly at fault per police report. Opening recovery file and notifying subrogation unit.,2026-03-26 00:01:25
NOTE-0001172,CL-0001266,2026-04-29 00:23:25,Adjuster_24,Closure Summary,Medical records received from treating physician. Injuries consistent with described accident. IME may not be necessary for this severity level.,2026-04-01 19:00:25
NOTE-0001173,CL-0001343,2025-11-19 19:21:25,Adjuster_47,Claimant Communication,SUSPICIOUS: Timeline of events does not align with witness statements. Damage pattern inconsistent with reported cause. Referring to SIU for further investigation.,2025-08-19 22:46:25
NOTE-0001174,CL-0000113,2025-09-11 05:34:25,Adjuster_49,Payment Processing,Contacted claimant via phone. They confirmed the timeline of events. No inconsistencies in their account. Proceeding with standard assessment.,2026-03-31 00:35:25
NOTE-0001175,CL-0002240,2025-08-26 22:37:25,Adjuster_35,Investigation Update,Claim denied per policy exclusion for pre-existing damage. Evidence shows damage predates policy effective date. Denial letter sent to insured.,2025-06-04 08:02:25
NOTE-0001176,CL-0002069,2026-05-15 07:56:25,Adjuster_46,Investigation Update,Subrogation potential identified. Third party clearly at fault per police report. Opening recovery file and notifying subrogation unit.,2026-02-24 03:16:25
NOTE-0001177,CL-0003691,2025-10-03 18:07:25,Adjuster_27,Closure Summary,Payment issued to claimant. Check number referenced in system. Closing file pending 30-day satisfaction period. No further action needed.,2025-12-18 08:13:25
NOTE-0001178,CL-0001865,2025-10-09 19:44:25,Adjuster_7,Claimant Communication,Police report obtained. Details match claimant statement. No evidence of prior damage or fraud indicators. Proceeding with normal processing.,2025-10-13 07:11:25
NOTE-0001179,CL-0003660,2025-10-05 05:58:25,Adjuster_27,Claimant Communication,Claim denied per policy exclusion for pre-existing damage. Evidence shows damage predates policy effective date. Denial letter sent to insured.,2026-01-24 16:14:25
NOTE-0001180,CL-0002014,2026-04-09 12:37:25,Adjuster_17,Closure Summary,Contacted claimant via phone. They confirmed the timeline of events. No inconsistencies in their account. Proceeding with standard assessment.,2025-05-31 19:26:25
NOTE-0001181,CL-0001377,2026-01-25 17:31:25,Adjuster_26,Closure Summary,Reviewed contractor estimate. Amount seems reasonable for scope of work. Approving payment minus deductible. Will notify policyholder.,2025-11-10 17:39:25
NOTE-0001182,CL-0003308,2025-06-21 22:09:25,Adjuster_6,Initial Assessment,Police report obtained. Details match claimant statement. No evidence of prior damage or fraud indicators. Proceeding with normal processing.,2025-09-23 01:07:25
NOTE-0001183,CL-0001013,2025-10-08 11:43:25,Adjuster_11,Payment Processing,Contacted claimant via phone. They confirmed the timeline of events. No inconsistencies in their account. Proceeding with standard assessment.,2025-09-10 17:50:25
NOTE-0001184,CL-0001322,2026-04-13 21:03:25,Adjuster_27,Claimant Communication,Multiple claims from same location within 6 months. Pattern suggests possible fraud. Flagging for SIU review before further processing.,2026-01-10 13:35:25
NOTE-0001185,CL-0001652,2026-04-02 12:47:25,Adjuster_8,Investigation Update,Reviewed contractor estimate. Amount seems reasonable for scope of work. Approving payment minus deductible. Will notify policyholder.,2026-04-09 11:11:25
NOTE-0001186,CL-0003885,2026-05-11 00:01:25,Adjuster_49,Claimant Communication,Subrogation potential identified. Third party clearly at fault per police report. Opening recovery file and notifying subrogation unit.,2025-10-07 08:21:25
NOTE-0001187,CL-0004727,2025-10-31 02:12:25,Adjuster_47,Initial Assessment,Claimant attorney has sent letter of representation. All future communication must go through counsel. Updating file restrictions.,2025-08-11 16:23:25
NOTE-0001188,CL-0003516,2026-03-24 15:33:25,Adjuster_42,Closure Summary,Payment issued to claimant. Check number referenced in system. Closing file pending 30-day satisfaction period. No further action needed.,2025-10-09 08:44:25
NOTE-0001189,CL-0000557,2026-02-16 17:36:25,Adjuster_5,Closure Summary,Reviewed contractor estimate. Amount seems reasonable for scope of work. Approving payment minus deductible. Will notify policyholder.,2026-03-04 18:40:25
NOTE-0001190,CL-0004208,2025-09-17 21:17:25,Adjuster_23,Investigation Update,Workers comp claim validated. Employee was performing regular duties when injury occurred. Employer confirms no safety violations. Approving benefits.,2026-03-11 01:23:25
NOTE-0001191,CL-0002981,2026-02-17 08:19:25,Adjuster_47,Closure Summary,SUSPICIOUS: Timeline of events does not align with witness statements. Damage pattern inconsistent with reported cause. Referring to SIU for further investigation.,2026-01-19 08:19:25
NOTE-0001192,CL-0002176,2026-01-27 08:28:25,Adjuster_38,Claimant Communication,Reviewed contractor estimate. Amount seems reasonable for scope of work. Approving payment minus deductible. Will notify policyholder.,2025-09-23 21:40:25
NOTE-0001193,CL-0002672,2026-03-13 18:52:25,Adjuster_33,Closure Summary,Police report obtained. Details match claimant statement. No evidence of prior damage or fraud indicators. Proceeding with normal processing.,2025-06-26 16:56:25
NOTE-0001194,CL-0001635,2025-09-07 15:11:25,Adjuster_18,Investigation Update,SUSPICIOUS: Timeline of events does not align with witness statements. Damage pattern inconsistent with reported cause. Referring to SIU for further investigation.,2025-11-06 12:51:25
NOTE-0001195,CL-0004377,2026-03-12 03:36:25,Adjuster_28,Payment Processing,Subrogation potential identified. Third party clearly at fault per police report. Opening recovery file and notifying subrogation unit.,2026-02-05 07:28:25
NOTE-0001196,CL-0004071,2025-11-05 21:17:25,Adjuster_50,Claimant Communication,Multiple claims from same location within 6 months. Pattern suggests possible fraud. Flagging for SIU review before further processing.,2026-01-13 03:37:25
NOTE-0001197,CL-0001743,2026-04-09 23:52:25,Adjuster_12,Initial Assessment,Payment issued to claimant. Check number referenced in system. Closing file pending 30-day satisfaction period. No further action needed.,2026-01-29 18:32:25
NOTE-0001198,CL-0001316,2025-06-22 02:42:25,Adjuster_41,Closure Summary,Repair completed and final inspection passed. Work quality is satisfactory. Releasing final payment to contractor. File ready for closure.,2025-10-07 07:51:25
NOTE-0001199,CL-0004467,2025-11-26 09:36:25,Adjuster_12,Closure Summary,SUSPICIOUS: Timeline of events does not align with witness statements. Damage pattern inconsistent with reported cause. Referring to SIU for further investigation.,2025-10-04 17:30:25
NOTE-0001200,CL-0003004,2025-12-12 09:57:25,Adjuster_5,Initial Assessment,Workers comp claim validated. Employee was performing regular duties when injury occurred. Employer confirms no safety violations. Approving benefits.,2025-08-02 12:57:25
NOTE-0001201,CL-0000166,2025-06-23 09:23:25,Adjuster_37,Investigation Update,Payment issued to claimant. Check number referenced in system. Closing file pending 30-day satisfaction period. No further action needed.,2026-01-20 15:02:25
NOTE-0001202,CL-0000086,2025-06-15 04:14:25,Adjuster_22,Closure Summary,Medical records received from treating physician. Injuries consistent with described accident. IME may not be necessary for this severity level.,2026-01-30 14:06:25
NOTE-0001203,CL-0000058,2026-01-11 13:18:25,Adjuster_13,Investigation Update,Subrogation potential identified. Third party clearly at fault per police report. Opening recovery file and notifying subrogation unit.,2026-03-04 21:04:25
NOTE-0001204,CL-0002907,2025-10-29 10:49:25,Adjuster_48,Closure Summary,SUSPICIOUS: Timeline of events does not align with witness statements. Damage pattern inconsistent with reported cause. Referring to SIU for further investigation.,2025-11-04 12:57:25
NOTE-0001205,CL-0000427,2026-04-17 04:26:25,Adjuster_36,Investigation Update,Workers comp claim validated. Employee was performing regular duties when injury occurred. Employer confirms no safety violations. Approving benefits.,2026-03-23 22:28:25
NOTE-0001206,CL-0000047,2026-04-10 12:50:25,Adjuster_46,Investigation Update,Site inspection completed. Damage is consistent with reported cause of loss. Photos uploaded to file. Recommend approval for repair estimate.,2025-09-19 07:33:25
NOTE-0001207,CL-0004255,2025-12-06 17:43:25,Adjuster_19,Payment Processing,Repair completed and final inspection passed. Work quality is satisfactory. Releasing final payment to contractor. File ready for closure.,2025-11-09 00:28:25
NOTE-0001208,CL-0001568,2025-08-26 23:11:25,Adjuster_38,Payment Processing,"Weather data confirms severe storm in area on date of loss. NOAA records show wind gusts exceeding 70mph. Claim is weather-related, approved.",2025-10-04 10:50:25
NOTE-0001209,CL-0000605,2025-12-15 17:05:25,Adjuster_11,Payment Processing,Police report obtained. Details match claimant statement. No evidence of prior damage or fraud indicators. Proceeding with normal processing.,2025-08-29 08:41:25
NOTE-0001210,CL-0002817,2026-04-11 20:37:25,Adjuster_43,Claimant Communication,Workers comp claim validated. Employee was performing regular duties when injury occurred. Employer confirms no safety violations. Approving benefits.,2026-02-21 08:42:25
NOTE-0001211,CL-0002913,2026-05-01 23:33:25,Adjuster_40,Investigation Update,Medical records received from treating physician. Injuries consistent with described accident. IME may not be necessary for this severity level.,2025-07-16 15:54:25
NOTE-0001212,CL-0000058,2026-03-07 16:24:25,Adjuster_8,Payment Processing,Workers comp claim validated. Employee was performing regular duties when injury occurred. Employer confirms no safety violations. Approving benefits.,2026-01-10 01:06:25
NOTE-0001213,CL-0000065,2026-04-09 12:56:25,Adjuster_47,Payment Processing,"Weather data confirms severe storm in area on date of loss. NOAA records show wind gusts exceeding 70mph. Claim is weather-related, approved.",2025-09-24 12:56:25
NOTE-0001214,CL-0001140,2025-12-25 12:13:25,Adjuster_23,Payment Processing,Site inspection completed. Damage is consistent with reported cause of loss. Photos uploaded to file. Recommend approval for repair estimate.,2026-05-20 11:35:25
NOTE-0001215,CL-0003412,2025-11-11 15:57:25,Adjuster_23,Initial Assessment,Payment issued to claimant. Check number referenced in system. Closing file pending 30-day satisfaction period. No further action needed.,2025-07-18 02:56:25
NOTE-0001216,CL-0003150,2025-07-12 19:55:25,Adjuster_25,Claimant Communication,Reviewed contractor estimate. Amount seems reasonable for scope of work. Approving payment minus deductible. Will notify policyholder.,2026-01-03 01:22:25
NOTE-0001217,CL-0004516,2025-11-19 20:09:25,Adjuster_42,Claimant Communication,Site inspection completed. Damage is consistent with reported cause of loss. Photos uploaded to file. Recommend approval for repair estimate.,2025-07-22 19:07:25
NOTE-0001218,CL-0003735,2026-03-14 20:39:25,Adjuster_31,Investigation Update,"Weather data confirms severe storm in area on date of loss. NOAA records show wind gusts exceeding 70mph. Claim is weather-related, approved.",2026-03-02 16:57:25
NOTE-0001219,CL-0001180,2026-03-05 13:39:25,Adjuster_19,Payment Processing,Police report obtained. Details match claimant statement. No evidence of prior damage or fraud indicators. Proceeding with normal processing.,2025-11-23 05:14:25
NOTE-0001220,CL-0002222,2025-11-28 04:02:25,Adjuster_42,Initial Assessment,Workers comp claim validated. Employee was performing regular duties when injury occurred. Employer confirms no safety violations. Approving benefits.,2026-01-17 14:41:25
NOTE-0001221,CL-0003283,2025-09-14 06:47:25,Adjuster_14,Initial Assessment,SUSPICIOUS: Timeline of events does not align with witness statements. Damage pattern inconsistent with reported cause. Referring to SIU for further investigation.,2025-10-04 17:45:25
NOTE-0001222,CL-0001567,2025-07-16 09:30:25,Adjuster_7,Investigation Update,Contacted claimant via phone. They confirmed the timeline of events. No inconsistencies in their account. Proceeding with standard assessment.,2025-10-07 13:54:25
NOTE-0001223,CL-0004333,2025-05-29 22:55:25,Adjuster_8,Closure Summary,Claimant is frustrated with processing time. Escalated to supervisor. Need to expedite review and provide status update within 24 hours.,2026-01-31 14:25:25
NOTE-0001224,CL-0002149,2026-01-04 00:23:25,Adjuster_39,Claimant Communication,Claimant attorney has sent letter of representation. All future communication must go through counsel. Updating file restrictions.,2025-05-30 14:25:25
NOTE-0001225,CL-0003388,2025-12-18 17:00:25,Adjuster_3,Payment Processing,Reviewed contractor estimate. Amount seems reasonable for scope of work. Approving payment minus deductible. Will notify policyholder.,2026-01-10 16:53:25
NOTE-0001226,CL-0003862,2025-11-21 17:42:25,Adjuster_22,Closure Summary,Repair completed and final inspection passed. Work quality is satisfactory. Releasing final payment to contractor. File ready for closure.,2025-08-27 00:55:25
NOTE-0001227,CL-0002024,2025-11-23 10:27:25,Adjuster_48,Closure Summary,Claimant attorney has sent letter of representation. All future communication must go through counsel. Updating file restrictions.,2026-04-20 17:44:25
NOTE-0001228,CL-0001245,2025-12-01 06:01:25,Adjuster_42,Investigation Update,Police report obtained. Details match claimant statement. No evidence of prior damage or fraud indicators. Proceeding with normal processing.,2025-06-14 02:33:25
NOTE-0001229,CL-0003712,2025-09-11 03:45:25,Adjuster_40,Payment Processing,Claimant is frustrated with processing time. Escalated to supervisor. Need to expedite review and provide status update within 24 hours.,2025-09-17 21:32:25
NOTE-0001230,CL-0001487,2026-01-10 22:41:25,Adjuster_47,Initial Assessment,Workers comp claim validated. Employee was performing regular duties when injury occurred. Employer confirms no safety violations. Approving benefits.,2025-07-23 23:11:25
NOTE-0001231,CL-0003937,2026-03-30 19:05:25,Adjuster_5,Initial Assessment,Contacted claimant via phone. They confirmed the timeline of events. No inconsistencies in their account. Proceeding with standard assessment.,2026-02-05 02:52:25
NOTE-0001232,CL-0004456,2026-02-10 11:58:25,Adjuster_26,Closure Summary,Multiple claims from same location within 6 months. Pattern suggests possible fraud. Flagging for SIU review before further processing.,2025-07-30 18:42:25
NOTE-0001233,CL-0000594,2026-04-25 16:59:25,Adjuster_17,Initial Assessment,Reviewed contractor estimate. Amount seems reasonable for scope of work. Approving payment minus deductible. Will notify policyholder.,2026-01-19 23:44:25
NOTE-0001234,CL-0004637,2025-12-03 21:51:25,Adjuster_18,Claimant Communication,Claim denied per policy exclusion for pre-existing damage. Evidence shows damage predates policy effective date. Denial letter sent to insured.,2025-10-18 02:34:25
NOTE-0001235,CL-0003777,2025-09-25 23:24:25,Adjuster_12,Initial Assessment,Contacted claimant via phone. They confirmed the timeline of events. No inconsistencies in their account. Proceeding with standard assessment.,2026-03-26 13:25:25
NOTE-0001236,CL-0004235,2026-01-03 01:45:25,Adjuster_18,Closure Summary,Police report obtained. Details match claimant statement. No evidence of prior damage or fraud indicators. Proceeding with normal processing.,2026-02-15 08:22:25
NOTE-0001237,CL-0001076,2026-03-08 15:55:25,Adjuster_23,Closure Summary,Repair completed and final inspection passed. Work quality is satisfactory. Releasing final payment to contractor. File ready for closure.,2025-11-21 13:52:25
NOTE-0001238,CL-0000175,2025-10-07 02:07:25,Adjuster_27,Investigation Update,Claimant attorney has sent letter of representation. All future communication must go through counsel. Updating file restrictions.,2025-10-12 16:06:25
NOTE-0001239,CL-0002017,2025-09-11 21:04:25,Adjuster_17,Closure Summary,Subrogation potential identified. Third party clearly at fault per police report. Opening recovery file and notifying subrogation unit.,2026-03-08 13:58:25
NOTE-0001240,CL-0001689,2026-02-02 23:57:25,Adjuster_35,Investigation Update,Contacted claimant via phone. They confirmed the timeline of events. No inconsistencies in their account. Proceeding with standard assessment.,2026-04-21 08:23:25
NOTE-0001241,CL-0003267,2025-11-14 01:48:25,Adjuster_17,Closure Summary,Contacted claimant via phone. They confirmed the timeline of events. No inconsistencies in their account. Proceeding with standard assessment.,2025-12-23 03:52:25
NOTE-0001242,CL-0000262,2026-01-06 11:40:25,Adjuster_1,Investigation Update,Repair completed and final inspection passed. Work quality is satisfactory. Releasing final payment to contractor. File ready for closure.,2026-01-19 08:52:25
NOTE-0001243,CL-0001165,2025-11-14 03:16:25,Adjuster_40,Claimant Communication,Site inspection completed. Damage is consistent with reported cause of loss. Photos uploaded to file. Recommend approval for repair estimate.,2026-04-09 08:16:25
NOTE-0001244,CL-0001774,2026-03-05 17:35:25,Adjuster_49,Initial Assessment,Multiple claims from same location within 6 months. Pattern suggests possible fraud. Flagging for SIU review before further processing.,2026-03-26 12:34:25
NOTE-0001245,CL-0000562,2025-06-04 11:24:25,Adjuster_13,Claimant Communication,Site inspection completed. Damage is consistent with reported cause of loss. Photos uploaded to file. Recommend approval for repair estimate.,2025-08-31 16:19:25
NOTE-0001246,CL-0000204,2026-03-16 05:07:25,Adjuster_37,Claimant Communication,Subrogation potential identified. Third party clearly at fault per police report. Opening recovery file and notifying subrogation unit.,2025-09-15 03:58:25
NOTE-0001247,CL-0002966,2026-04-05 06:03:25,Adjuster_9,Investigation Update,Payment issued to claimant. Check number referenced in system. Closing file pending 30-day satisfaction period. No further action needed.,2025-12-20 10:33:25
NOTE-0001248,CL-0003396,2025-11-12 02:21:25,Adjuster_1,Claimant Communication,Payment issued to claimant. Check number referenced in system. Closing file pending 30-day satisfaction period. No further action needed.,2025-11-17 15:59:25
NOTE-0001249,CL-0004905,2026-02-06 10:33:25,Adjuster_35,Claimant Communication,Reviewed contractor estimate. Amount seems reasonable for scope of work. Approving payment minus deductible. Will notify policyholder.,2025-08-28 23:04:25
NOTE-0001250,CL-0000689,2025-10-22 06:52:25,Adjuster_24,Payment Processing,Payment issued to claimant. Check number referenced in system. Closing file pending 30-day satisfaction period. No further action needed.,2026-01-12 00:10:25
NOTE-0001251,CL-0002980,2025-05-29 14:22:25,Adjuster_15,Claimant Communication,Multiple claims from same location within 6 months. Pattern suggests possible fraud. Flagging for SIU review before further processing.,2025-08-21 08:27:25
NOTE-0001252,CL-0003505,2025-07-08 03:32:25,Adjuster_44,Claimant Communication,Claimant is frustrated with processing time. Escalated to supervisor. Need to expedite review and provide status update within 24 hours.,2026-04-03 22:34:25
NOTE-0001253,CL-0000273,2025-07-22 09:35:25,Adjuster_33,Initial Assessment,Claimant is frustrated with processing time. Escalated to supervisor. Need to expedite review and provide status update within 24 hours.,2025-10-10 11:43:25
NOTE-0001254,CL-0004523,2025-07-20 15:30:25,Adjuster_11,Initial Assessment,Reviewed contractor estimate. Amount seems reasonable for scope of work. Approving payment minus deductible. Will notify policyholder.,2026-02-26 13:34:25
NOTE-0001255,CL-0002317,2026-01-02 08:24:25,Adjuster_21,Closure Summary,Payment issued to claimant. Check number referenced in system. Closing file pending 30-day satisfaction period. No further action needed.,2026-03-21 16:51:25
NOTE-0001256,CL-0001947,2026-03-31 02:52:25,Adjuster_3,Investigation Update,SUSPICIOUS: Timeline of events does not align with witness statements. Damage pattern inconsistent with reported cause. Referring to SIU for further investigation.,2025-08-23 05:29:25
NOTE-0001257,CL-0000754,2025-12-13 03:59:25,Adjuster_6,Claimant Communication,Claimant attorney has sent letter of representation. All future communication must go through counsel. Updating file restrictions.,2025-06-26 10:56:25
NOTE-0001258,CL-0003544,2025-11-25 22:24:25,Adjuster_33,Payment Processing,"Weather data confirms severe storm in area on date of loss. NOAA records show wind gusts exceeding 70mph. Claim is weather-related, approved.",2025-09-28 19:15:25
NOTE-0001259,CL-0004164,2026-03-18 16:45:25,Adjuster_17,Investigation Update,Contacted claimant via phone. They confirmed the timeline of events. No inconsistencies in their account. Proceeding with standard assessment.,2025-05-25 15:31:25
NOTE-0001260,CL-0001079,2025-09-02 17:16:25,Adjuster_39,Initial Assessment,Multiple claims from same location within 6 months. Pattern suggests possible fraud. Flagging for SIU review before further processing.,2026-05-21 00:26:25
NOTE-0001261,CL-0001202,2025-07-18 04:14:25,Adjuster_28,Initial Assessment,Claim denied per policy exclusion for pre-existing damage. Evidence shows damage predates policy effective date. Denial letter sent to insured.,2026-02-04 04:52:25
NOTE-0001262,CL-0002399,2026-03-08 16:33:25,Adjuster_13,Initial Assessment,Police report obtained. Details match claimant statement. No evidence of prior damage or fraud indicators. Proceeding with normal processing.,2026-05-20 21:33:25
NOTE-0001263,CL-0002399,2026-04-06 01:57:25,Adjuster_40,Payment Processing,Repair completed and final inspection passed. Work quality is satisfactory. Releasing final payment to contractor. File ready for closure.,2025-08-07 19:27:25
NOTE-0001264,CL-0002637,2026-04-27 06:01:25,Adjuster_25,Investigation Update,"Weather data confirms severe storm in area on date of loss. NOAA records show wind gusts exceeding 70mph. Claim is weather-related, approved.",2025-08-14 17:19:25
NOTE-0001265,CL-0000291,2025-08-05 11:17:25,Adjuster_21,Initial Assessment,"Weather data confirms severe storm in area on date of loss. NOAA records show wind gusts exceeding 70mph. Claim is weather-related, approved.",2025-07-06 15:23:25
NOTE-0001266,CL-0001318,2025-10-14 23:27:25,Adjuster_48,Closure Summary,SUSPICIOUS: Timeline of events does not align with witness statements. Damage pattern inconsistent with reported cause. Referring to SIU for further investigation.,2025-08-09 13:48:25
NOTE-0001267,CL-0002038,2026-04-26 22:53:25,Adjuster_38,Claimant Communication,Reviewed contractor estimate. Amount seems reasonable for scope of work. Approving payment minus deductible. Will notify policyholder.,2025-09-07 05:54:25
NOTE-0001268,CL-0001759,2025-10-12 17:24:25,Adjuster_23,Closure Summary,Contacted claimant via phone. They confirmed the timeline of events. No inconsistencies in their account. Proceeding with standard assessment.,2026-03-28 03:20:25
NOTE-0001269,CL-0002513,2025-12-26 16:37:25,Adjuster_23,Payment Processing,SUSPICIOUS: Timeline of events does not align with witness statements. Damage pattern inconsistent with reported cause. Referring to SIU for further investigation.,2025-07-21 22:22:25
NOTE-0001270,CL-0003191,2026-05-05 01:11:25,Adjuster_50,Closure Summary,SUSPICIOUS: Timeline of events does not align with witness statements. Damage pattern inconsistent with reported cause. Referring to SIU for further investigation.,2025-10-28 17:47:25
NOTE-0001271,CL-0004237,2026-04-03 14:12:25,Adjuster_43,Payment Processing,Multiple claims from same location within 6 months. Pattern suggests possible fraud. Flagging for SIU review before further processing.,2025-09-22 15:06:25
NOTE-0001272,CL-0003916,2025-11-15 10:00:25,Adjuster_50,Investigation Update,Repair completed and final inspection passed. Work quality is satisfactory. Releasing final payment to contractor. File ready for closure.,2025-06-11 04:41:25
NOTE-0001273,CL-0003081,2025-11-14 16:29:25,Adjuster_4,Payment Processing,Claim denied per policy exclusion for pre-existing damage. Evidence shows damage predates policy effective date. Denial letter sent to insured.,2026-02-26 11:29:25
NOTE-0001274,CL-0002835,2025-12-27 20:48:25,Adjuster_39,Claimant Communication,Repair completed and final inspection passed. Work quality is satisfactory. Releasing final payment to contractor. File ready for closure.,2025-07-25 04:10:25
NOTE-0001275,CL-0001144,2026-05-06 15:16:25,Adjuster_26,Payment Processing,Claimant is frustrated with processing time. Escalated to supervisor. Need to expedite review and provide status update within 24 hours.,2025-07-02 04:30:25
NOTE-0001276,CL-0002887,2025-06-28 00:19:25,Adjuster_24,Payment Processing,Contacted claimant via phone. They confirmed the timeline of events. No inconsistencies in their account. Proceeding with standard assessment.,2025-12-28 14:45:25
NOTE-0001277,CL-0003010,2026-04-29 01:57:25,Adjuster_4,Investigation Update,SUSPICIOUS: Timeline of events does not align with witness statements. Damage pattern inconsistent with reported cause. Referring to SIU for further investigation.,2026-01-22 20:05:25
NOTE-0001278,CL-0003675,2026-05-05 04:43:25,Adjuster_17,Claimant Communication,Subrogation potential identified. Third party clearly at fault per police report. Opening recovery file and notifying subrogation unit.,2025-11-25 09:05:25
NOTE-0001279,CL-0002157,2026-05-15 12:10:25,Adjuster_19,Initial Assessment,Claimant is frustrated with processing time. Escalated to supervisor. Need to expedite review and provide status update within 24 hours.,2026-01-20 07:53:25
NOTE-0001280,CL-0003905,2026-05-11 16:12:25,Adjuster_39,Investigation Update,Claimant is frustrated with processing time. Escalated to supervisor. Need to expedite review and provide status update within 24 hours.,2025-06-29 17:15:25
NOTE-0001281,CL-0003551,2026-04-18 11:10:25,Adjuster_38,Initial Assessment,SUSPICIOUS: Timeline of events does not align with witness statements. Damage pattern inconsistent with reported cause. Referring to SIU for further investigation.,2026-03-03 19:55:25
NOTE-0001282,CL-0001185,2025-07-01 15:52:25,Adjuster_6,Claimant Communication,Police report obtained. Details match claimant statement. No evidence of prior damage or fraud indicators. Proceeding with normal processing.,2025-07-22 23:49:25
NOTE-0001283,CL-0000037,2026-01-04 13:13:25,Adjuster_46,Claimant Communication,Workers comp claim validated. Employee was performing regular duties when injury occurred. Employer confirms no safety violations. Approving benefits.,2025-09-11 19:58:25
NOTE-0001284,CL-0004060,2026-02-20 01:37:25,Adjuster_48,Payment Processing,Police report obtained. Details match claimant statement. No evidence of prior damage or fraud indicators. Proceeding with normal processing.,2025-09-05 15:39:25
NOTE-0001285,CL-0003217,2026-05-21 21:26:25,Adjuster_36,Initial Assessment,Repair completed and final inspection passed. Work quality is satisfactory. Releasing final payment to contractor. File ready for closure.,2025-06-22 10:55:25
NOTE-0001286,CL-0001685,2026-01-04 10:59:25,Adjuster_30,Claimant Communication,Medical records received from treating physician. Injuries consistent with described accident. IME may not be necessary for this severity level.,2026-03-28 07:20:25
NOTE-0001287,CL-0004282,2026-03-22 18:07:25,Adjuster_49,Investigation Update,Claimant is frustrated with processing time. Escalated to supervisor. Need to expedite review and provide status update within 24 hours.,2025-11-27 09:35:25
NOTE-0001288,CL-0003822,2025-08-20 14:38:25,Adjuster_18,Closure Summary,Claimant is frustrated with processing time. Escalated to supervisor. Need to expedite review and provide status update within 24 hours.,2025-07-08 14:01:25
NOTE-0001289,CL-0004844,2026-02-19 16:39:25,Adjuster_2,Closure Summary,Claimant is frustrated with processing time. Escalated to supervisor. Need to expedite review and provide status update within 24 hours.,2025-05-28 16:22:25
NOTE-0001290,CL-0002874,2026-01-29 02:24:25,Adjuster_7,Payment Processing,"Weather data confirms severe storm in area on date of loss. NOAA records show wind gusts exceeding 70mph. Claim is weather-related, approved.",2025-06-28 02:33:25
NOTE-0001291,CL-0003809,2025-07-25 01:59:25,Adjuster_4,Payment Processing,Police report obtained. Details match claimant statement. No evidence of prior damage or fraud indicators. Proceeding with normal processing.,2026-01-04 06:28:25
NOTE-0001292,CL-0002700,2025-12-20 01:06:25,Adjuster_50,Claimant Communication,Repair completed and final inspection passed. Work quality is satisfactory. Releasing final payment to contractor. File ready for closure.,2026-05-19 22:48:25
NOTE-0001293,CL-0003495,2026-01-29 14:28:25,Adjuster_29,Payment Processing,Police report obtained. Details match claimant statement. No evidence of prior damage or fraud indicators. Proceeding with normal processing.,2025-10-15 19:15:25
NOTE-0001294,CL-0000313,2025-10-17 21:08:25,Adjuster_27,Claimant Communication,Subrogation potential identified. Third party clearly at fault per police report. Opening recovery file and notifying subrogation unit.,2025-07-08 10:26:25
NOTE-0001295,CL-0004391,2025-06-09 14:27:25,Adjuster_13,Investigation Update,Claimant attorney has sent letter of representation. All future communication must go through counsel. Updating file restrictions.,2025-12-14 04:48:25
NOTE-0001296,CL-0002778,2025-12-08 07:05:25,Adjuster_42,Initial Assessment,Subrogation potential identified. Third party clearly at fault per police report. Opening recovery file and notifying subrogation unit.,2025-09-30 11:51:25
NOTE-0001297,CL-0000742,2026-02-18 18:14:25,Adjuster_6,Initial Assessment,Medical records received from treating physician. Injuries consistent with described accident. IME may not be necessary for this severity level.,2025-12-24 21:44:25
NOTE-0001298,CL-0001514,2026-03-08 09:49:25,Adjuster_14,Investigation Update,SUSPICIOUS: Timeline of events does not align with witness statements. Damage pattern inconsistent with reported cause. Referring to SIU for further investigation.,2026-02-04 19:28:25
NOTE-0001299,CL-0003744,2026-01-25 10:14:25,Adjuster_23,Claimant Communication,Contacted claimant via phone. They confirmed the timeline of events. No inconsistencies in their account. Proceeding with standard assessment.,2025-06-09 20:26:25
NOTE-0001300,CL-0002376,2025-07-20 23:15:25,Adjuster_37,Payment Processing,Medical records received from treating physician. Injuries consistent with described accident. IME may not be necessary for this severity level.,2026-03-02 01:53:25
NOTE-0001301,CL-0004190,2026-01-14 10:36:25,Adjuster_17,Claimant Communication,Site inspection completed. Damage is consistent with reported cause of loss. Photos uploaded to file. Recommend approval for repair estimate.,2026-04-24 21:36:25
NOTE-0001302,CL-0004123,2025-09-27 03:27:25,Adjuster_49,Initial Assessment,Claimant is frustrated with processing time. Escalated to supervisor. Need to expedite review and provide status update within 24 hours.,2025-10-28 08:34:25
NOTE-0001303,CL-0004190,2025-11-27 04:42:25,Adjuster_9,Investigation Update,Site inspection completed. Damage is consistent with reported cause of loss. Photos uploaded to file. Recommend approval for repair estimate.,2025-06-07 06:40:25
NOTE-0001304,CL-0002458,2026-02-11 15:33:25,Adjuster_50,Initial Assessment,SUSPICIOUS: Timeline of events does not align with witness statements. Damage pattern inconsistent with reported cause. Referring to SIU for further investigation.,2026-05-14 12:40:25
NOTE-0001305,CL-0004805,2026-01-06 14:52:25,Adjuster_10,Closure Summary,Site inspection completed. Damage is consistent with reported cause of loss. Photos uploaded to file. Recommend approval for repair estimate.,2025-11-16 03:22:25
NOTE-0001306,CL-0001416,2025-09-29 05:11:25,Adjuster_13,Claimant Communication,Contacted claimant via phone. They confirmed the timeline of events. No inconsistencies in their account. Proceeding with standard assessment.,2026-04-10 12:28:25
NOTE-0001307,CL-0003608,2025-10-03 06:00:25,Adjuster_31,Investigation Update,Reviewed contractor estimate. Amount seems reasonable for scope of work. Approving payment minus deductible. Will notify policyholder.,2026-01-10 04:27:25
NOTE-0001308,CL-0001204,2025-12-23 21:50:25,Adjuster_30,Claimant Communication,SUSPICIOUS: Timeline of events does not align with witness statements. Damage pattern inconsistent with reported cause. Referring to SIU for further investigation.,2025-07-27 21:08:25
NOTE-0001309,CL-0000461,2025-09-21 18:24:25,Adjuster_36,Payment Processing,Claimant is frustrated with processing time. Escalated to supervisor. Need to expedite review and provide status update within 24 hours.,2025-11-11 08:51:25
NOTE-0001310,CL-0002905,2025-10-02 00:23:25,Adjuster_16,Initial Assessment,Site inspection completed. Damage is consistent with reported cause of loss. Photos uploaded to file. Recommend approval for repair estimate.,2026-04-08 04:09:25
NOTE-0001311,CL-0000358,2026-01-10 07:24:25,Adjuster_37,Claimant Communication,Claimant attorney has sent letter of representation. All future communication must go through counsel. Updating file restrictions.,2026-02-24 17:26:25
NOTE-0001312,CL-0001387,2025-06-21 04:22:25,Adjuster_3,Claimant Communication,Contacted claimant via phone. They confirmed the timeline of events. No inconsistencies in their account. Proceeding with standard assessment.,2025-08-23 12:37:25
NOTE-0001313,CL-0003642,2026-01-09 10:14:25,Adjuster_11,Claimant Communication,Reviewed contractor estimate. Amount seems reasonable for scope of work. Approving payment minus deductible. Will notify policyholder.,2026-02-07 18:29:25
NOTE-0001314,CL-0002696,2025-07-20 19:36:25,Adjuster_31,Initial Assessment,Medical records received from treating physician. Injuries consistent with described accident. IME may not be necessary for this severity level.,2025-07-13 14:08:25
NOTE-0001315,CL-0002765,2025-10-18 10:03:25,Adjuster_5,Closure Summary,Medical records received from treating physician. Injuries consistent with described accident. IME may not be necessary for this severity level.,2025-09-06 03:14:25
NOTE-0001316,CL-0001965,2026-03-24 12:54:25,Adjuster_23,Closure Summary,SUSPICIOUS: Timeline of events does not align with witness statements. Damage pattern inconsistent with reported cause. Referring to SIU for further investigation.,2026-02-02 16:27:25
NOTE-0001317,CL-0000448,2025-10-07 18:45:25,Adjuster_47,Claimant Communication,Claimant is frustrated with processing time. Escalated to supervisor. Need to expedite review and provide status update within 24 hours.,2026-04-20 23:17:25
NOTE-0001318,CL-0003798,2026-05-12 05:26:25,Adjuster_31,Payment Processing,Multiple claims from same location within 6 months. Pattern suggests possible fraud. Flagging for SIU review before further processing.,2026-03-18 19:10:25
NOTE-0001319,CL-0004324,2025-12-03 17:01:25,Adjuster_33,Investigation Update,Claimant attorney has sent letter of representation. All future communication must go through counsel. Updating file restrictions.,2026-03-13 12:25:25
NOTE-0001320,CL-0003522,2025-08-14 09:16:25,Adjuster_1,Payment Processing,Site inspection completed. Damage is consistent with reported cause of loss. Photos uploaded to file. Recommend approval for repair estimate.,2026-02-20 13:10:25
NOTE-0001321,CL-0003956,2025-11-09 13:35:25,Adjuster_30,Closure Summary,"Weather data confirms severe storm in area on date of loss. NOAA records show wind gusts exceeding 70mph. Claim is weather-related, approved.",2025-06-24 12:50:25
NOTE-0001322,CL-0004435,2025-06-21 22:51:25,Adjuster_9,Claimant Communication,Claim denied per policy exclusion for pre-existing damage. Evidence shows damage predates policy effective date. Denial letter sent to insured.,2025-12-13 11:56:25
NOTE-0001323,CL-0001897,2025-07-31 06:48:25,Adjuster_39,Payment Processing,Subrogation potential identified. Third party clearly at fault per police report. Opening recovery file and notifying subrogation unit.,2025-11-29 02:56:25
NOTE-0001324,CL-0004312,2026-01-27 05:13:25,Adjuster_25,Payment Processing,Site inspection completed. Damage is consistent with reported cause of loss. Photos uploaded to file. Recommend approval for repair estimate.,2025-10-24 05:01:25
NOTE-0001325,CL-0002960,2025-11-18 13:51:25,Adjuster_24,Closure Summary,Payment issued to claimant. Check number referenced in system. Closing file pending 30-day satisfaction period. No further action needed.,2025-08-01 11:37:25
NOTE-0001326,CL-0004173,2025-06-20 23:29:25,Adjuster_29,Payment Processing,Claim denied per policy exclusion for pre-existing damage. Evidence shows damage predates policy effective date. Denial letter sent to insured.,2026-03-10 17:22:25
NOTE-0001327,CL-0000947,2025-10-17 08:15:25,Adjuster_34,Investigation Update,Repair completed and final inspection passed. Work quality is satisfactory. Releasing final payment to contractor. File ready for closure.,2025-06-15 02:44:25
NOTE-0001328,CL-0001511,2025-07-02 17:02:25,Adjuster_29,Closure Summary,Claimant is frustrated with processing time. Escalated to supervisor. Need to expedite review and provide status update within 24 hours.,2026-02-23 16:43:25
NOTE-0001329,CL-0003951,2025-06-29 10:39:25,Adjuster_36,Investigation Update,Site inspection completed. Damage is consistent with reported cause of loss. Photos uploaded to file. Recommend approval for repair estimate.,2025-09-10 12:06:25
NOTE-0001330,CL-0001970,2025-11-21 19:45:25,Adjuster_25,Investigation Update,Workers comp claim validated. Employee was performing regular duties when injury occurred. Employer confirms no safety violations. Approving benefits.,2025-08-14 06:18:25
NOTE-0001331,CL-0004931,2025-05-29 13:25:25,Adjuster_38,Claimant Communication,Workers comp claim validated. Employee was performing regular duties when injury occurred. Employer confirms no safety violations. Approving benefits.,2025-08-22 15:44:25
NOTE-0001332,CL-0004509,2025-12-01 23:15:25,Adjuster_26,Payment Processing,SUSPICIOUS: Timeline of events does not align with witness statements. Damage pattern inconsistent with reported cause. Referring to SIU for further investigation.,2026-02-10 01:07:25
NOTE-0001333,CL-0004156,2025-06-12 22:51:25,Adjuster_17,Claimant Communication,Site inspection completed. Damage is consistent with reported cause of loss. Photos uploaded to file. Recommend approval for repair estimate.,2025-12-09 13:50:25
NOTE-0001334,CL-0000197,2026-02-06 23:46:25,Adjuster_39,Claimant Communication,Contacted claimant via phone. They confirmed the timeline of events. No inconsistencies in their account. Proceeding with standard assessment.,2025-11-28 00:35:25
NOTE-0001335,CL-0004212,2026-01-08 05:31:25,Adjuster_42,Investigation Update,Multiple claims from same location within 6 months. Pattern suggests possible fraud. Flagging for SIU review before further processing.,2025-06-22 14:19:25
NOTE-0001336,CL-0004716,2026-02-19 06:36:25,Adjuster_36,Payment Processing,Police report obtained. Details match claimant statement. No evidence of prior damage or fraud indicators. Proceeding with normal processing.,2025-08-28 09:12:25
NOTE-0001337,CL-0002090,2025-09-14 14:13:25,Adjuster_27,Closure Summary,Payment issued to claimant. Check number referenced in system. Closing file pending 30-day satisfaction period. No further action needed.,2025-11-16 00:36:25
NOTE-0001338,CL-0000516,2026-03-04 06:35:25,Adjuster_9,Investigation Update,Subrogation potential identified. Third party clearly at fault per police report. Opening recovery file and notifying subrogation unit.,2026-04-27 23:35:25
NOTE-0001339,CL-0003722,2025-10-03 00:09:25,Adjuster_28,Closure Summary,Payment issued to claimant. Check number referenced in system. Closing file pending 30-day satisfaction period. No further action needed.,2026-04-17 13:36:25
NOTE-0001340,CL-0004757,2026-04-17 02:40:25,Adjuster_28,Claimant Communication,"Weather data confirms severe storm in area on date of loss. NOAA records show wind gusts exceeding 70mph. Claim is weather-related, approved.",2025-06-11 03:58:25
NOTE-0001341,CL-0002199,2026-04-06 18:38:25,Adjuster_4,Claimant Communication,Claimant attorney has sent letter of representation. All future communication must go through counsel. Updating file restrictions.,2025-10-21 15:28:25
NOTE-0001342,CL-0004316,2026-05-25 07:52:25,Adjuster_45,Closure Summary,Repair completed and final inspection passed. Work quality is satisfactory. Releasing final payment to contractor. File ready for closure.,2026-01-11 13:30:25
NOTE-0001343,CL-0004205,2025-12-31 19:39:25,Adjuster_22,Closure Summary,SUSPICIOUS: Timeline of events does not align with witness statements. Damage pattern inconsistent with reported cause. Referring to SIU for further investigation.,2026-02-17 19:33:25
NOTE-0001344,CL-0000449,2025-06-05 14:37:25,Adjuster_31,Payment Processing,Workers comp claim validated. Employee was performing regular duties when injury occurred. Employer confirms no safety violations. Approving benefits.,2025-08-28 16:54:25
NOTE-0001345,CL-0003743,2025-06-07 06:58:25,Adjuster_35,Investigation Update,SUSPICIOUS: Timeline of events does not align with witness statements. Damage pattern inconsistent with reported cause. Referring to SIU for further investigation.,2025-05-30 00:38:25
NOTE-0001346,CL-0004991,2025-12-18 18:13:25,Adjuster_30,Closure Summary,Site inspection completed. Damage is consistent with reported cause of loss. Photos uploaded to file. Recommend approval for repair estimate.,2026-04-02 21:09:25
NOTE-0001347,CL-0004749,2026-01-21 08:00:25,Adjuster_26,Investigation Update,Claimant attorney has sent letter of representation. All future communication must go through counsel. Updating file restrictions.,2025-12-01 19:55:25
NOTE-0001348,CL-0002944,2025-10-03 09:51:25,Adjuster_14,Closure Summary,SUSPICIOUS: Timeline of events does not align with witness statements. Damage pattern inconsistent with reported cause. Referring to SIU for further investigation.,2025-12-13 02:45:25
NOTE-0001349,CL-0004403,2025-09-03 09:15:25,Adjuster_10,Claimant Communication,Payment issued to claimant. Check number referenced in system. Closing file pending 30-day satisfaction period. No further action needed.,2026-02-25 19:05:25
NOTE-0001350,CL-0001595,2026-03-14 21:40:25,Adjuster_49,Investigation Update,Reviewed contractor estimate. Amount seems reasonable for scope of work. Approving payment minus deductible. Will notify policyholder.,2025-05-27 13:00:25
NOTE-0001351,CL-0002567,2026-01-06 05:20:25,Adjuster_27,Investigation Update,Medical records received from treating physician. Injuries consistent with described accident. IME may not be necessary for this severity level.,2025-09-20 01:39:25
NOTE-0001352,CL-0003482,2026-03-10 00:09:25,Adjuster_2,Investigation Update,Claimant is frustrated with processing time. Escalated to supervisor. Need to expedite review and provide status update within 24 hours.,2025-10-03 05:48:25
NOTE-0001353,CL-0002803,2025-12-07 23:40:25,Adjuster_7,Closure Summary,SUSPICIOUS: Timeline of events does not align with witness statements. Damage pattern inconsistent with reported cause. Referring to SIU for further investigation.,2025-07-22 00:07:25
NOTE-0001354,CL-0001762,2026-05-14 14:05:25,Adjuster_39,Initial Assessment,Medical records received from treating physician. Injuries consistent with described accident. IME may not be necessary for this severity level.,2026-02-22 07:39:25
NOTE-0001355,CL-0003033,2025-11-11 16:39:25,Adjuster_40,Initial Assessment,Claim denied per policy exclusion for pre-existing damage. Evidence shows damage predates policy effective date. Denial letter sent to insured.,2025-12-15 07:14:25
NOTE-0001356,CL-0003151,2026-04-06 17:39:25,Adjuster_35,Payment Processing,Medical records received from treating physician. Injuries consistent with described accident. IME may not be necessary for this severity level.,2026-05-15 09:27:25
NOTE-0001357,CL-0003198,2025-09-26 17:42:25,Adjuster_42,Initial Assessment,Subrogation potential identified. Third party clearly at fault per police report. Opening recovery file and notifying subrogation unit.,2026-01-05 23:05:25
NOTE-0001358,CL-0000339,2025-06-19 15:18:25,Adjuster_20,Claimant Communication,Reviewed contractor estimate. Amount seems reasonable for scope of work. Approving payment minus deductible. Will notify policyholder.,2026-02-13 00:41:25
NOTE-0001359,CL-0004067,2025-08-03 18:01:25,Adjuster_26,Investigation Update,Medical records received from treating physician. Injuries consistent with described accident. IME may not be necessary for this severity level.,2026-02-23 09:15:25
NOTE-0001360,CL-0003944,2025-06-28 14:01:25,Adjuster_24,Closure Summary,Claim denied per policy exclusion for pre-existing damage. Evidence shows damage predates policy effective date. Denial letter sent to insured.,2026-01-15 02:51:25
NOTE-0001361,CL-0003323,2026-03-04 11:15:25,Adjuster_12,Closure Summary,Claimant is frustrated with processing time. Escalated to supervisor. Need to expedite review and provide status update within 24 hours.,2026-01-12 18:17:25
NOTE-0001362,CL-0004294,2026-01-26 15:39:25,Adjuster_13,Initial Assessment,Workers comp claim validated. Employee was performing regular duties when injury occurred. Employer confirms no safety violations. Approving benefits.,2026-04-09 22:41:25
NOTE-0001363,CL-0003158,2025-11-18 21:55:25,Adjuster_5,Claimant Communication,Subrogation potential identified. Third party clearly at fault per police report. Opening recovery file and notifying subrogation unit.,2025-08-11 14:16:25
NOTE-0001364,CL-0004099,2025-09-13 22:25:25,Adjuster_14,Claimant Communication,Workers comp claim validated. Employee was performing regular duties when injury occurred. Employer confirms no safety violations. Approving benefits.,2026-02-20 16:11:25
NOTE-0001365,CL-0000876,2026-02-27 21:33:25,Adjuster_48,Payment Processing,Payment issued to claimant. Check number referenced in system. Closing file pending 30-day satisfaction period. No further action needed.,2025-10-02 13:30:25
NOTE-0001366,CL-0004614,2026-01-02 04:44:25,Adjuster_44,Initial Assessment,Medical records received from treating physician. Injuries consistent with described accident. IME may not be necessary for this severity level.,2025-08-29 20:52:25
NOTE-0001367,CL-0004285,2025-07-08 18:12:25,Adjuster_46,Closure Summary,Subrogation potential identified. Third party clearly at fault per police report. Opening recovery file and notifying subrogation unit.,2026-02-09 12:03:25
NOTE-0001368,CL-0000436,2026-04-03 09:58:25,Adjuster_4,Payment Processing,Contacted claimant via phone. They confirmed the timeline of events. No inconsistencies in their account. Proceeding with standard assessment.,2025-12-23 01:58:25
NOTE-0001369,CL-0000280,2025-10-07 01:41:25,Adjuster_38,Closure Summary,Claimant attorney has sent letter of representation. All future communication must go through counsel. Updating file restrictions.,2025-07-10 09:36:25
NOTE-0001370,CL-0001119,2025-10-23 15:56:25,Adjuster_1,Investigation Update,Claim denied per policy exclusion for pre-existing damage. Evidence shows damage predates policy effective date. Denial letter sent to insured.,2025-11-10 07:05:25
NOTE-0001371,CL-0004818,2026-03-08 15:23:25,Adjuster_12,Investigation Update,SUSPICIOUS: Timeline of events does not align with witness statements. Damage pattern inconsistent with reported cause. Referring to SIU for further investigation.,2025-09-22 01:17:25
NOTE-0001372,CL-0001054,2026-03-24 06:10:25,Adjuster_33,Closure Summary,Claimant is frustrated with processing time. Escalated to supervisor. Need to expedite review and provide status update within 24 hours.,2025-09-29 04:52:25
NOTE-0001373,CL-0001199,2026-04-10 02:19:25,Adjuster_2,Initial Assessment,SUSPICIOUS: Timeline of events does not align with witness statements. Damage pattern inconsistent with reported cause. Referring to SIU for further investigation.,2025-09-10 15:43:25
NOTE-0001374,CL-0004295,2026-03-15 05:11:25,Adjuster_23,Closure Summary,Multiple claims from same location within 6 months. Pattern suggests possible fraud. Flagging for SIU review before further processing.,2025-08-28 00:46:25
NOTE-0001375,CL-0003054,2025-12-10 11:14:25,Adjuster_20,Initial Assessment,Medical records received from treating physician. Injuries consistent with described accident. IME may not be necessary for this severity level.,2025-06-02 12:28:25
NOTE-0001376,CL-0000468,2026-01-17 05:24:25,Adjuster_20,Initial Assessment,Payment issued to claimant. Check number referenced in system. Closing file pending 30-day satisfaction period. No further action needed.,2026-05-17 22:14:25
NOTE-0001377,CL-0004076,2026-01-22 16:59:25,Adjuster_6,Claimant Communication,Payment issued to claimant. Check number referenced in system. Closing file pending 30-day satisfaction period. No further action needed.,2026-02-02 22:56:25
NOTE-0001378,CL-0004279,2026-03-06 15:13:25,Adjuster_35,Initial Assessment,Multiple claims from same location within 6 months. Pattern suggests possible fraud. Flagging for SIU review before further processing.,2025-06-16 01:35:25
NOTE-0001379,CL-0001560,2025-12-03 03:07:25,Adjuster_22,Closure Summary,Workers comp claim validated. Employee was performing regular duties when injury occurred. Employer confirms no safety violations. Approving benefits.,2025-11-23 01:05:25
NOTE-0001380,CL-0001983,2025-10-27 15:37:25,Adjuster_4,Investigation Update,Medical records received from treating physician. Injuries consistent with described accident. IME may not be necessary for this severity level.,2026-03-22 02:56:25
NOTE-0001381,CL-0000563,2025-08-03 20:05:25,Adjuster_26,Investigation Update,Multiple claims from same location within 6 months. Pattern suggests possible fraud. Flagging for SIU review before further processing.,2025-06-15 14:51:25
NOTE-0001382,CL-0004292,2026-02-02 03:26:25,Adjuster_33,Closure Summary,"Weather data confirms severe storm in area on date of loss. NOAA records show wind gusts exceeding 70mph. Claim is weather-related, approved.",2025-12-14 01:03:25
NOTE-0001383,CL-0003152,2025-11-13 02:17:25,Adjuster_49,Claimant Communication,Multiple claims from same location within 6 months. Pattern suggests possible fraud. Flagging for SIU review before further processing.,2025-08-21 13:19:25
NOTE-0001384,CL-0000837,2026-03-21 07:14:25,Adjuster_44,Investigation Update,Site inspection completed. Damage is consistent with reported cause of loss. Photos uploaded to file. Recommend approval for repair estimate.,2025-11-24 13:24:25
NOTE-0001385,CL-0000021,2025-12-15 17:14:25,Adjuster_34,Initial Assessment,Medical records received from treating physician. Injuries consistent with described accident. IME may not be necessary for this severity level.,2026-02-04 19:28:25
NOTE-0001386,CL-0002872,2025-11-22 12:31:25,Adjuster_5,Investigation Update,Multiple claims from same location within 6 months. Pattern suggests possible fraud. Flagging for SIU review before further processing.,2025-05-26 16:43:25
NOTE-0001387,CL-0001966,2025-11-23 18:36:25,Adjuster_36,Investigation Update,Police report obtained. Details match claimant statement. No evidence of prior damage or fraud indicators. Proceeding with normal processing.,2025-06-05 09:51:25
NOTE-0001388,CL-0000923,2026-01-03 04:11:25,Adjuster_21,Initial Assessment,Claimant is frustrated with processing time. Escalated to supervisor. Need to expedite review and provide status update within 24 hours.,2026-04-16 20:37:25
NOTE-0001389,CL-0002471,2025-10-26 16:31:25,Adjuster_41,Payment Processing,SUSPICIOUS: Timeline of events does not align with witness statements. Damage pattern inconsistent with reported cause. Referring to SIU for further investigation.,2025-06-05 08:42:25
NOTE-0001390,CL-0003481,2026-04-18 02:21:25,Adjuster_2,Investigation Update,Claimant is frustrated with processing time. Escalated to supervisor. Need to expedite review and provide status update within 24 hours.,2025-07-02 23:23:25
NOTE-0001391,CL-0004519,2026-05-14 05:43:25,Adjuster_1,Closure Summary,Police report obtained. Details match claimant statement. No evidence of prior damage or fraud indicators. Proceeding with normal processing.,2025-06-11 09:07:25
NOTE-0001392,CL-0003100,2025-07-07 00:22:25,Adjuster_25,Payment Processing,Claimant attorney has sent letter of representation. All future communication must go through counsel. Updating file restrictions.,2026-01-07 16:38:25
NOTE-0001393,CL-0001562,2026-01-24 17:27:25,Adjuster_13,Initial Assessment,Police report obtained. Details match claimant statement. No evidence of prior damage or fraud indicators. Proceeding with normal processing.,2025-07-22 00:53:25
NOTE-0001394,CL-0004039,2025-10-14 23:38:25,Adjuster_30,Claimant Communication,Subrogation potential identified. Third party clearly at fault per police report. Opening recovery file and notifying subrogation unit.,2026-04-03 11:12:25
NOTE-0001395,CL-0002279,2025-11-17 12:59:25,Adjuster_21,Payment Processing,Repair completed and final inspection passed. Work quality is satisfactory. Releasing final payment to contractor. File ready for closure.,2025-11-19 11:42:25
NOTE-0001396,CL-0003346,2025-09-18 00:13:25,Adjuster_5,Closure Summary,Claimant attorney has sent letter of representation. All future communication must go through counsel. Updating file restrictions.,2025-10-17 00:45:25
NOTE-0001397,CL-0000125,2025-11-08 08:25:25,Adjuster_10,Initial Assessment,Site inspection completed. Damage is consistent with reported cause of loss. Photos uploaded to file. Recommend approval for repair estimate.,2025-06-20 22:41:25
NOTE-0001398,CL-0002176,2026-02-21 06:20:25,Adjuster_15,Investigation Update,Multiple claims from same location within 6 months. Pattern suggests possible fraud. Flagging for SIU review before further processing.,2026-02-06 18:50:25
NOTE-0001399,CL-0004543,2025-07-27 01:43:25,Adjuster_1,Closure Summary,Multiple claims from same location within 6 months. Pattern suggests possible fraud. Flagging for SIU review before further processing.,2025-11-10 10:35:25
NOTE-0001400,CL-0002906,2025-11-30 00:02:25,Adjuster_13,Claimant Communication,Medical records received from treating physician. Injuries consistent with described accident. IME may not be necessary for this severity level.,2025-09-14 14:21:25
NOTE-0001401,CL-0000148,2025-07-25 19:01:25,Adjuster_47,Investigation Update,Workers comp claim validated. Employee was performing regular duties when injury occurred. Employer confirms no safety violations. Approving benefits.,2025-06-02 14:17:25
NOTE-0001402,CL-0000340,2025-07-25 06:21:25,Adjuster_44,Payment Processing,Payment issued to claimant. Check number referenced in system. Closing file pending 30-day satisfaction period. No further action needed.,2025-12-22 20:44:25
NOTE-0001403,CL-0000898,2026-03-27 08:27:25,Adjuster_39,Investigation Update,Workers comp claim validated. Employee was performing regular duties when injury occurred. Employer confirms no safety violations. Approving benefits.,2025-10-12 22:17:25
NOTE-0001404,CL-0004675,2025-06-05 20:51:25,Adjuster_1,Payment Processing,Site inspection completed. Damage is consistent with reported cause of loss. Photos uploaded to file. Recommend approval for repair estimate.,2026-04-06 10:02:25
NOTE-0001405,CL-0001050,2025-12-04 14:41:25,Adjuster_34,Claimant Communication,Payment issued to claimant. Check number referenced in system. Closing file pending 30-day satisfaction period. No further action needed.,2026-03-17 15:59:25
NOTE-0001406,CL-0003935,2026-05-04 10:47:25,Adjuster_40,Claimant Communication,Multiple claims from same location within 6 months. Pattern suggests possible fraud. Flagging for SIU review before further processing.,2025-11-25 21:17:25
NOTE-0001407,CL-0000935,2025-08-08 21:32:25,Adjuster_41,Payment Processing,Multiple claims from same location within 6 months. Pattern suggests possible fraud. Flagging for SIU review before further processing.,2025-07-01 09:42:25
NOTE-0001408,CL-0001327,2025-11-17 01:27:25,Adjuster_13,Payment Processing,Multiple claims from same location within 6 months. Pattern suggests possible fraud. Flagging for SIU review before further processing.,2026-01-12 04:22:25
NOTE-0001409,CL-0001061,2026-01-10 21:34:25,Adjuster_1,Payment Processing,Claimant is frustrated with processing time. Escalated to supervisor. Need to expedite review and provide status update within 24 hours.,2025-09-16 11:03:25
NOTE-0001410,CL-0004266,2026-04-25 23:56:25,Adjuster_8,Payment Processing,Multiple claims from same location within 6 months. Pattern suggests possible fraud. Flagging for SIU review before further processing.,2025-11-02 03:47:25
NOTE-0001411,CL-0001340,2026-03-10 23:39:25,Adjuster_26,Claimant Communication,Contacted claimant via phone. They confirmed the timeline of events. No inconsistencies in their account. Proceeding with standard assessment.,2025-07-06 07:14:25
NOTE-0001412,CL-0002924,2025-11-12 08:06:25,Adjuster_50,Investigation Update,Police report obtained. Details match claimant statement. No evidence of prior damage or fraud indicators. Proceeding with normal processing.,2026-03-20 16:23:25
NOTE-0001413,CL-0001029,2026-04-21 03:04:25,Adjuster_7,Initial Assessment,Contacted claimant via phone. They confirmed the timeline of events. No inconsistencies in their account. Proceeding with standard assessment.,2025-07-22 09:44:25
NOTE-0001414,CL-0001415,2025-06-05 02:43:25,Adjuster_6,Payment Processing,Payment issued to claimant. Check number referenced in system. Closing file pending 30-day satisfaction period. No further action needed.,2025-08-22 23:15:25
NOTE-0001415,CL-0002436,2025-09-02 11:35:25,Adjuster_29,Closure Summary,Repair completed and final inspection passed. Work quality is satisfactory. Releasing final payment to contractor. File ready for closure.,2026-05-10 22:03:25
NOTE-0001416,CL-0004455,2025-09-17 19:02:25,Adjuster_39,Claimant Communication,"Weather data confirms severe storm in area on date of loss. NOAA records show wind gusts exceeding 70mph. Claim is weather-related, approved.",2025-06-25 00:50:25
NOTE-0001417,CL-0000797,2025-11-29 18:10:25,Adjuster_39,Investigation Update,Police report obtained. Details match claimant statement. No evidence of prior damage or fraud indicators. Proceeding with normal processing.,2026-05-20 08:07:25
NOTE-0001418,CL-0001308,2025-12-03 18:39:25,Adjuster_31,Claimant Communication,Police report obtained. Details match claimant statement. No evidence of prior damage or fraud indicators. Proceeding with normal processing.,2026-05-05 19:42:25
NOTE-0001419,CL-0003038,2025-12-11 21:53:25,Adjuster_46,Closure Summary,Repair completed and final inspection passed. Work quality is satisfactory. Releasing final payment to contractor. File ready for closure.,2025-10-18 01:41:25
NOTE-0001420,CL-0000332,2026-01-21 00:56:25,Adjuster_41,Payment Processing,Contacted claimant via phone. They confirmed the timeline of events. No inconsistencies in their account. Proceeding with standard assessment.,2026-02-16 23:09:25
NOTE-0001421,CL-0000989,2026-03-11 01:58:25,Adjuster_1,Investigation Update,Claimant attorney has sent letter of representation. All future communication must go through counsel. Updating file restrictions.,2025-07-07 20:31:25
NOTE-0001422,CL-0001331,2025-12-13 21:10:25,Adjuster_6,Initial Assessment,Police report obtained. Details match claimant statement. No evidence of prior damage or fraud indicators. Proceeding with normal processing.,2025-05-26 18:26:25
NOTE-0001423,CL-0000271,2025-05-28 13:46:25,Adjuster_8,Closure Summary,Repair completed and final inspection passed. Work quality is satisfactory. Releasing final payment to contractor. File ready for closure.,2025-10-19 09:34:25
NOTE-0001424,CL-0004500,2025-09-30 23:11:25,Adjuster_40,Initial Assessment,Workers comp claim validated. Employee was performing regular duties when injury occurred. Employer confirms no safety violations. Approving benefits.,2025-06-15 10:56:25
NOTE-0001425,CL-0000973,2025-08-03 19:04:25,Adjuster_46,Initial Assessment,Police report obtained. Details match claimant statement. No evidence of prior damage or fraud indicators. Proceeding with normal processing.,2025-10-06 18:47:25
NOTE-0001426,CL-0001393,2026-04-23 18:31:25,Adjuster_21,Claimant Communication,Reviewed contractor estimate. Amount seems reasonable for scope of work. Approving payment minus deductible. Will notify policyholder.,2025-08-30 08:16:25
NOTE-0001427,CL-0003755,2025-09-27 16:44:25,Adjuster_5,Investigation Update,Repair completed and final inspection passed. Work quality is satisfactory. Releasing final payment to contractor. File ready for closure.,2025-11-25 13:41:25
NOTE-0001428,CL-0002220,2025-10-03 05:20:25,Adjuster_42,Payment Processing,Site inspection completed. Damage is consistent with reported cause of loss. Photos uploaded to file. Recommend approval for repair estimate.,2026-04-17 12:36:25
NOTE-0001429,CL-0000133,2026-05-24 13:23:25,Adjuster_24,Payment Processing,Reviewed contractor estimate. Amount seems reasonable for scope of work. Approving payment minus deductible. Will notify policyholder.,2025-10-21 03:26:25
NOTE-0001430,CL-0001194,2025-08-07 04:58:25,Adjuster_5,Claimant Communication,Payment issued to claimant. Check number referenced in system. Closing file pending 30-day satisfaction period. No further action needed.,2025-10-25 10:51:25
NOTE-0001431,CL-0003027,2026-02-16 06:08:25,Adjuster_43,Investigation Update,"Weather data confirms severe storm in area on date of loss. NOAA records show wind gusts exceeding 70mph. Claim is weather-related, approved.",2025-12-02 21:18:25
NOTE-0001432,CL-0001957,2025-10-04 04:06:25,Adjuster_23,Payment Processing,Workers comp claim validated. Employee was performing regular duties when injury occurred. Employer confirms no safety violations. Approving benefits.,2025-10-20 23:56:25
NOTE-0001433,CL-0002911,2025-10-07 14:31:25,Adjuster_45,Initial Assessment,Site inspection completed. Damage is consistent with reported cause of loss. Photos uploaded to file. Recommend approval for repair estimate.,2025-12-15 05:14:25
NOTE-0001434,CL-0000487,2026-03-30 05:04:25,Adjuster_8,Claimant Communication,Medical records received from treating physician. Injuries consistent with described accident. IME may not be necessary for this severity level.,2025-07-15 22:39:25
NOTE-0001435,CL-0002274,2025-12-15 15:53:25,Adjuster_28,Closure Summary,Claimant is frustrated with processing time. Escalated to supervisor. Need to expedite review and provide status update within 24 hours.,2025-10-10 05:44:25
NOTE-0001436,CL-0002413,2025-05-30 21:35:25,Adjuster_21,Payment Processing,SUSPICIOUS: Timeline of events does not align with witness statements. Damage pattern inconsistent with reported cause. Referring to SIU for further investigation.,2025-09-22 17:30:25
NOTE-0001437,CL-0003827,2025-11-30 21:31:25,Adjuster_20,Closure Summary,Reviewed contractor estimate. Amount seems reasonable for scope of work. Approving payment minus deductible. Will notify policyholder.,2025-10-12 10:17:25
NOTE-0001438,CL-0004209,2025-07-21 09:40:25,Adjuster_47,Claimant Communication,Claimant is frustrated with processing time. Escalated to supervisor. Need to expedite review and provide status update within 24 hours.,2026-04-02 00:05:25
NOTE-0001439,CL-0002071,2025-06-12 13:53:25,Adjuster_50,Claimant Communication,Workers comp claim validated. Employee was performing regular duties when injury occurred. Employer confirms no safety violations. Approving benefits.,2025-12-03 04:56:25
NOTE-0001440,CL-0000053,2025-12-20 19:17:25,Adjuster_22,Claimant Communication,Reviewed contractor estimate. Amount seems reasonable for scope of work. Approving payment minus deductible. Will notify policyholder.,2026-02-07 06:16:25
NOTE-0001441,CL-0000431,2026-03-05 17:26:25,Adjuster_48,Closure Summary,Multiple claims from same location within 6 months. Pattern suggests possible fraud. Flagging for SIU review before further processing.,2025-07-11 04:08:25
NOTE-0001442,CL-0001380,2026-03-10 16:11:25,Adjuster_18,Initial Assessment,Claimant attorney has sent letter of representation. All future communication must go through counsel. Updating file restrictions.,2025-07-25 05:00:25
NOTE-0001443,CL-0002720,2026-03-28 02:32:25,Adjuster_44,Closure Summary,Payment issued to claimant. Check number referenced in system. Closing file pending 30-day satisfaction period. No further action needed.,2026-04-29 10:22:25
NOTE-0001444,CL-0003670,2025-06-28 03:56:25,Adjuster_11,Payment Processing,Contacted claimant via phone. They confirmed the timeline of events. No inconsistencies in their account. Proceeding with standard assessment.,2026-05-12 06:53:25
NOTE-0001445,CL-0002008,2026-03-23 03:44:25,Adjuster_28,Investigation Update,Contacted claimant via phone. They confirmed the timeline of events. No inconsistencies in their account. Proceeding with standard assessment.,2025-10-02 06:30:25
NOTE-0001446,CL-0001554,2025-11-05 15:59:25,Adjuster_50,Investigation Update,Reviewed contractor estimate. Amount seems reasonable for scope of work. Approving payment minus deductible. Will notify policyholder.,2025-10-12 17:52:25
NOTE-0001447,CL-0001132,2026-04-10 09:08:25,Adjuster_39,Investigation Update,SUSPICIOUS: Timeline of events does not align with witness statements. Damage pattern inconsistent with reported cause. Referring to SIU for further investigation.,2026-03-28 20:11:25
NOTE-0001448,CL-0002033,2025-07-24 20:23:25,Adjuster_19,Claimant Communication,Reviewed contractor estimate. Amount seems reasonable for scope of work. Approving payment minus deductible. Will notify policyholder.,2026-05-17 00:47:25
NOTE-0001449,CL-0002225,2026-05-05 23:31:25,Adjuster_25,Investigation Update,Claimant is frustrated with processing time. Escalated to supervisor. Need to expedite review and provide status update within 24 hours.,2025-10-02 12:29:25
NOTE-0001450,CL-0000779,2025-10-14 15:47:25,Adjuster_31,Investigation Update,Claim denied per policy exclusion for pre-existing damage. Evidence shows damage predates policy effective date. Denial letter sent to insured.,2025-11-17 04:12:25
NOTE-0001451,CL-0000143,2026-02-16 18:18:25,Adjuster_27,Payment Processing,Police report obtained. Details match claimant statement. No evidence of prior damage or fraud indicators. Proceeding with normal processing.,2025-11-29 04:20:25
NOTE-0001452,CL-0004092,2025-09-20 15:17:25,Adjuster_48,Initial Assessment,Claim denied per policy exclusion for pre-existing damage. Evidence shows damage predates policy effective date. Denial letter sent to insured.,2025-12-24 23:01:25
NOTE-0001453,CL-0003849,2025-10-24 00:43:25,Adjuster_42,Investigation Update,Subrogation potential identified. Third party clearly at fault per police report. Opening recovery file and notifying subrogation unit.,2026-03-10 22:03:25
NOTE-0001454,CL-0002519,2026-01-22 05:28:25,Adjuster_37,Initial Assessment,"Weather data confirms severe storm in area on date of loss. NOAA records show wind gusts exceeding 70mph. Claim is weather-related, approved.",2025-11-04 05:11:25
NOTE-0001455,CL-0002904,2026-03-03 10:57:25,Adjuster_18,Initial Assessment,Police report obtained. Details match claimant statement. No evidence of prior damage or fraud indicators. Proceeding with normal processing.,2026-03-19 10:31:25
NOTE-0001456,CL-0004302,2026-05-25 10:33:25,Adjuster_28,Claimant Communication,Medical records received from treating physician. Injuries consistent with described accident. IME may not be necessary for this severity level.,2026-04-03 21:34:25
NOTE-0001457,CL-0000245,2026-02-28 18:45:25,Adjuster_31,Closure Summary,Payment issued to claimant. Check number referenced in system. Closing file pending 30-day satisfaction period. No further action needed.,2026-05-09 04:11:25
NOTE-0001458,CL-0004102,2025-11-18 00:31:25,Adjuster_15,Initial Assessment,Site inspection completed. Damage is consistent with reported cause of loss. Photos uploaded to file. Recommend approval for repair estimate.,2025-06-17 20:53:25
NOTE-0001459,CL-0004699,2025-07-29 08:32:25,Adjuster_11,Investigation Update,SUSPICIOUS: Timeline of events does not align with witness statements. Damage pattern inconsistent with reported cause. Referring to SIU for further investigation.,2025-09-07 02:20:25
NOTE-0001460,CL-0003435,2025-07-10 08:22:25,Adjuster_7,Closure Summary,Workers comp claim validated. Employee was performing regular duties when injury occurred. Employer confirms no safety violations. Approving benefits.,2025-08-13 07:50:25
NOTE-0001461,CL-0004770,2026-03-07 03:07:25,Adjuster_38,Initial Assessment,Police report obtained. Details match claimant statement. No evidence of prior damage or fraud indicators. Proceeding with normal processing.,2025-07-26 00:31:25
NOTE-0001462,CL-0003040,2025-07-29 23:54:25,Adjuster_43,Investigation Update,Claim denied per policy exclusion for pre-existing damage. Evidence shows damage predates policy effective date. Denial letter sent to insured.,2025-06-21 05:27:25
NOTE-0001463,CL-0004200,2025-12-28 13:04:25,Adjuster_8,Claimant Communication,Claim denied per policy exclusion for pre-existing damage. Evidence shows damage predates policy effective date. Denial letter sent to insured.,2025-07-23 16:35:25
NOTE-0001464,CL-0003240,2025-06-09 17:00:25,Adjuster_20,Claimant Communication,Subrogation potential identified. Third party clearly at fault per police report. Opening recovery file and notifying subrogation unit.,2025-11-27 17:55:25
NOTE-0001465,CL-0004082,2025-07-13 05:08:25,Adjuster_36,Initial Assessment,Payment issued to claimant. Check number referenced in system. Closing file pending 30-day satisfaction period. No further action needed.,2025-07-07 06:16:25
NOTE-0001466,CL-0003415,2025-09-29 03:44:25,Adjuster_13,Claimant Communication,Workers comp claim validated. Employee was performing regular duties when injury occurred. Employer confirms no safety violations. Approving benefits.,2025-10-14 03:01:25
NOTE-0001467,CL-0000308,2025-11-03 23:17:25,Adjuster_8,Claimant Communication,Workers comp claim validated. Employee was performing regular duties when injury occurred. Employer confirms no safety violations. Approving benefits.,2026-02-02 17:22:25
NOTE-0001468,CL-0003346,2025-07-29 02:41:25,Adjuster_26,Closure Summary,Repair completed and final inspection passed. Work quality is satisfactory. Releasing final payment to contractor. File ready for closure.,2025-12-11 08:46:25
NOTE-0001469,CL-0003676,2025-08-25 10:49:25,Adjuster_32,Initial Assessment,Subrogation potential identified. Third party clearly at fault per police report. Opening recovery file and notifying subrogation unit.,2025-08-01 22:37:25
NOTE-0001470,CL-0004192,2025-09-08 21:14:25,Adjuster_21,Investigation Update,Claimant is frustrated with processing time. Escalated to supervisor. Need to expedite review and provide status update within 24 hours.,2025-08-31 08:42:25
NOTE-0001471,CL-0004039,2026-03-25 00:12:25,Adjuster_3,Claimant Communication,Workers comp claim validated. Employee was performing regular duties when injury occurred. Employer confirms no safety violations. Approving benefits.,2025-08-04 11:57:25
NOTE-0001472,CL-0003540,2025-08-26 16:23:25,Adjuster_32,Payment Processing,Medical records received from treating physician. Injuries consistent with described accident. IME may not be necessary for this severity level.,2025-11-16 00:43:25
NOTE-0001473,CL-0002646,2025-12-06 06:23:25,Adjuster_31,Payment Processing,Site inspection completed. Damage is consistent with reported cause of loss. Photos uploaded to file. Recommend approval for repair estimate.,2025-12-07 17:18:25
NOTE-0001474,CL-0004904,2025-12-04 06:58:25,Adjuster_6,Payment Processing,Repair completed and final inspection passed. Work quality is satisfactory. Releasing final payment to contractor. File ready for closure.,2026-01-06 22:13:25
NOTE-0001475,CL-0003638,2025-10-12 16:38:25,Adjuster_5,Closure Summary,Multiple claims from same location within 6 months. Pattern suggests possible fraud. Flagging for SIU review before further processing.,2025-08-26 16:25:25
NOTE-0001476,CL-0000451,2025-05-31 14:59:25,Adjuster_29,Payment Processing,"Weather data confirms severe storm in area on date of loss. NOAA records show wind gusts exceeding 70mph. Claim is weather-related, approved.",2026-04-15 01:32:25
NOTE-0001477,CL-0002650,2025-11-27 02:57:25,Adjuster_5,Payment Processing,Repair completed and final inspection passed. Work quality is satisfactory. Releasing final payment to contractor. File ready for closure.,2025-10-11 10:39:25
NOTE-0001478,CL-0001177,2026-03-02 21:27:25,Adjuster_45,Payment Processing,Medical records received from treating physician. Injuries consistent with described accident. IME may not be necessary for this severity level.,2025-10-14 13:39:25
NOTE-0001479,CL-0001164,2026-03-29 05:38:25,Adjuster_30,Closure Summary,SUSPICIOUS: Timeline of events does not align with witness statements. Damage pattern inconsistent with reported cause. Referring to SIU for further investigation.,2026-05-17 20:22:25
NOTE-0001480,CL-0002970,2025-12-12 09:27:25,Adjuster_21,Investigation Update,"Weather data confirms severe storm in area on date of loss. NOAA records show wind gusts exceeding 70mph. Claim is weather-related, approved.",2025-06-03 01:19:25
NOTE-0001481,CL-0003046,2026-03-25 09:22:25,Adjuster_18,Closure Summary,Multiple claims from same location within 6 months. Pattern suggests possible fraud. Flagging for SIU review before further processing.,2026-03-03 19:45:25
NOTE-0001482,CL-0002572,2025-11-15 04:24:25,Adjuster_25,Payment Processing,Contacted claimant via phone. They confirmed the timeline of events. No inconsistencies in their account. Proceeding with standard assessment.,2025-07-28 10:49:25
NOTE-0001483,CL-0001513,2026-03-15 03:35:25,Adjuster_11,Claimant Communication,Claimant is frustrated with processing time. Escalated to supervisor. Need to expedite review and provide status update within 24 hours.,2025-09-12 15:10:25
NOTE-0001484,CL-0004544,2026-01-28 09:57:25,Adjuster_14,Payment Processing,"Weather data confirms severe storm in area on date of loss. NOAA records show wind gusts exceeding 70mph. Claim is weather-related, approved.",2025-07-26 02:37:25
NOTE-0001485,CL-0002989,2025-08-02 09:12:25,Adjuster_22,Claimant Communication,Workers comp claim validated. Employee was performing regular duties when injury occurred. Employer confirms no safety violations. Approving benefits.,2026-04-11 11:32:25
NOTE-0001486,CL-0001463,2026-02-15 08:26:25,Adjuster_41,Investigation Update,Contacted claimant via phone. They confirmed the timeline of events. No inconsistencies in their account. Proceeding with standard assessment.,2026-04-07 14:54:25
NOTE-0001487,CL-0003728,2025-07-08 20:01:25,Adjuster_24,Initial Assessment,"Weather data confirms severe storm in area on date of loss. NOAA records show wind gusts exceeding 70mph. Claim is weather-related, approved.",2026-01-07 19:50:25
NOTE-0001488,CL-0003188,2025-07-03 17:21:25,Adjuster_22,Closure Summary,Subrogation potential identified. Third party clearly at fault per police report. Opening recovery file and notifying subrogation unit.,2026-03-12 03:53:25
NOTE-0001489,CL-0003338,2025-12-27 00:55:25,Adjuster_41,Closure Summary,SUSPICIOUS: Timeline of events does not align with witness statements. Damage pattern inconsistent with reported cause. Referring to SIU for further investigation.,2025-12-04 02:53:25
NOTE-0001490,CL-0000602,2026-01-04 23:03:25,Adjuster_16,Closure Summary,Site inspection completed. Damage is consistent with reported cause of loss. Photos uploaded to file. Recommend approval for repair estimate.,2025-09-27 17:50:25
NOTE-0001491,CL-0003329,2026-02-28 12:12:25,Adjuster_48,Closure Summary,Multiple claims from same location within 6 months. Pattern suggests possible fraud. Flagging for SIU review before further processing.,2026-01-12 23:30:25
NOTE-0001492,CL-0000735,2026-05-18 18:53:25,Adjuster_17,Claimant Communication,Repair completed and final inspection passed. Work quality is satisfactory. Releasing final payment to contractor. File ready for closure.,2025-08-15 21:15:25
NOTE-0001493,CL-0004494,2025-08-27 02:17:25,Adjuster_22,Payment Processing,Subrogation potential identified. Third party clearly at fault per police report. Opening recovery file and notifying subrogation unit.,2026-02-12 22:22:25
NOTE-0001494,CL-0003139,2026-02-15 04:22:25,Adjuster_30,Claimant Communication,Reviewed contractor estimate. Amount seems reasonable for scope of work. Approving payment minus deductible. Will notify policyholder.,2026-04-15 06:29:25
NOTE-0001495,CL-0004138,2026-02-02 06:06:25,Adjuster_24,Claimant Communication,Police report obtained. Details match claimant statement. No evidence of prior damage or fraud indicators. Proceeding with normal processing.,2025-07-22 00:19:25
NOTE-0001496,CL-0001795,2026-04-24 10:00:25,Adjuster_12,Investigation Update,Claim denied per policy exclusion for pre-existing damage. Evidence shows damage predates policy effective date. Denial letter sent to insured.,2025-11-13 04:07:25
NOTE-0001497,CL-0004829,2025-10-06 15:09:25,Adjuster_34,Payment Processing,Site inspection completed. Damage is consistent with reported cause of loss. Photos uploaded to file. Recommend approval for repair estimate.,2025-12-18 11:28:25
NOTE-0001498,CL-0001047,2026-03-30 19:46:25,Adjuster_28,Payment Processing,Medical records received from treating physician. Injuries consistent with described accident. IME may not be necessary for this severity level.,2026-01-05 08:53:25
NOTE-0001499,CL-0001015,2025-09-18 21:08:25,Adjuster_15,Closure Summary,Site inspection completed. Damage is consistent with reported cause of loss. Photos uploaded to file. Recommend approval for repair estimate.,2025-12-28 15:29:25
NOTE-0001500,CL-0001868,2026-02-22 04:49:25,Adjuster_38,Investigation Update,Multiple claims from same location within 6 months. Pattern suggests possible fraud. Flagging for SIU review before further processing.,2025-11-05 19:20:25
NOTE-0001501,CL-0004826,2025-10-11 17:56:25,Adjuster_8,Payment Processing,Claimant attorney has sent letter of representation. All future communication must go through counsel. Updating file restrictions.,2025-12-13 00:03:25
NOTE-0001502,CL-0001256,2026-01-01 04:04:25,Adjuster_48,Initial Assessment,Reviewed contractor estimate. Amount seems reasonable for scope of work. Approving payment minus deductible. Will notify policyholder.,2025-12-15 21:59:25
NOTE-0001503,CL-0002394,2025-10-10 10:31:25,Adjuster_49,Closure Summary,Medical records received from treating physician. Injuries consistent with described accident. IME may not be necessary for this severity level.,2025-11-16 20:36:25
NOTE-0001504,CL-0003128,2025-08-31 04:17:25,Adjuster_15,Closure Summary,"Weather data confirms severe storm in area on date of loss. NOAA records show wind gusts exceeding 70mph. Claim is weather-related, approved.",2025-12-16 01:07:25
NOTE-0001505,CL-0004468,2026-05-15 17:44:25,Adjuster_48,Closure Summary,Claimant is frustrated with processing time. Escalated to supervisor. Need to expedite review and provide status update within 24 hours.,2025-06-29 11:50:25
NOTE-0001506,CL-0002187,2026-05-21 17:27:25,Adjuster_41,Payment Processing,Payment issued to claimant. Check number referenced in system. Closing file pending 30-day satisfaction period. No further action needed.,2025-09-24 02:09:25
NOTE-0001507,CL-0004768,2025-07-09 13:50:25,Adjuster_2,Initial Assessment,"Weather data confirms severe storm in area on date of loss. NOAA records show wind gusts exceeding 70mph. Claim is weather-related, approved.",2025-08-09 18:19:25
NOTE-0001508,CL-0002333,2025-12-03 05:16:25,Adjuster_38,Investigation Update,Claimant attorney has sent letter of representation. All future communication must go through counsel. Updating file restrictions.,2025-08-11 12:33:25
NOTE-0001509,CL-0003912,2025-07-03 18:21:25,Adjuster_45,Claimant Communication,Subrogation potential identified. Third party clearly at fault per police report. Opening recovery file and notifying subrogation unit.,2025-09-27 02:44:25
NOTE-0001510,CL-0001401,2025-05-25 22:33:25,Adjuster_15,Closure Summary,Workers comp claim validated. Employee was performing regular duties when injury occurred. Employer confirms no safety violations. Approving benefits.,2026-03-22 00:44:25
NOTE-0001511,CL-0002775,2025-07-20 08:54:25,Adjuster_28,Investigation Update,SUSPICIOUS: Timeline of events does not align with witness statements. Damage pattern inconsistent with reported cause. Referring to SIU for further investigation.,2025-11-05 15:44:25
NOTE-0001512,CL-0002527,2026-03-02 23:13:25,Adjuster_37,Claimant Communication,Claim denied per policy exclusion for pre-existing damage. Evidence shows damage predates policy effective date. Denial letter sent to insured.,2026-04-11 05:58:25
NOTE-0001513,CL-0003610,2026-02-14 10:05:25,Adjuster_40,Payment Processing,Reviewed contractor estimate. Amount seems reasonable for scope of work. Approving payment minus deductible. Will notify policyholder.,2026-03-07 05:02:25
NOTE-0001514,CL-0004381,2025-07-16 13:32:25,Adjuster_6,Investigation Update,Site inspection completed. Damage is consistent with reported cause of loss. Photos uploaded to file. Recommend approval for repair estimate.,2026-02-18 13:48:25
NOTE-0001515,CL-0003682,2025-06-15 09:48:25,Adjuster_44,Closure Summary,Site inspection completed. Damage is consistent with reported cause of loss. Photos uploaded to file. Recommend approval for repair estimate.,2025-09-25 18:03:25
NOTE-0001516,CL-0000401,2026-05-12 11:46:25,Adjuster_33,Initial Assessment,SUSPICIOUS: Timeline of events does not align with witness statements. Damage pattern inconsistent with reported cause. Referring to SIU for further investigation.,2025-07-02 09:20:25
NOTE-0001517,CL-0001930,2025-08-29 16:43:25,Adjuster_12,Payment Processing,Payment issued to claimant. Check number referenced in system. Closing file pending 30-day satisfaction period. No further action needed.,2025-12-01 06:34:25
NOTE-0001518,CL-0003023,2026-03-22 03:17:25,Adjuster_33,Investigation Update,Police report obtained. Details match claimant statement. No evidence of prior damage or fraud indicators. Proceeding with normal processing.,2026-05-05 13:15:25
NOTE-0001519,CL-0003507,2025-11-05 22:15:25,Adjuster_1,Initial Assessment,Multiple claims from same location within 6 months. Pattern suggests possible fraud. Flagging for SIU review before further processing.,2025-08-29 00:01:25
NOTE-0001520,CL-0002912,2026-05-04 11:20:25,Adjuster_30,Closure Summary,Claim denied per policy exclusion for pre-existing damage. Evidence shows damage predates policy effective date. Denial letter sent to insured.,2025-11-15 23:53:25
NOTE-0001521,CL-0000529,2026-02-08 03:24:25,Adjuster_11,Initial Assessment,Payment issued to claimant. Check number referenced in system. Closing file pending 30-day satisfaction period. No further action needed.,2026-04-04 10:00:25
NOTE-0001522,CL-0003641,2026-01-03 10:31:25,Adjuster_1,Payment Processing,Payment issued to claimant. Check number referenced in system. Closing file pending 30-day satisfaction period. No further action needed.,2025-06-13 12:17:25
NOTE-0001523,CL-0001881,2025-09-28 23:58:25,Adjuster_5,Payment Processing,SUSPICIOUS: Timeline of events does not align with witness statements. Damage pattern inconsistent with reported cause. Referring to SIU for further investigation.,2025-10-18 00:30:25
NOTE-0001524,CL-0000888,2025-12-12 06:37:25,Adjuster_36,Initial Assessment,Reviewed contractor estimate. Amount seems reasonable for scope of work. Approving payment minus deductible. Will notify policyholder.,2025-08-09 05:23:25
NOTE-0001525,CL-0002179,2025-06-12 09:34:25,Adjuster_27,Payment Processing,Claim denied per policy exclusion for pre-existing damage. Evidence shows damage predates policy effective date. Denial letter sent to insured.,2025-12-28 09:22:25
NOTE-0001526,CL-0000524,2026-02-15 03:10:25,Adjuster_18,Claimant Communication,SUSPICIOUS: Timeline of events does not align with witness statements. Damage pattern inconsistent with reported cause. Referring to SIU for further investigation.,2026-04-20 17:36:25
NOTE-0001527,CL-0001784,2025-07-11 22:21:25,Adjuster_19,Payment Processing,Reviewed contractor estimate. Amount seems reasonable for scope of work. Approving payment minus deductible. Will notify policyholder.,2025-10-23 20:41:25
NOTE-0001528,CL-0003421,2025-07-27 11:38:25,Adjuster_42,Claimant Communication,Repair completed and final inspection passed. Work quality is satisfactory. Releasing final payment to contractor. File ready for closure.,2026-01-28 23:01:25
NOTE-0001529,CL-0004784,2026-02-01 05:03:25,Adjuster_27,Claimant Communication,Workers comp claim validated. Employee was performing regular duties when injury occurred. Employer confirms no safety violations. Approving benefits.,2026-05-11 04:52:25
NOTE-0001530,CL-0002052,2026-05-19 20:19:25,Adjuster_50,Closure Summary,Payment issued to claimant. Check number referenced in system. Closing file pending 30-day satisfaction period. No further action needed.,2025-12-07 15:57:25
NOTE-0001531,CL-0004991,2026-05-12 06:07:25,Adjuster_23,Payment Processing,Claimant is frustrated with processing time. Escalated to supervisor. Need to expedite review and provide status update within 24 hours.,2026-02-02 18:42:25
NOTE-0001532,CL-0000143,2026-03-10 15:47:25,Adjuster_9,Investigation Update,Site inspection completed. Damage is consistent with reported cause of loss. Photos uploaded to file. Recommend approval for repair estimate.,2025-07-20 20:16:25
NOTE-0001533,CL-0000663,2026-03-15 16:42:25,Adjuster_50,Initial Assessment,Claimant is frustrated with processing time. Escalated to supervisor. Need to expedite review and provide status update within 24 hours.,2025-12-02 17:43:25
NOTE-0001534,CL-0000723,2026-04-15 14:06:25,Adjuster_26,Claimant Communication,Site inspection completed. Damage is consistent with reported cause of loss. Photos uploaded to file. Recommend approval for repair estimate.,2026-01-27 06:30:25
NOTE-0001535,CL-0002150,2026-02-05 01:52:25,Adjuster_35,Claimant Communication,Police report obtained. Details match claimant statement. No evidence of prior damage or fraud indicators. Proceeding with normal processing.,2025-06-11 19:00:25
NOTE-0001536,CL-0004446,2026-01-22 20:51:25,Adjuster_19,Investigation Update,Payment issued to claimant. Check number referenced in system. Closing file pending 30-day satisfaction period. No further action needed.,2025-08-11 21:37:25
NOTE-0001537,CL-0000054,2025-09-10 01:55:25,Adjuster_36,Investigation Update,Claimant attorney has sent letter of representation. All future communication must go through counsel. Updating file restrictions.,2026-02-26 03:04:25
NOTE-0001538,CL-0004490,2025-07-20 15:39:25,Adjuster_12,Initial Assessment,Medical records received from treating physician. Injuries consistent with described accident. IME may not be necessary for this severity level.,2025-12-08 18:53:25
NOTE-0001539,CL-0001571,2025-06-14 18:26:25,Adjuster_1,Investigation Update,Reviewed contractor estimate. Amount seems reasonable for scope of work. Approving payment minus deductible. Will notify policyholder.,2025-07-24 18:52:25
NOTE-0001540,CL-0002339,2025-11-06 21:08:25,Adjuster_13,Investigation Update,Contacted claimant via phone. They confirmed the timeline of events. No inconsistencies in their account. Proceeding with standard assessment.,2026-01-15 22:30:25
NOTE-0001541,CL-0000642,2025-06-05 19:47:25,Adjuster_47,Payment Processing,Claimant is frustrated with processing time. Escalated to supervisor. Need to expedite review and provide status update within 24 hours.,2026-03-28 07:33:25
NOTE-0001542,CL-0003807,2025-12-03 07:56:25,Adjuster_33,Initial Assessment,Police report obtained. Details match claimant statement. No evidence of prior damage or fraud indicators. Proceeding with normal processing.,2025-07-01 09:49:25
NOTE-0001543,CL-0002739,2026-04-20 10:47:25,Adjuster_40,Initial Assessment,Claim denied per policy exclusion for pre-existing damage. Evidence shows damage predates policy effective date. Denial letter sent to insured.,2025-09-09 00:54:25
NOTE-0001544,CL-0001067,2025-08-28 13:21:25,Adjuster_6,Payment Processing,Site inspection completed. Damage is consistent with reported cause of loss. Photos uploaded to file. Recommend approval for repair estimate.,2025-12-13 08:36:25
NOTE-0001545,CL-0004942,2025-07-24 19:30:25,Adjuster_29,Claimant Communication,"Weather data confirms severe storm in area on date of loss. NOAA records show wind gusts exceeding 70mph. Claim is weather-related, approved.",2025-05-26 03:51:25
NOTE-0001546,CL-0000331,2025-06-12 19:35:25,Adjuster_8,Initial Assessment,Repair completed and final inspection passed. Work quality is satisfactory. Releasing final payment to contractor. File ready for closure.,2025-11-14 08:29:25
NOTE-0001547,CL-0001654,2026-05-20 02:32:25,Adjuster_36,Payment Processing,Contacted claimant via phone. They confirmed the timeline of events. No inconsistencies in their account. Proceeding with standard assessment.,2026-02-15 18:55:25
NOTE-0001548,CL-0000418,2026-04-23 18:33:25,Adjuster_11,Investigation Update,Police report obtained. Details match claimant statement. No evidence of prior damage or fraud indicators. Proceeding with normal processing.,2026-01-13 07:04:25
NOTE-0001549,CL-0004186,2025-08-09 00:02:25,Adjuster_3,Payment Processing,Claimant is frustrated with processing time. Escalated to supervisor. Need to expedite review and provide status update within 24 hours.,2026-04-16 09:41:25
NOTE-0001550,CL-0001751,2025-12-12 22:48:25,Adjuster_6,Claimant Communication,Reviewed contractor estimate. Amount seems reasonable for scope of work. Approving payment minus deductible. Will notify policyholder.,2025-07-02 22:15:25
NOTE-0001551,CL-0004859,2026-01-02 05:26:25,Adjuster_5,Investigation Update,Workers comp claim validated. Employee was performing regular duties when injury occurred. Employer confirms no safety violations. Approving benefits.,2026-02-04 12:40:25
NOTE-0001552,CL-0000453,2025-09-01 12:17:25,Adjuster_7,Initial Assessment,Medical records received from treating physician. Injuries consistent with described accident. IME may not be necessary for this severity level.,2026-04-24 07:58:25
NOTE-0001553,CL-0003150,2025-10-21 08:19:25,Adjuster_15,Closure Summary,"Weather data confirms severe storm in area on date of loss. NOAA records show wind gusts exceeding 70mph. Claim is weather-related, approved.",2025-12-01 23:10:25
NOTE-0001554,CL-0004804,2026-03-10 23:50:25,Adjuster_20,Payment Processing,"Weather data confirms severe storm in area on date of loss. NOAA records show wind gusts exceeding 70mph. Claim is weather-related, approved.",2026-03-08 01:37:25
NOTE-0001555,CL-0002193,2025-08-20 13:32:25,Adjuster_38,Initial Assessment,Claimant is frustrated with processing time. Escalated to supervisor. Need to expedite review and provide status update within 24 hours.,2025-12-27 21:44:25
NOTE-0001556,CL-0004242,2025-08-19 07:24:25,Adjuster_11,Initial Assessment,Subrogation potential identified. Third party clearly at fault per police report. Opening recovery file and notifying subrogation unit.,2026-05-02 19:27:25
NOTE-0001557,CL-0002394,2025-10-21 15:58:25,Adjuster_44,Claimant Communication,"Weather data confirms severe storm in area on date of loss. NOAA records show wind gusts exceeding 70mph. Claim is weather-related, approved.",2026-03-25 00:30:25
NOTE-0001558,CL-0004589,2025-09-17 21:52:25,Adjuster_29,Claimant Communication,Claim denied per policy exclusion for pre-existing damage. Evidence shows damage predates policy effective date. Denial letter sent to insured.,2025-09-17 10:47:25
NOTE-0001559,CL-0001839,2026-05-24 11:14:25,Adjuster_38,Claimant Communication,SUSPICIOUS: Timeline of events does not align with witness statements. Damage pattern inconsistent with reported cause. Referring to SIU for further investigation.,2025-08-01 10:25:25
NOTE-0001560,CL-0002580,2026-04-17 21:35:25,Adjuster_34,Initial Assessment,Medical records received from treating physician. Injuries consistent with described accident. IME may not be necessary for this severity level.,2026-02-02 01:55:25
NOTE-0001561,CL-0003044,2026-04-11 18:45:25,Adjuster_9,Closure Summary,Claimant is frustrated with processing time. Escalated to supervisor. Need to expedite review and provide status update within 24 hours.,2026-04-30 18:40:25
NOTE-0001562,CL-0000552,2025-07-17 05:56:25,Adjuster_22,Claimant Communication,Payment issued to claimant. Check number referenced in system. Closing file pending 30-day satisfaction period. No further action needed.,2026-01-30 04:04:25
NOTE-0001563,CL-0001500,2026-05-02 13:35:25,Adjuster_5,Initial Assessment,Contacted claimant via phone. They confirmed the timeline of events. No inconsistencies in their account. Proceeding with standard assessment.,2025-11-29 13:10:25
NOTE-0001564,CL-0001498,2025-08-05 22:43:25,Adjuster_40,Claimant Communication,Claim denied per policy exclusion for pre-existing damage. Evidence shows damage predates policy effective date. Denial letter sent to insured.,2026-03-25 18:19:25
NOTE-0001565,CL-0000013,2026-04-17 20:52:25,Adjuster_19,Closure Summary,Subrogation potential identified. Third party clearly at fault per police report. Opening recovery file and notifying subrogation unit.,2025-09-27 05:00:25
NOTE-0001566,CL-0004546,2026-03-25 13:31:25,Adjuster_45,Claimant Communication,Repair completed and final inspection passed. Work quality is satisfactory. Releasing final payment to contractor. File ready for closure.,2025-09-11 06:44:25
NOTE-0001567,CL-0000659,2026-04-06 09:27:25,Adjuster_7,Investigation Update,Medical records received from treating physician. Injuries consistent with described accident. IME may not be necessary for this severity level.,2026-04-11 10:10:25
NOTE-0001568,CL-0000160,2026-03-25 07:23:25,Adjuster_8,Payment Processing,Claimant attorney has sent letter of representation. All future communication must go through counsel. Updating file restrictions.,2025-10-25 05:28:25
NOTE-0001569,CL-0003437,2026-05-06 03:13:25,Adjuster_21,Investigation Update,Subrogation potential identified. Third party clearly at fault per police report. Opening recovery file and notifying subrogation unit.,2026-05-10 02:05:25
NOTE-0001570,CL-0002561,2025-08-28 11:58:25,Adjuster_4,Investigation Update,SUSPICIOUS: Timeline of events does not align with witness statements. Damage pattern inconsistent with reported cause. Referring to SIU for further investigation.,2025-12-12 03:54:25
NOTE-0001571,CL-0000436,2025-10-16 12:01:25,Adjuster_39,Initial Assessment,Claimant attorney has sent letter of representation. All future communication must go through counsel. Updating file restrictions.,2025-10-07 14:37:25
NOTE-0001572,CL-0001929,2025-10-19 09:24:25,Adjuster_38,Claimant Communication,"Weather data confirms severe storm in area on date of loss. NOAA records show wind gusts exceeding 70mph. Claim is weather-related, approved.",2026-04-21 21:34:25
NOTE-0001573,CL-0002305,2026-04-06 10:10:25,Adjuster_3,Payment Processing,Claimant attorney has sent letter of representation. All future communication must go through counsel. Updating file restrictions.,2025-09-15 16:02:25
NOTE-0001574,CL-0003598,2025-07-31 20:07:25,Adjuster_5,Payment Processing,Contacted claimant via phone. They confirmed the timeline of events. No inconsistencies in their account. Proceeding with standard assessment.,2026-02-24 06:57:25
NOTE-0001575,CL-0001290,2025-06-02 07:09:25,Adjuster_16,Closure Summary,Repair completed and final inspection passed. Work quality is satisfactory. Releasing final payment to contractor. File ready for closure.,2025-08-21 05:15:25
NOTE-0001576,CL-0002389,2025-07-04 14:32:25,Adjuster_32,Payment Processing,Repair completed and final inspection passed. Work quality is satisfactory. Releasing final payment to contractor. File ready for closure.,2026-02-21 12:50:25
NOTE-0001577,CL-0001011,2026-01-29 10:11:25,Adjuster_20,Investigation Update,Repair completed and final inspection passed. Work quality is satisfactory. Releasing final payment to contractor. File ready for closure.,2025-09-03 14:09:25
NOTE-0001578,CL-0000617,2025-11-28 01:04:25,Adjuster_10,Investigation Update,Subrogation potential identified. Third party clearly at fault per police report. Opening recovery file and notifying subrogation unit.,2025-06-13 16:18:25
NOTE-0001579,CL-0000457,2025-08-27 10:12:25,Adjuster_6,Initial Assessment,Workers comp claim validated. Employee was performing regular duties when injury occurred. Employer confirms no safety violations. Approving benefits.,2025-08-04 01:39:25
NOTE-0001580,CL-0003615,2026-03-28 09:30:25,Adjuster_30,Initial Assessment,SUSPICIOUS: Timeline of events does not align with witness statements. Damage pattern inconsistent with reported cause. Referring to SIU for further investigation.,2026-01-26 23:38:25
NOTE-0001581,CL-0003506,2026-03-17 16:17:25,Adjuster_3,Payment Processing,Claimant is frustrated with processing time. Escalated to supervisor. Need to expedite review and provide status update within 24 hours.,2026-04-20 23:56:25
NOTE-0001582,CL-0004005,2025-08-25 04:11:25,Adjuster_7,Initial Assessment,Repair completed and final inspection passed. Work quality is satisfactory. Releasing final payment to contractor. File ready for closure.,2025-09-28 22:01:25
NOTE-0001583,CL-0004112,2026-02-10 17:06:25,Adjuster_40,Closure Summary,"Weather data confirms severe storm in area on date of loss. NOAA records show wind gusts exceeding 70mph. Claim is weather-related, approved.",2025-08-16 01:41:25
NOTE-0001584,CL-0004041,2025-10-13 14:19:25,Adjuster_30,Investigation Update,Subrogation potential identified. Third party clearly at fault per police report. Opening recovery file and notifying subrogation unit.,2025-10-17 02:44:25
NOTE-0001585,CL-0004209,2026-04-16 17:42:25,Adjuster_41,Investigation Update,Contacted claimant via phone. They confirmed the timeline of events. No inconsistencies in their account. Proceeding with standard assessment.,2025-12-05 20:43:25
NOTE-0001586,CL-0003718,2025-09-16 16:53:25,Adjuster_42,Payment Processing,Police report obtained. Details match claimant statement. No evidence of prior damage or fraud indicators. Proceeding with normal processing.,2026-02-09 18:27:25
NOTE-0001587,CL-0004179,2026-05-17 22:19:25,Adjuster_18,Payment Processing,Claimant attorney has sent letter of representation. All future communication must go through counsel. Updating file restrictions.,2026-05-09 11:56:25
NOTE-0001588,CL-0000773,2026-03-09 04:01:25,Adjuster_8,Claimant Communication,Subrogation potential identified. Third party clearly at fault per police report. Opening recovery file and notifying subrogation unit.,2026-01-20 23:45:25
NOTE-0001589,CL-0002434,2026-02-07 07:07:25,Adjuster_21,Initial Assessment,"Weather data confirms severe storm in area on date of loss. NOAA records show wind gusts exceeding 70mph. Claim is weather-related, approved.",2025-06-21 11:42:25
NOTE-0001590,CL-0000947,2025-06-25 07:21:25,Adjuster_25,Investigation Update,SUSPICIOUS: Timeline of events does not align with witness statements. Damage pattern inconsistent with reported cause. Referring to SIU for further investigation.,2025-07-10 23:55:25
NOTE-0001591,CL-0003568,2025-12-15 12:00:25,Adjuster_36,Closure Summary,Claim denied per policy exclusion for pre-existing damage. Evidence shows damage predates policy effective date. Denial letter sent to insured.,2026-03-05 07:01:25
NOTE-0001592,CL-0000280,2026-02-06 13:52:25,Adjuster_42,Initial Assessment,SUSPICIOUS: Timeline of events does not align with witness statements. Damage pattern inconsistent with reported cause. Referring to SIU for further investigation.,2025-12-23 06:07:25
NOTE-0001593,CL-0002099,2025-10-05 05:10:25,Adjuster_6,Claimant Communication,Reviewed contractor estimate. Amount seems reasonable for scope of work. Approving payment minus deductible. Will notify policyholder.,2025-12-04 05:25:25
NOTE-0001594,CL-0002317,2025-10-08 07:34:25,Adjuster_47,Investigation Update,Claimant is frustrated with processing time. Escalated to supervisor. Need to expedite review and provide status update within 24 hours.,2025-10-04 20:36:25
NOTE-0001595,CL-0002678,2026-01-09 11:06:25,Adjuster_8,Initial Assessment,Police report obtained. Details match claimant statement. No evidence of prior damage or fraud indicators. Proceeding with normal processing.,2026-01-13 16:35:25
NOTE-0001596,CL-0002939,2025-08-19 22:01:25,Adjuster_30,Payment Processing,"Weather data confirms severe storm in area on date of loss. NOAA records show wind gusts exceeding 70mph. Claim is weather-related, approved.",2025-10-13 07:52:25
NOTE-0001597,CL-0002541,2026-05-08 04:01:25,Adjuster_32,Payment Processing,SUSPICIOUS: Timeline of events does not align with witness statements. Damage pattern inconsistent with reported cause. Referring to SIU for further investigation.,2026-05-12 04:06:25
NOTE-0001598,CL-0004253,2025-09-16 18:12:25,Adjuster_41,Claimant Communication,Contacted claimant via phone. They confirmed the timeline of events. No inconsistencies in their account. Proceeding with standard assessment.,2025-05-31 00:16:25
NOTE-0001599,CL-0004024,2025-07-30 04:48:25,Adjuster_42,Claimant Communication,Workers comp claim validated. Employee was performing regular duties when injury occurred. Employer confirms no safety violations. Approving benefits.,2025-11-11 05:18:25
NOTE-0001600,CL-0002911,2026-05-16 14:47:25,Adjuster_21,Claimant Communication,Subrogation potential identified. Third party clearly at fault per police report. Opening recovery file and notifying subrogation unit.,2026-02-15 02:25:25
NOTE-0001601,CL-0004465,2025-05-26 10:01:25,Adjuster_28,Claimant Communication,Medical records received from treating physician. Injuries consistent with described accident. IME may not be necessary for this severity level.,2025-11-01 09:40:25
NOTE-0001602,CL-0003658,2025-08-31 07:15:25,Adjuster_8,Closure Summary,Reviewed contractor estimate. Amount seems reasonable for scope of work. Approving payment minus deductible. Will notify policyholder.,2025-11-21 20:06:25
NOTE-0001603,CL-0001074,2025-12-12 23:55:25,Adjuster_18,Closure Summary,Workers comp claim validated. Employee was performing regular duties when injury occurred. Employer confirms no safety violations. Approving benefits.,2025-08-22 05:41:25
NOTE-0001604,CL-0003269,2026-04-05 08:17:25,Adjuster_44,Initial Assessment,Medical records received from treating physician. Injuries consistent with described accident. IME may not be necessary for this severity level.,2025-10-16 21:35:25
NOTE-0001605,CL-0001916,2026-03-21 00:20:25,Adjuster_6,Investigation Update,Subrogation potential identified. Third party clearly at fault per police report. Opening recovery file and notifying subrogation unit.,2026-01-25 00:39:25
NOTE-0001606,CL-0001081,2025-09-05 09:34:25,Adjuster_48,Claimant Communication,Payment issued to claimant. Check number referenced in system. Closing file pending 30-day satisfaction period. No further action needed.,2026-03-15 05:37:25
NOTE-0001607,CL-0004230,2025-10-09 17:16:25,Adjuster_39,Claimant Communication,Contacted claimant via phone. They confirmed the timeline of events. No inconsistencies in their account. Proceeding with standard assessment.,2026-02-24 12:54:25
NOTE-0001608,CL-0000614,2026-04-02 03:27:25,Adjuster_17,Investigation Update,Claimant attorney has sent letter of representation. All future communication must go through counsel. Updating file restrictions.,2026-02-10 21:59:25
NOTE-0001609,CL-0003050,2025-08-26 16:00:25,Adjuster_48,Investigation Update,Claim denied per policy exclusion for pre-existing damage. Evidence shows damage predates policy effective date. Denial letter sent to insured.,2025-06-26 10:04:25
NOTE-0001610,CL-0004029,2025-10-31 10:19:25,Adjuster_28,Initial Assessment,"Weather data confirms severe storm in area on date of loss. NOAA records show wind gusts exceeding 70mph. Claim is weather-related, approved.",2026-04-11 17:18:25
NOTE-0001611,CL-0002046,2025-06-07 03:44:25,Adjuster_6,Payment Processing,Workers comp claim validated. Employee was performing regular duties when injury occurred. Employer confirms no safety violations. Approving benefits.,2026-01-24 23:29:25
NOTE-0001612,CL-0000609,2025-07-27 17:16:25,Adjuster_29,Investigation Update,Claimant attorney has sent letter of representation. All future communication must go through counsel. Updating file restrictions.,2025-06-04 06:30:25
NOTE-0001613,CL-0004627,2025-12-28 07:01:25,Adjuster_10,Initial Assessment,Payment issued to claimant. Check number referenced in system. Closing file pending 30-day satisfaction period. No further action needed.,2026-05-25 10:13:25
NOTE-0001614,CL-0003279,2026-01-06 23:43:25,Adjuster_42,Closure Summary,"Weather data confirms severe storm in area on date of loss. NOAA records show wind gusts exceeding 70mph. Claim is weather-related, approved.",2025-10-29 09:04:25
NOTE-0001615,CL-0002552,2025-08-01 15:36:25,Adjuster_4,Closure Summary,SUSPICIOUS: Timeline of events does not align with witness statements. Damage pattern inconsistent with reported cause. Referring to SIU for further investigation.,2026-05-09 11:29:25
NOTE-0001616,CL-0002267,2025-09-04 10:09:25,Adjuster_42,Initial Assessment,"Weather data confirms severe storm in area on date of loss. NOAA records show wind gusts exceeding 70mph. Claim is weather-related, approved.",2025-07-06 11:55:25
NOTE-0001617,CL-0003516,2026-03-16 02:23:25,Adjuster_32,Closure Summary,Contacted claimant via phone. They confirmed the timeline of events. No inconsistencies in their account. Proceeding with standard assessment.,2026-03-18 12:16:25
NOTE-0001618,CL-0001762,2025-10-11 01:47:25,Adjuster_33,Payment Processing,Subrogation potential identified. Third party clearly at fault per police report. Opening recovery file and notifying subrogation unit.,2025-08-03 05:06:25
NOTE-0001619,CL-0001917,2025-12-15 08:34:25,Adjuster_47,Closure Summary,Medical records received from treating physician. Injuries consistent with described accident. IME may not be necessary for this severity level.,2025-11-12 19:48:25
NOTE-0001620,CL-0003990,2025-08-17 02:03:25,Adjuster_49,Claimant Communication,Claimant is frustrated with processing time. Escalated to supervisor. Need to expedite review and provide status update within 24 hours.,2025-11-24 19:36:25
NOTE-0001621,CL-0003230,2025-09-23 19:51:25,Adjuster_6,Claimant Communication,Site inspection completed. Damage is consistent with reported cause of loss. Photos uploaded to file. Recommend approval for repair estimate.,2025-07-30 06:20:25
NOTE-0001622,CL-0001161,2025-09-06 23:45:25,Adjuster_31,Closure Summary,Subrogation potential identified. Third party clearly at fault per police report. Opening recovery file and notifying subrogation unit.,2026-05-03 15:53:25
NOTE-0001623,CL-0001830,2025-06-05 11:24:25,Adjuster_37,Payment Processing,Claimant attorney has sent letter of representation. All future communication must go through counsel. Updating file restrictions.,2025-08-18 17:50:25
NOTE-0001624,CL-0002544,2025-06-29 13:16:25,Adjuster_34,Claimant Communication,"Weather data confirms severe storm in area on date of loss. NOAA records show wind gusts exceeding 70mph. Claim is weather-related, approved.",2026-04-27 22:10:25
NOTE-0001625,CL-0002459,2025-09-23 03:12:25,Adjuster_20,Investigation Update,"Weather data confirms severe storm in area on date of loss. NOAA records show wind gusts exceeding 70mph. Claim is weather-related, approved.",2025-11-16 00:32:25
NOTE-0001626,CL-0004868,2025-12-06 09:43:25,Adjuster_19,Closure Summary,Claimant attorney has sent letter of representation. All future communication must go through counsel. Updating file restrictions.,2025-06-05 14:39:25
NOTE-0001627,CL-0004791,2026-03-21 17:59:25,Adjuster_1,Claimant Communication,Police report obtained. Details match claimant statement. No evidence of prior damage or fraud indicators. Proceeding with normal processing.,2025-11-14 15:50:25
NOTE-0001628,CL-0003846,2025-12-31 10:39:25,Adjuster_1,Payment Processing,Subrogation potential identified. Third party clearly at fault per police report. Opening recovery file and notifying subrogation unit.,2025-09-11 03:38:25
NOTE-0001629,CL-0001615,2025-07-09 23:31:25,Adjuster_16,Initial Assessment,Repair completed and final inspection passed. Work quality is satisfactory. Releasing final payment to contractor. File ready for closure.,2025-09-25 13:53:25
NOTE-0001630,CL-0000053,2025-07-22 13:39:25,Adjuster_5,Initial Assessment,Claimant is frustrated with processing time. Escalated to supervisor. Need to expedite review and provide status update within 24 hours.,2026-02-17 20:39:25
NOTE-0001631,CL-0003591,2025-12-24 08:48:25,Adjuster_39,Closure Summary,Claimant attorney has sent letter of representation. All future communication must go through counsel. Updating file restrictions.,2025-08-03 14:37:25
NOTE-0001632,CL-0002147,2026-01-23 01:36:25,Adjuster_10,Closure Summary,Claim denied per policy exclusion for pre-existing damage. Evidence shows damage predates policy effective date. Denial letter sent to insured.,2025-10-09 10:15:25
NOTE-0001633,CL-0004177,2026-04-17 11:04:25,Adjuster_2,Initial Assessment,Reviewed contractor estimate. Amount seems reasonable for scope of work. Approving payment minus deductible. Will notify policyholder.,2025-11-06 22:11:25
NOTE-0001634,CL-0000715,2025-12-01 23:17:25,Adjuster_5,Payment Processing,Repair completed and final inspection passed. Work quality is satisfactory. Releasing final payment to contractor. File ready for closure.,2025-10-16 22:46:25
NOTE-0001635,CL-0000852,2025-07-08 15:34:25,Adjuster_25,Investigation Update,Repair completed and final inspection passed. Work quality is satisfactory. Releasing final payment to contractor. File ready for closure.,2026-05-10 21:20:25
NOTE-0001636,CL-0000754,2025-10-04 01:42:25,Adjuster_21,Claimant Communication,SUSPICIOUS: Timeline of events does not align with witness statements. Damage pattern inconsistent with reported cause. Referring to SIU for further investigation.,2025-07-14 09:16:25
NOTE-0001637,CL-0004963,2026-05-02 05:25:25,Adjuster_22,Payment Processing,Claimant attorney has sent letter of representation. All future communication must go through counsel. Updating file restrictions.,2025-08-26 07:49:25
NOTE-0001638,CL-0004171,2025-06-18 02:12:25,Adjuster_19,Claimant Communication,"Weather data confirms severe storm in area on date of loss. NOAA records show wind gusts exceeding 70mph. Claim is weather-related, approved.",2026-01-30 16:59:25
NOTE-0001639,CL-0004386,2025-12-29 16:30:25,Adjuster_50,Payment Processing,Reviewed contractor estimate. Amount seems reasonable for scope of work. Approving payment minus deductible. Will notify policyholder.,2025-07-04 15:18:25
NOTE-0001640,CL-0000553,2025-06-26 01:41:25,Adjuster_14,Initial Assessment,Claimant is frustrated with processing time. Escalated to supervisor. Need to expedite review and provide status update within 24 hours.,2026-03-16 14:51:25
NOTE-0001641,CL-0001971,2026-01-04 15:03:25,Adjuster_30,Initial Assessment,Subrogation potential identified. Third party clearly at fault per police report. Opening recovery file and notifying subrogation unit.,2025-10-12 17:46:25
NOTE-0001642,CL-0003369,2025-12-25 15:17:25,Adjuster_35,Payment Processing,Site inspection completed. Damage is consistent with reported cause of loss. Photos uploaded to file. Recommend approval for repair estimate.,2025-12-22 04:14:25
NOTE-0001643,CL-0003721,2025-08-17 09:40:25,Adjuster_16,Investigation Update,Subrogation potential identified. Third party clearly at fault per police report. Opening recovery file and notifying subrogation unit.,2025-12-13 05:35:25
NOTE-0001644,CL-0004914,2025-06-11 17:35:25,Adjuster_18,Initial Assessment,Police report obtained. Details match claimant statement. No evidence of prior damage or fraud indicators. Proceeding with normal processing.,2025-12-26 04:30:25
NOTE-0001645,CL-0002121,2026-03-26 18:06:25,Adjuster_20,Claimant Communication,Medical records received from treating physician. Injuries consistent with described accident. IME may not be necessary for this severity level.,2026-03-18 10:24:25
NOTE-0001646,CL-0003497,2026-01-12 01:16:25,Adjuster_26,Closure Summary,Payment issued to claimant. Check number referenced in system. Closing file pending 30-day satisfaction period. No further action needed.,2025-07-22 04:21:25
NOTE-0001647,CL-0000253,2025-09-27 03:05:25,Adjuster_22,Claimant Communication,Payment issued to claimant. Check number referenced in system. Closing file pending 30-day satisfaction period. No further action needed.,2025-06-06 03:21:25
NOTE-0001648,CL-0003185,2025-06-15 03:56:25,Adjuster_16,Closure Summary,Claimant is frustrated with processing time. Escalated to supervisor. Need to expedite review and provide status update within 24 hours.,2025-12-25 04:14:25
NOTE-0001649,CL-0004139,2025-08-23 09:51:25,Adjuster_5,Claimant Communication,Contacted claimant via phone. They confirmed the timeline of events. No inconsistencies in their account. Proceeding with standard assessment.,2025-08-12 17:31:25
NOTE-0001650,CL-0004417,2025-08-01 21:39:25,Adjuster_30,Claimant Communication,Claim denied per policy exclusion for pre-existing damage. Evidence shows damage predates policy effective date. Denial letter sent to insured.,2026-01-04 12:45:25
NOTE-0001651,CL-0002988,2026-02-19 02:07:25,Adjuster_45,Investigation Update,Site inspection completed. Damage is consistent with reported cause of loss. Photos uploaded to file. Recommend approval for repair estimate.,2025-11-30 20:25:25
NOTE-0001652,CL-0002951,2026-01-12 00:41:25,Adjuster_8,Initial Assessment,Site inspection completed. Damage is consistent with reported cause of loss. Photos uploaded to file. Recommend approval for repair estimate.,2025-12-19 01:28:25
NOTE-0001653,CL-0001655,2026-04-08 08:14:25,Adjuster_13,Payment Processing,Police report obtained. Details match claimant statement. No evidence of prior damage or fraud indicators. Proceeding with normal processing.,2025-07-02 14:51:25
NOTE-0001654,CL-0004406,2025-12-28 01:37:25,Adjuster_32,Initial Assessment,Workers comp claim validated. Employee was performing regular duties when injury occurred. Employer confirms no safety violations. Approving benefits.,2026-04-14 18:37:25
NOTE-0001655,CL-0003035,2025-11-03 04:27:25,Adjuster_24,Claimant Communication,Workers comp claim validated. Employee was performing regular duties when injury occurred. Employer confirms no safety violations. Approving benefits.,2025-08-03 22:12:25
NOTE-0001656,CL-0004819,2026-02-04 08:04:25,Adjuster_27,Closure Summary,Police report obtained. Details match claimant statement. No evidence of prior damage or fraud indicators. Proceeding with normal processing.,2025-06-24 17:00:25
NOTE-0001657,CL-0001350,2025-08-15 22:39:25,Adjuster_20,Claimant Communication,Workers comp claim validated. Employee was performing regular duties when injury occurred. Employer confirms no safety violations. Approving benefits.,2025-06-23 00:02:25
NOTE-0001658,CL-0000273,2026-04-01 22:02:25,Adjuster_36,Closure Summary,Site inspection completed. Damage is consistent with reported cause of loss. Photos uploaded to file. Recommend approval for repair estimate.,2026-05-12 13:15:25
NOTE-0001659,CL-0001921,2026-01-23 09:13:25,Adjuster_19,Initial Assessment,Claimant is frustrated with processing time. Escalated to supervisor. Need to expedite review and provide status update within 24 hours.,2025-11-16 04:02:25
NOTE-0001660,CL-0004905,2025-10-26 03:16:25,Adjuster_43,Initial Assessment,Repair completed and final inspection passed. Work quality is satisfactory. Releasing final payment to contractor. File ready for closure.,2025-07-24 01:38:25
NOTE-0001661,CL-0002494,2025-07-14 23:48:25,Adjuster_10,Payment Processing,Subrogation potential identified. Third party clearly at fault per police report. Opening recovery file and notifying subrogation unit.,2025-11-15 18:02:25
NOTE-0001662,CL-0000004,2025-08-18 04:21:25,Adjuster_15,Claimant Communication,Payment issued to claimant. Check number referenced in system. Closing file pending 30-day satisfaction period. No further action needed.,2025-12-15 15:43:25
NOTE-0001663,CL-0004328,2025-10-01 01:36:25,Adjuster_34,Payment Processing,"Weather data confirms severe storm in area on date of loss. NOAA records show wind gusts exceeding 70mph. Claim is weather-related, approved.",2025-11-26 17:32:25
NOTE-0001664,CL-0003089,2025-11-06 09:42:25,Adjuster_18,Claimant Communication,"Weather data confirms severe storm in area on date of loss. NOAA records show wind gusts exceeding 70mph. Claim is weather-related, approved.",2025-12-17 13:49:25
NOTE-0001665,CL-0000577,2026-04-07 15:09:25,Adjuster_50,Initial Assessment,Claim denied per policy exclusion for pre-existing damage. Evidence shows damage predates policy effective date. Denial letter sent to insured.,2026-03-03 22:22:25
NOTE-0001666,CL-0003084,2025-06-20 01:04:25,Adjuster_35,Payment Processing,Claim denied per policy exclusion for pre-existing damage. Evidence shows damage predates policy effective date. Denial letter sent to insured.,2026-03-26 19:21:25
NOTE-0001667,CL-0002967,2025-12-16 22:11:25,Adjuster_40,Initial Assessment,Reviewed contractor estimate. Amount seems reasonable for scope of work. Approving payment minus deductible. Will notify policyholder.,2026-04-07 15:24:25
NOTE-0001668,CL-0001849,2026-01-16 16:51:25,Adjuster_46,Closure Summary,Claimant attorney has sent letter of representation. All future communication must go through counsel. Updating file restrictions.,2026-02-24 09:58:25
NOTE-0001669,CL-0004388,2026-04-11 18:30:25,Adjuster_11,Investigation Update,Site inspection completed. Damage is consistent with reported cause of loss. Photos uploaded to file. Recommend approval for repair estimate.,2025-06-14 06:24:25
NOTE-0001670,CL-0004305,2025-07-06 03:19:25,Adjuster_3,Claimant Communication,Claimant attorney has sent letter of representation. All future communication must go through counsel. Updating file restrictions.,2025-08-09 14:08:25
NOTE-0001671,CL-0003022,2025-12-28 03:18:25,Adjuster_17,Claimant Communication,Payment issued to claimant. Check number referenced in system. Closing file pending 30-day satisfaction period. No further action needed.,2025-12-13 09:08:25
NOTE-0001672,CL-0004919,2025-06-13 00:45:25,Adjuster_11,Payment Processing,Payment issued to claimant. Check number referenced in system. Closing file pending 30-day satisfaction period. No further action needed.,2025-05-30 08:28:25
NOTE-0001673,CL-0001397,2026-04-20 22:44:25,Adjuster_26,Claimant Communication,Workers comp claim validated. Employee was performing regular duties when injury occurred. Employer confirms no safety violations. Approving benefits.,2026-01-29 07:58:25
NOTE-0001674,CL-0000510,2025-09-30 15:50:25,Adjuster_7,Closure Summary,Reviewed contractor estimate. Amount seems reasonable for scope of work. Approving payment minus deductible. Will notify policyholder.,2026-05-25 18:25:25
NOTE-0001675,CL-0002390,2026-02-12 21:16:25,Adjuster_30,Payment Processing,Multiple claims from same location within 6 months. Pattern suggests possible fraud. Flagging for SIU review before further processing.,2025-07-26 11:49:25
NOTE-0001676,CL-0000334,2026-05-02 17:27:25,Adjuster_30,Claimant Communication,Repair completed and final inspection passed. Work quality is satisfactory. Releasing final payment to contractor. File ready for closure.,2026-04-12 15:30:25
NOTE-0001677,CL-0002504,2025-10-20 05:22:25,Adjuster_22,Investigation Update,Claimant attorney has sent letter of representation. All future communication must go through counsel. Updating file restrictions.,2025-09-17 07:59:25
NOTE-0001678,CL-0004119,2026-04-20 18:22:25,Adjuster_17,Claimant Communication,Reviewed contractor estimate. Amount seems reasonable for scope of work. Approving payment minus deductible. Will notify policyholder.,2025-07-24 08:23:25
NOTE-0001679,CL-0004210,2025-09-08 07:48:25,Adjuster_36,Payment Processing,Site inspection completed. Damage is consistent with reported cause of loss. Photos uploaded to file. Recommend approval for repair estimate.,2025-06-19 02:46:25
NOTE-0001680,CL-0000527,2025-10-27 17:01:25,Adjuster_45,Closure Summary,Subrogation potential identified. Third party clearly at fault per police report. Opening recovery file and notifying subrogation unit.,2025-10-28 01:27:25
NOTE-0001681,CL-0004222,2026-05-02 18:31:25,Adjuster_42,Initial Assessment,Site inspection completed. Damage is consistent with reported cause of loss. Photos uploaded to file. Recommend approval for repair estimate.,2026-05-02 05:33:25
NOTE-0001682,CL-0003902,2025-12-15 01:02:25,Adjuster_5,Payment Processing,Multiple claims from same location within 6 months. Pattern suggests possible fraud. Flagging for SIU review before further processing.,2026-01-13 13:52:25
NOTE-0001683,CL-0004504,2026-04-15 12:57:25,Adjuster_29,Investigation Update,Police report obtained. Details match claimant statement. No evidence of prior damage or fraud indicators. Proceeding with normal processing.,2026-03-30 10:09:25
NOTE-0001684,CL-0001914,2025-12-06 03:37:25,Adjuster_42,Investigation Update,Multiple claims from same location within 6 months. Pattern suggests possible fraud. Flagging for SIU review before further processing.,2025-12-08 13:35:25
NOTE-0001685,CL-0001187,2026-02-07 15:06:25,Adjuster_28,Investigation Update,Claimant attorney has sent letter of representation. All future communication must go through counsel. Updating file restrictions.,2025-07-19 04:16:25
NOTE-0001686,CL-0004181,2025-09-17 20:37:25,Adjuster_24,Payment Processing,Workers comp claim validated. Employee was performing regular duties when injury occurred. Employer confirms no safety violations. Approving benefits.,2025-11-29 06:16:25
NOTE-0001687,CL-0003329,2025-10-30 14:40:25,Adjuster_26,Closure Summary,Claimant is frustrated with processing time. Escalated to supervisor. Need to expedite review and provide status update within 24 hours.,2026-04-03 05:39:25
NOTE-0001688,CL-0003456,2025-09-24 10:44:25,Adjuster_43,Closure Summary,Payment issued to claimant. Check number referenced in system. Closing file pending 30-day satisfaction period. No further action needed.,2026-04-29 22:56:25
NOTE-0001689,CL-0000055,2025-06-05 12:21:25,Adjuster_31,Investigation Update,Claimant attorney has sent letter of representation. All future communication must go through counsel. Updating file restrictions.,2026-03-09 17:58:25
NOTE-0001690,CL-0002082,2025-07-01 22:41:25,Adjuster_14,Closure Summary,Medical records received from treating physician. Injuries consistent with described accident. IME may not be necessary for this severity level.,2025-07-01 06:53:25
NOTE-0001691,CL-0004293,2026-04-30 21:49:25,Adjuster_28,Initial Assessment,SUSPICIOUS: Timeline of events does not align with witness statements. Damage pattern inconsistent with reported cause. Referring to SIU for further investigation.,2025-06-03 09:57:25
NOTE-0001692,CL-0002968,2025-06-20 21:14:25,Adjuster_38,Initial Assessment,Workers comp claim validated. Employee was performing regular duties when injury occurred. Employer confirms no safety violations. Approving benefits.,2026-03-06 07:38:25
NOTE-0001693,CL-0004865,2025-08-14 01:35:25,Adjuster_4,Investigation Update,Site inspection completed. Damage is consistent with reported cause of loss. Photos uploaded to file. Recommend approval for repair estimate.,2025-10-29 21:54:25
NOTE-0001694,CL-0003731,2025-11-10 04:45:25,Adjuster_11,Closure Summary,Reviewed contractor estimate. Amount seems reasonable for scope of work. Approving payment minus deductible. Will notify policyholder.,2026-03-23 08:44:25
NOTE-0001695,CL-0001639,2025-07-01 20:41:25,Adjuster_26,Investigation Update,Workers comp claim validated. Employee was performing regular duties when injury occurred. Employer confirms no safety violations. Approving benefits.,2026-03-05 13:05:25
NOTE-0001696,CL-0003704,2025-10-25 21:55:25,Adjuster_48,Closure Summary,Claim denied per policy exclusion for pre-existing damage. Evidence shows damage predates policy effective date. Denial letter sent to insured.,2025-12-24 18:58:25
NOTE-0001697,CL-0001876,2026-02-07 22:55:25,Adjuster_8,Payment Processing,Contacted claimant via phone. They confirmed the timeline of events. No inconsistencies in their account. Proceeding with standard assessment.,2025-08-19 18:55:25
NOTE-0001698,CL-0002624,2026-05-14 00:00:25,Adjuster_17,Initial Assessment,Police report obtained. Details match claimant statement. No evidence of prior damage or fraud indicators. Proceeding with normal processing.,2025-12-07 01:42:25
NOTE-0001699,CL-0002123,2026-03-12 23:58:25,Adjuster_7,Payment Processing,Subrogation potential identified. Third party clearly at fault per police report. Opening recovery file and notifying subrogation unit.,2025-10-06 14:55:25
NOTE-0001700,CL-0002597,2026-05-14 12:40:25,Adjuster_18,Investigation Update,"Weather data confirms severe storm in area on date of loss. NOAA records show wind gusts exceeding 70mph. Claim is weather-related, approved.",2026-01-07 16:46:25
NOTE-0001701,CL-0002621,2026-03-22 17:25:25,Adjuster_32,Closure Summary,Contacted claimant via phone. They confirmed the timeline of events. No inconsistencies in their account. Proceeding with standard assessment.,2025-11-08 07:42:25
NOTE-0001702,CL-0003277,2025-06-15 22:55:25,Adjuster_48,Investigation Update,Claimant attorney has sent letter of representation. All future communication must go through counsel. Updating file restrictions.,2025-12-07 17:30:25
NOTE-0001703,CL-0000270,2025-08-10 18:57:25,Adjuster_16,Investigation Update,Claimant is frustrated with processing time. Escalated to supervisor. Need to expedite review and provide status update within 24 hours.,2026-01-03 17:12:25
NOTE-0001704,CL-0002868,2025-10-02 16:29:25,Adjuster_33,Payment Processing,Claimant is frustrated with processing time. Escalated to supervisor. Need to expedite review and provide status update within 24 hours.,2026-03-29 09:35:25
NOTE-0001705,CL-0000037,2025-07-15 13:56:25,Adjuster_20,Closure Summary,Payment issued to claimant. Check number referenced in system. Closing file pending 30-day satisfaction period. No further action needed.,2026-05-10 10:44:25
NOTE-0001706,CL-0000464,2026-04-23 19:30:25,Adjuster_40,Investigation Update,Police report obtained. Details match claimant statement. No evidence of prior damage or fraud indicators. Proceeding with normal processing.,2025-12-29 18:07:25
NOTE-0001707,CL-0001612,2025-10-15 05:19:25,Adjuster_9,Claimant Communication,Police report obtained. Details match claimant statement. No evidence of prior damage or fraud indicators. Proceeding with normal processing.,2025-11-04 04:50:25
NOTE-0001708,CL-0003577,2026-02-25 06:14:25,Adjuster_46,Investigation Update,Contacted claimant via phone. They confirmed the timeline of events. No inconsistencies in their account. Proceeding with standard assessment.,2025-07-25 08:35:25
NOTE-0001709,CL-0003510,2026-05-19 09:16:25,Adjuster_14,Claimant Communication,Site inspection completed. Damage is consistent with reported cause of loss. Photos uploaded to file. Recommend approval for repair estimate.,2025-10-07 07:50:25
NOTE-0001710,CL-0004879,2026-01-30 21:03:25,Adjuster_15,Closure Summary,Payment issued to claimant. Check number referenced in system. Closing file pending 30-day satisfaction period. No further action needed.,2025-09-17 00:17:25
NOTE-0001711,CL-0003757,2025-10-30 14:34:25,Adjuster_5,Claimant Communication,Claimant is frustrated with processing time. Escalated to supervisor. Need to expedite review and provide status update within 24 hours.,2026-04-18 16:03:25
NOTE-0001712,CL-0002323,2025-09-04 18:07:25,Adjuster_39,Payment Processing,"Weather data confirms severe storm in area on date of loss. NOAA records show wind gusts exceeding 70mph. Claim is weather-related, approved.",2026-02-07 09:53:25
NOTE-0001713,CL-0000193,2025-06-09 02:27:25,Adjuster_2,Claimant Communication,Claimant attorney has sent letter of representation. All future communication must go through counsel. Updating file restrictions.,2025-09-29 12:56:25
NOTE-0001714,CL-0001459,2026-04-17 23:40:25,Adjuster_10,Initial Assessment,Police report obtained. Details match claimant statement. No evidence of prior damage or fraud indicators. Proceeding with normal processing.,2026-01-01 09:33:25
NOTE-0001715,CL-0002354,2025-11-25 04:54:25,Adjuster_13,Investigation Update,Subrogation potential identified. Third party clearly at fault per police report. Opening recovery file and notifying subrogation unit.,2026-03-25 22:35:25
NOTE-0001716,CL-0000422,2026-04-08 07:12:25,Adjuster_18,Initial Assessment,Payment issued to claimant. Check number referenced in system. Closing file pending 30-day satisfaction period. No further action needed.,2025-10-15 11:26:25
NOTE-0001717,CL-0004484,2026-03-20 07:59:25,Adjuster_28,Payment Processing,Payment issued to claimant. Check number referenced in system. Closing file pending 30-day satisfaction period. No further action needed.,2026-03-09 18:53:25
NOTE-0001718,CL-0001815,2025-09-19 03:02:25,Adjuster_8,Initial Assessment,Claim denied per policy exclusion for pre-existing damage. Evidence shows damage predates policy effective date. Denial letter sent to insured.,2025-06-05 08:43:25
NOTE-0001719,CL-0001680,2025-09-07 05:18:25,Adjuster_13,Initial Assessment,Claimant attorney has sent letter of representation. All future communication must go through counsel. Updating file restrictions.,2026-05-07 15:28:25
NOTE-0001720,CL-0002336,2025-09-23 03:20:25,Adjuster_12,Investigation Update,"Weather data confirms severe storm in area on date of loss. NOAA records show wind gusts exceeding 70mph. Claim is weather-related, approved.",2025-06-02 22:55:25
NOTE-0001721,CL-0002492,2025-09-13 09:29:25,Adjuster_26,Investigation Update,Site inspection completed. Damage is consistent with reported cause of loss. Photos uploaded to file. Recommend approval for repair estimate.,2025-10-26 10:35:25
NOTE-0001722,CL-0000950,2025-09-10 01:57:25,Adjuster_21,Claimant Communication,Reviewed contractor estimate. Amount seems reasonable for scope of work. Approving payment minus deductible. Will notify policyholder.,2026-03-14 20:33:25
NOTE-0001723,CL-0003624,2025-11-30 14:50:25,Adjuster_28,Payment Processing,SUSPICIOUS: Timeline of events does not align with witness statements. Damage pattern inconsistent with reported cause. Referring to SIU for further investigation.,2025-11-11 13:05:25
NOTE-0001724,CL-0001228,2026-02-27 19:21:25,Adjuster_47,Investigation Update,Claimant attorney has sent letter of representation. All future communication must go through counsel. Updating file restrictions.,2026-04-28 13:59:25
NOTE-0001725,CL-0004721,2026-02-26 00:32:25,Adjuster_50,Claimant Communication,Reviewed contractor estimate. Amount seems reasonable for scope of work. Approving payment minus deductible. Will notify policyholder.,2025-06-26 03:55:25
NOTE-0001726,CL-0004307,2025-08-14 08:45:25,Adjuster_2,Closure Summary,Medical records received from treating physician. Injuries consistent with described accident. IME may not be necessary for this severity level.,2025-06-03 23:46:25
NOTE-0001727,CL-0001691,2026-03-14 23:34:25,Adjuster_5,Initial Assessment,Contacted claimant via phone. They confirmed the timeline of events. No inconsistencies in their account. Proceeding with standard assessment.,2025-12-18 13:52:25
NOTE-0001728,CL-0001562,2026-03-22 15:37:25,Adjuster_46,Claimant Communication,Claimant attorney has sent letter of representation. All future communication must go through counsel. Updating file restrictions.,2025-09-29 00:04:25
NOTE-0001729,CL-0003703,2025-09-11 07:45:25,Adjuster_44,Investigation Update,Repair completed and final inspection passed. Work quality is satisfactory. Releasing final payment to contractor. File ready for closure.,2025-11-01 23:46:25
NOTE-0001730,CL-0000416,2025-12-25 06:44:25,Adjuster_26,Closure Summary,Payment issued to claimant. Check number referenced in system. Closing file pending 30-day satisfaction period. No further action needed.,2025-07-27 02:18:25
NOTE-0001731,CL-0002032,2026-01-15 11:17:25,Adjuster_22,Payment Processing,SUSPICIOUS: Timeline of events does not align with witness statements. Damage pattern inconsistent with reported cause. Referring to SIU for further investigation.,2025-12-15 07:27:25
NOTE-0001732,CL-0001618,2025-07-02 23:21:25,Adjuster_38,Investigation Update,"Weather data confirms severe storm in area on date of loss. NOAA records show wind gusts exceeding 70mph. Claim is weather-related, approved.",2026-05-19 17:26:25
NOTE-0001733,CL-0000939,2026-03-28 21:03:25,Adjuster_48,Claimant Communication,Claimant attorney has sent letter of representation. All future communication must go through counsel. Updating file restrictions.,2025-11-25 13:00:25
NOTE-0001734,CL-0003217,2025-10-03 17:29:25,Adjuster_37,Payment Processing,"Weather data confirms severe storm in area on date of loss. NOAA records show wind gusts exceeding 70mph. Claim is weather-related, approved.",2025-08-04 13:23:25
NOTE-0001735,CL-0001768,2025-07-15 03:35:25,Adjuster_17,Closure Summary,Medical records received from treating physician. Injuries consistent with described accident. IME may not be necessary for this severity level.,2025-06-11 13:58:25
NOTE-0001736,CL-0004120,2025-12-18 20:42:25,Adjuster_23,Closure Summary,Medical records received from treating physician. Injuries consistent with described accident. IME may not be necessary for this severity level.,2025-08-22 15:05:25
NOTE-0001737,CL-0002648,2026-03-09 15:45:25,Adjuster_11,Closure Summary,Workers comp claim validated. Employee was performing regular duties when injury occurred. Employer confirms no safety violations. Approving benefits.,2026-02-09 00:12:25
NOTE-0001738,CL-0001498,2025-09-07 05:28:25,Adjuster_32,Payment Processing,Claimant is frustrated with processing time. Escalated to supervisor. Need to expedite review and provide status update within 24 hours.,2025-10-24 03:26:25
NOTE-0001739,CL-0004666,2025-08-22 13:06:25,Adjuster_6,Investigation Update,Multiple claims from same location within 6 months. Pattern suggests possible fraud. Flagging for SIU review before further processing.,2025-11-11 11:08:25
NOTE-0001740,CL-0001569,2025-10-23 13:04:25,Adjuster_37,Investigation Update,Workers comp claim validated. Employee was performing regular duties when injury occurred. Employer confirms no safety violations. Approving benefits.,2025-11-21 22:52:25
NOTE-0001741,CL-0001163,2025-06-21 16:10:25,Adjuster_11,Payment Processing,Multiple claims from same location within 6 months. Pattern suggests possible fraud. Flagging for SIU review before further processing.,2025-05-26 07:52:25
NOTE-0001742,CL-0002631,2026-04-16 23:49:25,Adjuster_22,Investigation Update,Contacted claimant via phone. They confirmed the timeline of events. No inconsistencies in their account. Proceeding with standard assessment.,2025-12-05 04:45:25
NOTE-0001743,CL-0002939,2025-08-14 03:52:25,Adjuster_23,Claimant Communication,Claimant is frustrated with processing time. Escalated to supervisor. Need to expedite review and provide status update within 24 hours.,2026-01-29 19:05:25
NOTE-0001744,CL-0001533,2026-01-31 21:37:25,Adjuster_20,Claimant Communication,"Weather data confirms severe storm in area on date of loss. NOAA records show wind gusts exceeding 70mph. Claim is weather-related, approved.",2025-10-02 06:40:25
NOTE-0001745,CL-0003386,2026-01-07 17:47:25,Adjuster_31,Initial Assessment,Workers comp claim validated. Employee was performing regular duties when injury occurred. Employer confirms no safety violations. Approving benefits.,2026-01-18 07:52:25
NOTE-0001746,CL-0000200,2026-03-05 05:03:25,Adjuster_10,Claimant Communication,Medical records received from treating physician. Injuries consistent with described accident. IME may not be necessary for this severity level.,2025-07-10 08:18:25
NOTE-0001747,CL-0000684,2025-06-28 23:20:25,Adjuster_32,Initial Assessment,Claimant is frustrated with processing time. Escalated to supervisor. Need to expedite review and provide status update within 24 hours.,2025-09-12 12:54:25
NOTE-0001748,CL-0003003,2025-12-17 17:02:25,Adjuster_36,Investigation Update,SUSPICIOUS: Timeline of events does not align with witness statements. Damage pattern inconsistent with reported cause. Referring to SIU for further investigation.,2025-06-11 06:09:25
NOTE-0001749,CL-0004357,2025-09-29 23:27:25,Adjuster_42,Payment Processing,Contacted claimant via phone. They confirmed the timeline of events. No inconsistencies in their account. Proceeding with standard assessment.,2026-01-31 02:22:25
NOTE-0001750,CL-0002316,2025-08-05 20:40:25,Adjuster_30,Closure Summary,Contacted claimant via phone. They confirmed the timeline of events. No inconsistencies in their account. Proceeding with standard assessment.,2026-04-19 14:42:25
NOTE-0001751,CL-0004309,2026-03-30 05:52:25,Adjuster_8,Investigation Update,Site inspection completed. Damage is consistent with reported cause of loss. Photos uploaded to file. Recommend approval for repair estimate.,2025-06-17 07:06:25
NOTE-0001752,CL-0002919,2025-12-14 02:24:25,Adjuster_12,Initial Assessment,Medical records received from treating physician. Injuries consistent with described accident. IME may not be necessary for this severity level.,2026-05-25 10:27:25
NOTE-0001753,CL-0002897,2026-05-23 02:36:25,Adjuster_19,Investigation Update,Reviewed contractor estimate. Amount seems reasonable for scope of work. Approving payment minus deductible. Will notify policyholder.,2026-01-03 15:25:25
NOTE-0001754,CL-0004439,2026-01-22 18:20:25,Adjuster_22,Payment Processing,Claimant is frustrated with processing time. Escalated to supervisor. Need to expedite review and provide status update within 24 hours.,2026-02-26 05:50:25
NOTE-0001755,CL-0002244,2026-03-07 06:45:25,Adjuster_30,Investigation Update,Subrogation potential identified. Third party clearly at fault per police report. Opening recovery file and notifying subrogation unit.,2025-06-29 13:36:25
NOTE-0001756,CL-0003400,2026-05-26 02:12:25,Adjuster_19,Payment Processing,Multiple claims from same location within 6 months. Pattern suggests possible fraud. Flagging for SIU review before further processing.,2025-08-28 04:26:25
NOTE-0001757,CL-0001590,2025-11-06 03:56:25,Adjuster_41,Investigation Update,SUSPICIOUS: Timeline of events does not align with witness statements. Damage pattern inconsistent with reported cause. Referring to SIU for further investigation.,2025-06-15 20:16:25
NOTE-0001758,CL-0002089,2026-05-13 10:26:25,Adjuster_32,Closure Summary,Claimant attorney has sent letter of representation. All future communication must go through counsel. Updating file restrictions.,2025-06-27 03:27:25
NOTE-0001759,CL-0002449,2026-04-13 14:08:25,Adjuster_49,Closure Summary,"Weather data confirms severe storm in area on date of loss. NOAA records show wind gusts exceeding 70mph. Claim is weather-related, approved.",2025-12-22 11:10:25
NOTE-0001760,CL-0003503,2025-07-31 19:35:25,Adjuster_4,Investigation Update,Payment issued to claimant. Check number referenced in system. Closing file pending 30-day satisfaction period. No further action needed.,2026-05-16 09:33:25
NOTE-0001761,CL-0004137,2026-04-23 19:01:25,Adjuster_28,Claimant Communication,Claimant attorney has sent letter of representation. All future communication must go through counsel. Updating file restrictions.,2026-04-29 08:02:25
NOTE-0001762,CL-0002620,2025-06-12 09:02:25,Adjuster_24,Closure Summary,Repair completed and final inspection passed. Work quality is satisfactory. Releasing final payment to contractor. File ready for closure.,2025-11-11 10:01:25
NOTE-0001763,CL-0004537,2026-02-24 18:25:25,Adjuster_20,Closure Summary,"Weather data confirms severe storm in area on date of loss. NOAA records show wind gusts exceeding 70mph. Claim is weather-related, approved.",2026-03-21 02:30:25
NOTE-0001764,CL-0003633,2026-03-12 05:56:25,Adjuster_27,Payment Processing,SUSPICIOUS: Timeline of events does not align with witness statements. Damage pattern inconsistent with reported cause. Referring to SIU for further investigation.,2025-10-03 07:55:25
NOTE-0001765,CL-0001579,2025-12-16 20:18:25,Adjuster_44,Closure Summary,Site inspection completed. Damage is consistent with reported cause of loss. Photos uploaded to file. Recommend approval for repair estimate.,2025-12-07 00:11:25
NOTE-0001766,CL-0000032,2025-05-30 03:25:25,Adjuster_40,Closure Summary,Repair completed and final inspection passed. Work quality is satisfactory. Releasing final payment to contractor. File ready for closure.,2026-04-03 13:10:25
NOTE-0001767,CL-0004881,2025-11-24 10:38:25,Adjuster_2,Claimant Communication,Police report obtained. Details match claimant statement. No evidence of prior damage or fraud indicators. Proceeding with normal processing.,2025-08-09 20:03:25
NOTE-0001768,CL-0004645,2026-03-30 06:13:25,Adjuster_33,Closure Summary,Workers comp claim validated. Employee was performing regular duties when injury occurred. Employer confirms no safety violations. Approving benefits.,2026-01-15 16:21:25
NOTE-0001769,CL-0001285,2025-12-29 07:15:25,Adjuster_17,Claimant Communication,SUSPICIOUS: Timeline of events does not align with witness statements. Damage pattern inconsistent with reported cause. Referring to SIU for further investigation.,2025-06-15 10:19:25
NOTE-0001770,CL-0001138,2026-05-05 00:00:25,Adjuster_43,Closure Summary,"Weather data confirms severe storm in area on date of loss. NOAA records show wind gusts exceeding 70mph. Claim is weather-related, approved.",2026-02-06 21:46:25
NOTE-0001771,CL-0004918,2025-07-13 01:07:25,Adjuster_12,Claimant Communication,Claimant attorney has sent letter of representation. All future communication must go through counsel. Updating file restrictions.,2025-09-17 02:51:25
NOTE-0001772,CL-0004629,2026-01-15 11:03:25,Adjuster_41,Investigation Update,Site inspection completed. Damage is consistent with reported cause of loss. Photos uploaded to file. Recommend approval for repair estimate.,2026-03-22 13:56:25
NOTE-0001773,CL-0000641,2026-03-19 16:01:25,Adjuster_21,Payment Processing,Contacted claimant via phone. They confirmed the timeline of events. No inconsistencies in their account. Proceeding with standard assessment.,2026-05-04 12:49:25
NOTE-0001774,CL-0003624,2026-04-08 19:01:25,Adjuster_15,Claimant Communication,Workers comp claim validated. Employee was performing regular duties when injury occurred. Employer confirms no safety violations. Approving benefits.,2025-07-10 04:42:25
NOTE-0001775,CL-0001196,2026-04-14 07:19:25,Adjuster_7,Investigation Update,Claimant is frustrated with processing time. Escalated to supervisor. Need to expedite review and provide status update within 24 hours.,2026-03-20 11:25:25
NOTE-0001776,CL-0003423,2025-09-08 03:25:25,Adjuster_36,Claimant Communication,Claimant attorney has sent letter of representation. All future communication must go through counsel. Updating file restrictions.,2025-11-07 21:35:25
NOTE-0001777,CL-0000868,2025-11-08 16:25:25,Adjuster_17,Initial Assessment,Claimant attorney has sent letter of representation. All future communication must go through counsel. Updating file restrictions.,2025-07-04 08:21:25
NOTE-0001778,CL-0002531,2025-08-22 23:18:25,Adjuster_46,Initial Assessment,"Weather data confirms severe storm in area on date of loss. NOAA records show wind gusts exceeding 70mph. Claim is weather-related, approved.",2025-09-04 13:41:25
NOTE-0001779,CL-0001576,2025-11-14 19:55:25,Adjuster_18,Claimant Communication,Payment issued to claimant. Check number referenced in system. Closing file pending 30-day satisfaction period. No further action needed.,2025-08-31 18:48:25
NOTE-0001780,CL-0004521,2026-03-18 22:02:25,Adjuster_1,Investigation Update,Subrogation potential identified. Third party clearly at fault per police report. Opening recovery file and notifying subrogation unit.,2026-02-24 22:31:25
NOTE-0001781,CL-0000859,2025-10-23 14:38:25,Adjuster_2,Payment Processing,Claim denied per policy exclusion for pre-existing damage. Evidence shows damage predates policy effective date. Denial letter sent to insured.,2025-09-09 01:48:25
NOTE-0001782,CL-0004349,2026-02-08 07:38:25,Adjuster_38,Initial Assessment,Repair completed and final inspection passed. Work quality is satisfactory. Releasing final payment to contractor. File ready for closure.,2026-03-07 23:32:25
NOTE-0001783,CL-0001551,2025-11-01 05:37:25,Adjuster_24,Investigation Update,Police report obtained. Details match claimant statement. No evidence of prior damage or fraud indicators. Proceeding with normal processing.,2026-04-09 22:48:25
NOTE-0001784,CL-0003119,2025-11-09 15:46:25,Adjuster_48,Claimant Communication,Police report obtained. Details match claimant statement. No evidence of prior damage or fraud indicators. Proceeding with normal processing.,2026-02-11 19:34:25
NOTE-0001785,CL-0002540,2025-11-21 18:52:25,Adjuster_13,Payment Processing,Reviewed contractor estimate. Amount seems reasonable for scope of work. Approving payment minus deductible. Will notify policyholder.,2025-12-29 22:45:25
NOTE-0001786,CL-0000967,2026-01-25 09:29:25,Adjuster_28,Claimant Communication,Workers comp claim validated. Employee was performing regular duties when injury occurred. Employer confirms no safety violations. Approving benefits.,2026-01-21 10:53:25
NOTE-0001787,CL-0000442,2025-08-25 06:12:25,Adjuster_7,Claimant Communication,Contacted claimant via phone. They confirmed the timeline of events. No inconsistencies in their account. Proceeding with standard assessment.,2025-12-22 20:04:25
NOTE-0001788,CL-0004295,2025-09-14 10:01:25,Adjuster_22,Payment Processing,Payment issued to claimant. Check number referenced in system. Closing file pending 30-day satisfaction period. No further action needed.,2025-10-31 09:55:25
NOTE-0001789,CL-0003486,2026-02-14 04:08:25,Adjuster_34,Investigation Update,SUSPICIOUS: Timeline of events does not align with witness statements. Damage pattern inconsistent with reported cause. Referring to SIU for further investigation.,2026-05-10 20:09:25
NOTE-0001790,CL-0000309,2025-10-31 16:33:25,Adjuster_2,Closure Summary,Medical records received from treating physician. Injuries consistent with described accident. IME may not be necessary for this severity level.,2025-05-30 06:38:25
NOTE-0001791,CL-0000252,2025-09-16 16:05:25,Adjuster_23,Closure Summary,Claimant attorney has sent letter of representation. All future communication must go through counsel. Updating file restrictions.,2025-10-28 15:08:25
NOTE-0001792,CL-0002077,2026-01-29 18:04:25,Adjuster_46,Initial Assessment,Police report obtained. Details match claimant statement. No evidence of prior damage or fraud indicators. Proceeding with normal processing.,2025-08-27 08:57:25
NOTE-0001793,CL-0004749,2025-12-08 19:45:25,Adjuster_14,Payment Processing,Claim denied per policy exclusion for pre-existing damage. Evidence shows damage predates policy effective date. Denial letter sent to insured.,2025-08-25 12:52:25
NOTE-0001794,CL-0000211,2026-03-24 20:37:25,Adjuster_32,Closure Summary,Medical records received from treating physician. Injuries consistent with described accident. IME may not be necessary for this severity level.,2026-03-11 15:38:25
NOTE-0001795,CL-0000697,2025-11-11 03:59:25,Adjuster_47,Initial Assessment,Payment issued to claimant. Check number referenced in system. Closing file pending 30-day satisfaction period. No further action needed.,2025-09-24 04:48:25
NOTE-0001796,CL-0002215,2025-08-16 22:47:25,Adjuster_48,Payment Processing,"Weather data confirms severe storm in area on date of loss. NOAA records show wind gusts exceeding 70mph. Claim is weather-related, approved.",2025-11-25 17:43:25
NOTE-0001797,CL-0000595,2026-01-22 09:04:25,Adjuster_12,Initial Assessment,Contacted claimant via phone. They confirmed the timeline of events. No inconsistencies in their account. Proceeding with standard assessment.,2025-06-10 13:13:25
NOTE-0001798,CL-0002185,2026-02-26 21:05:25,Adjuster_13,Payment Processing,Claimant attorney has sent letter of representation. All future communication must go through counsel. Updating file restrictions.,2025-11-24 06:07:25
NOTE-0001799,CL-0000148,2026-02-28 15:45:25,Adjuster_15,Payment Processing,Multiple claims from same location within 6 months. Pattern suggests possible fraud. Flagging for SIU review before further processing.,2025-11-22 17:43:25
NOTE-0001800,CL-0001467,2026-03-15 01:36:25,Adjuster_35,Payment Processing,Claimant attorney has sent letter of representation. All future communication must go through counsel. Updating file restrictions.,2026-04-04 14:58:25
NOTE-0001801,CL-0001665,2025-07-26 09:41:25,Adjuster_6,Closure Summary,Subrogation potential identified. Third party clearly at fault per police report. Opening recovery file and notifying subrogation unit.,2025-05-28 11:39:25
NOTE-0001802,CL-0000316,2025-11-16 23:02:25,Adjuster_24,Investigation Update,Subrogation potential identified. Third party clearly at fault per police report. Opening recovery file and notifying subrogation unit.,2025-12-26 19:56:25
NOTE-0001803,CL-0002599,2026-05-22 19:48:25,Adjuster_3,Initial Assessment,"Weather data confirms severe storm in area on date of loss. NOAA records show wind gusts exceeding 70mph. Claim is weather-related, approved.",2025-08-30 05:08:25
NOTE-0001804,CL-0001825,2026-03-18 07:06:25,Adjuster_45,Investigation Update,Subrogation potential identified. Third party clearly at fault per police report. Opening recovery file and notifying subrogation unit.,2026-04-03 11:18:25
NOTE-0001805,CL-0001446,2025-09-27 22:29:25,Adjuster_39,Payment Processing,Reviewed contractor estimate. Amount seems reasonable for scope of work. Approving payment minus deductible. Will notify policyholder.,2026-04-27 17:21:25
NOTE-0001806,CL-0000064,2026-04-28 14:03:25,Adjuster_22,Payment Processing,"Weather data confirms severe storm in area on date of loss. NOAA records show wind gusts exceeding 70mph. Claim is weather-related, approved.",2025-06-13 11:37:25
NOTE-0001807,CL-0003675,2025-11-22 03:34:25,Adjuster_44,Initial Assessment,SUSPICIOUS: Timeline of events does not align with witness statements. Damage pattern inconsistent with reported cause. Referring to SIU for further investigation.,2026-05-06 21:04:25
NOTE-0001808,CL-0004864,2025-08-31 14:56:25,Adjuster_30,Investigation Update,Multiple claims from same location within 6 months. Pattern suggests possible fraud. Flagging for SIU review before further processing.,2025-10-05 17:16:25
NOTE-0001809,CL-0003108,2025-09-10 05:46:25,Adjuster_18,Investigation Update,Subrogation potential identified. Third party clearly at fault per police report. Opening recovery file and notifying subrogation unit.,2025-09-27 19:51:25
NOTE-0001810,CL-0002075,2025-10-12 06:24:25,Adjuster_20,Closure Summary,Subrogation potential identified. Third party clearly at fault per police report. Opening recovery file and notifying subrogation unit.,2025-08-24 06:59:25
NOTE-0001811,CL-0002790,2026-03-12 20:58:25,Adjuster_28,Claimant Communication,Multiple claims from same location within 6 months. Pattern suggests possible fraud. Flagging for SIU review before further processing.,2025-06-02 08:37:25
NOTE-0001812,CL-0004710,2026-05-03 00:08:25,Adjuster_2,Closure Summary,"Weather data confirms severe storm in area on date of loss. NOAA records show wind gusts exceeding 70mph. Claim is weather-related, approved.",2025-06-16 06:07:25
NOTE-0001813,CL-0003190,2025-12-08 04:11:25,Adjuster_2,Claimant Communication,Multiple claims from same location within 6 months. Pattern suggests possible fraud. Flagging for SIU review before further processing.,2025-10-02 22:56:25
NOTE-0001814,CL-0003818,2026-02-09 09:44:25,Adjuster_16,Investigation Update,"Weather data confirms severe storm in area on date of loss. NOAA records show wind gusts exceeding 70mph. Claim is weather-related, approved.",2026-03-28 17:47:25
NOTE-0001815,CL-0002529,2025-08-05 00:32:25,Adjuster_21,Investigation Update,Police report obtained. Details match claimant statement. No evidence of prior damage or fraud indicators. Proceeding with normal processing.,2026-04-20 08:27:25
NOTE-0001816,CL-0001226,2026-01-12 08:31:25,Adjuster_4,Claimant Communication,Multiple claims from same location within 6 months. Pattern suggests possible fraud. Flagging for SIU review before further processing.,2026-04-09 06:03:25
NOTE-0001817,CL-0001190,2025-12-05 07:31:25,Adjuster_15,Payment Processing,Contacted claimant via phone. They confirmed the timeline of events. No inconsistencies in their account. Proceeding with standard assessment.,2025-12-13 08:40:25
NOTE-0001818,CL-0000795,2025-09-13 15:20:25,Adjuster_25,Investigation Update,Repair completed and final inspection passed. Work quality is satisfactory. Releasing final payment to contractor. File ready for closure.,2026-05-08 09:07:25
NOTE-0001819,CL-0002053,2026-04-07 06:42:25,Adjuster_3,Initial Assessment,Subrogation potential identified. Third party clearly at fault per police report. Opening recovery file and notifying subrogation unit.,2025-11-13 03:56:25
NOTE-0001820,CL-0003878,2025-12-22 22:47:25,Adjuster_11,Claimant Communication,Contacted claimant via phone. They confirmed the timeline of events. No inconsistencies in their account. Proceeding with standard assessment.,2025-11-29 18:55:25
NOTE-0001821,CL-0004481,2025-07-08 15:59:25,Adjuster_12,Investigation Update,Subrogation potential identified. Third party clearly at fault per police report. Opening recovery file and notifying subrogation unit.,2025-08-01 15:12:25
NOTE-0001822,CL-0000162,2025-09-23 18:55:25,Adjuster_40,Closure Summary,SUSPICIOUS: Timeline of events does not align with witness statements. Damage pattern inconsistent with reported cause. Referring to SIU for further investigation.,2025-09-11 08:20:25
NOTE-0001823,CL-0000589,2025-06-17 02:26:25,Adjuster_33,Closure Summary,Repair completed and final inspection passed. Work quality is satisfactory. Releasing final payment to contractor. File ready for closure.,2026-03-09 12:13:25
NOTE-0001824,CL-0000441,2025-10-31 02:20:25,Adjuster_13,Investigation Update,Subrogation potential identified. Third party clearly at fault per police report. Opening recovery file and notifying subrogation unit.,2026-05-07 11:11:25
NOTE-0001825,CL-0001050,2025-08-05 15:35:25,Adjuster_49,Claimant Communication,Payment issued to claimant. Check number referenced in system. Closing file pending 30-day satisfaction period. No further action needed.,2025-06-11 23:50:25
NOTE-0001826,CL-0004104,2025-06-16 23:24:25,Adjuster_14,Claimant Communication,Payment issued to claimant. Check number referenced in system. Closing file pending 30-day satisfaction period. No further action needed.,2025-12-03 00:17:25
NOTE-0001827,CL-0000634,2026-05-25 13:13:25,Adjuster_13,Closure Summary,Claimant attorney has sent letter of representation. All future communication must go through counsel. Updating file restrictions.,2025-06-04 22:38:25
NOTE-0001828,CL-0004387,2025-12-02 02:48:25,Adjuster_20,Investigation Update,Multiple claims from same location within 6 months. Pattern suggests possible fraud. Flagging for SIU review before further processing.,2026-03-18 14:18:25
NOTE-0001829,CL-0001234,2025-10-29 00:49:25,Adjuster_18,Investigation Update,Subrogation potential identified. Third party clearly at fault per police report. Opening recovery file and notifying subrogation unit.,2026-04-04 20:04:25
NOTE-0001830,CL-0000682,2026-05-24 00:37:25,Adjuster_40,Claimant Communication,Subrogation potential identified. Third party clearly at fault per police report. Opening recovery file and notifying subrogation unit.,2025-09-14 18:26:25
NOTE-0001831,CL-0001570,2025-09-06 20:16:25,Adjuster_14,Initial Assessment,Multiple claims from same location within 6 months. Pattern suggests possible fraud. Flagging for SIU review before further processing.,2025-12-24 07:06:25
NOTE-0001832,CL-0004604,2026-05-17 23:28:25,Adjuster_21,Claimant Communication,Medical records received from treating physician. Injuries consistent with described accident. IME may not be necessary for this severity level.,2025-06-30 21:07:25
NOTE-0001833,CL-0001428,2025-07-31 06:13:25,Adjuster_4,Payment Processing,Repair completed and final inspection passed. Work quality is satisfactory. Releasing final payment to contractor. File ready for closure.,2025-08-28 04:12:25
NOTE-0001834,CL-0000210,2026-05-15 07:24:25,Adjuster_26,Claimant Communication,Subrogation potential identified. Third party clearly at fault per police report. Opening recovery file and notifying subrogation unit.,2026-02-27 00:51:25
NOTE-0001835,CL-0003445,2025-10-06 18:12:25,Adjuster_11,Closure Summary,Reviewed contractor estimate. Amount seems reasonable for scope of work. Approving payment minus deductible. Will notify policyholder.,2026-05-06 01:42:25
NOTE-0001836,CL-0003611,2026-01-31 23:31:25,Adjuster_48,Payment Processing,Multiple claims from same location within 6 months. Pattern suggests possible fraud. Flagging for SIU review before further processing.,2025-11-08 06:38:25
NOTE-0001837,CL-0002609,2026-03-19 06:45:25,Adjuster_13,Initial Assessment,Subrogation potential identified. Third party clearly at fault per police report. Opening recovery file and notifying subrogation unit.,2025-06-16 08:23:25
NOTE-0001838,CL-0002695,2026-01-11 07:25:25,Adjuster_36,Claimant Communication,Site inspection completed. Damage is consistent with reported cause of loss. Photos uploaded to file. Recommend approval for repair estimate.,2026-04-25 13:31:25
NOTE-0001839,CL-0000225,2025-12-23 16:25:25,Adjuster_26,Initial Assessment,Reviewed contractor estimate. Amount seems reasonable for scope of work. Approving payment minus deductible. Will notify policyholder.,2026-04-10 08:17:25
NOTE-0001840,CL-0002812,2026-02-28 05:18:25,Adjuster_28,Initial Assessment,Claimant is frustrated with processing time. Escalated to supervisor. Need to expedite review and provide status update within 24 hours.,2025-09-29 04:37:25
NOTE-0001841,CL-0002703,2025-06-11 14:42:25,Adjuster_48,Initial Assessment,Claim denied per policy exclusion for pre-existing damage. Evidence shows damage predates policy effective date. Denial letter sent to insured.,2026-04-28 15:53:25
NOTE-0001842,CL-0002487,2025-09-01 18:00:25,Adjuster_21,Closure Summary,Police report obtained. Details match claimant statement. No evidence of prior damage or fraud indicators. Proceeding with normal processing.,2026-05-12 19:54:25
NOTE-0001843,CL-0001529,2025-08-28 16:08:25,Adjuster_41,Closure Summary,Claimant is frustrated with processing time. Escalated to supervisor. Need to expedite review and provide status update within 24 hours.,2026-05-22 18:22:25
NOTE-0001844,CL-0000282,2026-01-09 12:59:25,Adjuster_11,Claimant Communication,Medical records received from treating physician. Injuries consistent with described accident. IME may not be necessary for this severity level.,2026-04-11 09:27:25
NOTE-0001845,CL-0000101,2025-11-27 13:39:25,Adjuster_32,Investigation Update,Subrogation potential identified. Third party clearly at fault per police report. Opening recovery file and notifying subrogation unit.,2026-04-17 18:15:25
NOTE-0001846,CL-0003263,2025-06-23 06:20:25,Adjuster_40,Payment Processing,Subrogation potential identified. Third party clearly at fault per police report. Opening recovery file and notifying subrogation unit.,2026-01-24 14:33:25
NOTE-0001847,CL-0000803,2025-09-09 08:10:25,Adjuster_11,Claimant Communication,"Weather data confirms severe storm in area on date of loss. NOAA records show wind gusts exceeding 70mph. Claim is weather-related, approved.",2025-09-28 19:45:25
NOTE-0001848,CL-0003279,2025-10-20 03:22:25,Adjuster_18,Initial Assessment,Claim denied per policy exclusion for pre-existing damage. Evidence shows damage predates policy effective date. Denial letter sent to insured.,2025-10-11 11:14:25
NOTE-0001849,CL-0000071,2026-02-21 01:56:25,Adjuster_31,Claimant Communication,"Weather data confirms severe storm in area on date of loss. NOAA records show wind gusts exceeding 70mph. Claim is weather-related, approved.",2025-06-17 15:19:25
NOTE-0001850,CL-0002613,2025-09-08 16:03:25,Adjuster_36,Claimant Communication,Claim denied per policy exclusion for pre-existing damage. Evidence shows damage predates policy effective date. Denial letter sent to insured.,2025-10-08 20:04:25
NOTE-0001851,CL-0000012,2025-06-04 06:25:25,Adjuster_15,Investigation Update,Workers comp claim validated. Employee was performing regular duties when injury occurred. Employer confirms no safety violations. Approving benefits.,2026-05-13 13:21:25
NOTE-0001852,CL-0001348,2025-11-18 15:01:25,Adjuster_38,Investigation Update,Payment issued to claimant. Check number referenced in system. Closing file pending 30-day satisfaction period. No further action needed.,2025-10-17 18:24:25
NOTE-0001853,CL-0003618,2026-01-10 08:41:25,Adjuster_28,Investigation Update,"Weather data confirms severe storm in area on date of loss. NOAA records show wind gusts exceeding 70mph. Claim is weather-related, approved.",2026-05-02 14:34:25
NOTE-0001854,CL-0001844,2026-02-19 20:49:25,Adjuster_43,Investigation Update,Reviewed contractor estimate. Amount seems reasonable for scope of work. Approving payment minus deductible. Will notify policyholder.,2025-08-27 02:14:25
NOTE-0001855,CL-0001047,2026-03-12 09:55:25,Adjuster_19,Closure Summary,Reviewed contractor estimate. Amount seems reasonable for scope of work. Approving payment minus deductible. Will notify policyholder.,2025-06-14 20:18:25
NOTE-0001856,CL-0004782,2025-08-06 02:21:25,Adjuster_46,Payment Processing,Subrogation potential identified. Third party clearly at fault per police report. Opening recovery file and notifying subrogation unit.,2026-01-27 15:59:25
NOTE-0001857,CL-0002387,2026-04-04 12:31:25,Adjuster_1,Investigation Update,Medical records received from treating physician. Injuries consistent with described accident. IME may not be necessary for this severity level.,2025-12-12 03:21:25
NOTE-0001858,CL-0004159,2025-08-17 21:57:25,Adjuster_15,Payment Processing,SUSPICIOUS: Timeline of events does not align with witness statements. Damage pattern inconsistent with reported cause. Referring to SIU for further investigation.,2025-11-01 22:27:25
NOTE-0001859,CL-0004008,2025-07-15 08:26:25,Adjuster_32,Investigation Update,Claimant attorney has sent letter of representation. All future communication must go through counsel. Updating file restrictions.,2025-08-13 00:43:25
NOTE-0001860,CL-0001946,2025-11-07 05:00:25,Adjuster_2,Investigation Update,Claimant is frustrated with processing time. Escalated to supervisor. Need to expedite review and provide status update within 24 hours.,2026-03-08 15:04:25
NOTE-0001861,CL-0004898,2026-01-29 12:16:25,Adjuster_10,Investigation Update,Medical records received from treating physician. Injuries consistent with described accident. IME may not be necessary for this severity level.,2025-12-08 17:21:25
NOTE-0001862,CL-0002119,2025-09-17 14:17:25,Adjuster_30,Payment Processing,SUSPICIOUS: Timeline of events does not align with witness statements. Damage pattern inconsistent with reported cause. Referring to SIU for further investigation.,2026-03-09 15:42:25
NOTE-0001863,CL-0001729,2026-04-29 05:31:25,Adjuster_29,Payment Processing,Subrogation potential identified. Third party clearly at fault per police report. Opening recovery file and notifying subrogation unit.,2026-01-21 02:05:25
NOTE-0001864,CL-0003284,2025-08-17 05:31:25,Adjuster_5,Payment Processing,Medical records received from treating physician. Injuries consistent with described accident. IME may not be necessary for this severity level.,2025-06-27 04:41:25
NOTE-0001865,CL-0003635,2025-08-28 16:10:25,Adjuster_10,Closure Summary,Reviewed contractor estimate. Amount seems reasonable for scope of work. Approving payment minus deductible. Will notify policyholder.,2026-03-06 20:15:25
NOTE-0001866,CL-0003330,2025-07-11 08:11:25,Adjuster_8,Closure Summary,Site inspection completed. Damage is consistent with reported cause of loss. Photos uploaded to file. Recommend approval for repair estimate.,2025-12-23 02:38:25
NOTE-0001867,CL-0000128,2026-02-07 11:29:25,Adjuster_38,Closure Summary,Reviewed contractor estimate. Amount seems reasonable for scope of work. Approving payment minus deductible. Will notify policyholder.,2025-09-07 07:59:25
NOTE-0001868,CL-0003938,2025-11-02 02:33:25,Adjuster_42,Closure Summary,Reviewed contractor estimate. Amount seems reasonable for scope of work. Approving payment minus deductible. Will notify policyholder.,2026-01-29 02:33:25
NOTE-0001869,CL-0003797,2026-01-30 04:41:25,Adjuster_5,Closure Summary,Workers comp claim validated. Employee was performing regular duties when injury occurred. Employer confirms no safety violations. Approving benefits.,2025-11-22 03:51:25
NOTE-0001870,CL-0003846,2025-06-26 23:18:25,Adjuster_11,Claimant Communication,Police report obtained. Details match claimant statement. No evidence of prior damage or fraud indicators. Proceeding with normal processing.,2025-08-12 04:18:25
NOTE-0001871,CL-0003542,2025-06-03 07:16:25,Adjuster_33,Payment Processing,Repair completed and final inspection passed. Work quality is satisfactory. Releasing final payment to contractor. File ready for closure.,2025-12-25 05:07:25
NOTE-0001872,CL-0001697,2025-10-11 07:19:25,Adjuster_30,Investigation Update,Claimant is frustrated with processing time. Escalated to supervisor. Need to expedite review and provide status update within 24 hours.,2026-04-13 06:17:25
NOTE-0001873,CL-0002843,2026-02-07 17:17:25,Adjuster_38,Investigation Update,Police report obtained. Details match claimant statement. No evidence of prior damage or fraud indicators. Proceeding with normal processing.,2026-02-28 22:29:25
NOTE-0001874,CL-0001261,2025-06-30 01:35:25,Adjuster_35,Initial Assessment,Subrogation potential identified. Third party clearly at fault per police report. Opening recovery file and notifying subrogation unit.,2025-10-24 13:35:25
NOTE-0001875,CL-0004776,2025-10-15 03:03:25,Adjuster_45,Investigation Update,Contacted claimant via phone. They confirmed the timeline of events. No inconsistencies in their account. Proceeding with standard assessment.,2025-06-27 01:45:25
NOTE-0001876,CL-0001921,2025-09-06 19:50:25,Adjuster_22,Payment Processing,SUSPICIOUS: Timeline of events does not align with witness statements. Damage pattern inconsistent with reported cause. Referring to SIU for further investigation.,2025-08-31 12:08:25
NOTE-0001877,CL-0003884,2025-09-28 11:08:25,Adjuster_35,Claimant Communication,Claimant attorney has sent letter of representation. All future communication must go through counsel. Updating file restrictions.,2026-02-06 17:34:25
NOTE-0001878,CL-0002543,2025-08-27 18:21:25,Adjuster_13,Initial Assessment,Claimant is frustrated with processing time. Escalated to supervisor. Need to expedite review and provide status update within 24 hours.,2025-10-15 12:36:25
NOTE-0001879,CL-0004173,2025-06-30 15:03:25,Adjuster_1,Payment Processing,Multiple claims from same location within 6 months. Pattern suggests possible fraud. Flagging for SIU review before further processing.,2025-05-25 18:44:25
NOTE-0001880,CL-0004144,2026-05-02 09:05:25,Adjuster_30,Payment Processing,Claim denied per policy exclusion for pre-existing damage. Evidence shows damage predates policy effective date. Denial letter sent to insured.,2025-06-11 15:59:25
NOTE-0001881,CL-0003756,2025-06-18 22:18:25,Adjuster_15,Payment Processing,Subrogation potential identified. Third party clearly at fault per police report. Opening recovery file and notifying subrogation unit.,2026-01-10 19:14:25
NOTE-0001882,CL-0002103,2025-09-23 09:52:25,Adjuster_43,Initial Assessment,Claimant attorney has sent letter of representation. All future communication must go through counsel. Updating file restrictions.,2025-08-16 16:47:25
NOTE-0001883,CL-0004082,2025-10-06 18:09:25,Adjuster_41,Investigation Update,Payment issued to claimant. Check number referenced in system. Closing file pending 30-day satisfaction period. No further action needed.,2026-03-23 10:31:25
NOTE-0001884,CL-0002900,2025-11-02 17:22:25,Adjuster_30,Payment Processing,SUSPICIOUS: Timeline of events does not align with witness statements. Damage pattern inconsistent with reported cause. Referring to SIU for further investigation.,2026-05-07 04:08:25
NOTE-0001885,CL-0001899,2025-12-02 15:10:25,Adjuster_48,Closure Summary,Repair completed and final inspection passed. Work quality is satisfactory. Releasing final payment to contractor. File ready for closure.,2026-03-13 20:57:25
NOTE-0001886,CL-0002143,2026-04-11 12:27:25,Adjuster_11,Payment Processing,Site inspection completed. Damage is consistent with reported cause of loss. Photos uploaded to file. Recommend approval for repair estimate.,2026-04-25 23:23:25
NOTE-0001887,CL-0004705,2025-06-25 10:58:25,Adjuster_40,Claimant Communication,Payment issued to claimant. Check number referenced in system. Closing file pending 30-day satisfaction period. No further action needed.,2025-11-26 07:46:25
NOTE-0001888,CL-0002841,2025-06-17 09:51:25,Adjuster_9,Investigation Update,Claim denied per policy exclusion for pre-existing damage. Evidence shows damage predates policy effective date. Denial letter sent to insured.,2025-07-07 11:53:25
NOTE-0001889,CL-0001105,2025-11-15 10:03:25,Adjuster_45,Payment Processing,Contacted claimant via phone. They confirmed the timeline of events. No inconsistencies in their account. Proceeding with standard assessment.,2025-09-21 15:27:25
NOTE-0001890,CL-0004720,2025-05-29 19:57:25,Adjuster_5,Payment Processing,Subrogation potential identified. Third party clearly at fault per police report. Opening recovery file and notifying subrogation unit.,2025-06-20 06:38:25
NOTE-0001891,CL-0000825,2026-01-23 08:47:25,Adjuster_20,Claimant Communication,Contacted claimant via phone. They confirmed the timeline of events. No inconsistencies in their account. Proceeding with standard assessment.,2025-10-14 03:13:25
NOTE-0001892,CL-0004433,2025-06-06 17:57:25,Adjuster_50,Initial Assessment,SUSPICIOUS: Timeline of events does not align with witness statements. Damage pattern inconsistent with reported cause. Referring to SIU for further investigation.,2025-11-15 00:33:25
NOTE-0001893,CL-0002515,2025-12-18 22:01:25,Adjuster_37,Claimant Communication,Site inspection completed. Damage is consistent with reported cause of loss. Photos uploaded to file. Recommend approval for repair estimate.,2025-11-07 18:29:25
NOTE-0001894,CL-0000216,2025-10-31 06:31:25,Adjuster_4,Investigation Update,Contacted claimant via phone. They confirmed the timeline of events. No inconsistencies in their account. Proceeding with standard assessment.,2025-09-24 01:03:25
NOTE-0001895,CL-0004520,2025-08-15 05:58:25,Adjuster_15,Closure Summary,Claimant is frustrated with processing time. Escalated to supervisor. Need to expedite review and provide status update within 24 hours.,2025-06-14 11:05:25
NOTE-0001896,CL-0004469,2025-08-21 00:44:25,Adjuster_46,Claimant Communication,Workers comp claim validated. Employee was performing regular duties when injury occurred. Employer confirms no safety violations. Approving benefits.,2025-10-06 21:12:25
NOTE-0001897,CL-0001375,2025-09-26 14:23:25,Adjuster_31,Payment Processing,Medical records received from treating physician. Injuries consistent with described accident. IME may not be necessary for this severity level.,2025-11-20 10:21:25
NOTE-0001898,CL-0001187,2026-05-09 03:21:25,Adjuster_37,Initial Assessment,SUSPICIOUS: Timeline of events does not align with witness statements. Damage pattern inconsistent with reported cause. Referring to SIU for further investigation.,2025-09-19 13:18:25
NOTE-0001899,CL-0000768,2026-02-04 12:56:25,Adjuster_28,Payment Processing,Payment issued to claimant. Check number referenced in system. Closing file pending 30-day satisfaction period. No further action needed.,2026-01-08 14:08:25
NOTE-0001900,CL-0001671,2025-07-07 22:09:25,Adjuster_49,Initial Assessment,Site inspection completed. Damage is consistent with reported cause of loss. Photos uploaded to file. Recommend approval for repair estimate.,2026-01-25 11:16:25
NOTE-0001901,CL-0000722,2026-05-05 21:53:25,Adjuster_28,Payment Processing,Claimant is frustrated with processing time. Escalated to supervisor. Need to expedite review and provide status update within 24 hours.,2025-12-05 22:11:25
NOTE-0001902,CL-0002180,2025-06-11 21:08:25,Adjuster_33,Payment Processing,Claimant attorney has sent letter of representation. All future communication must go through counsel. Updating file restrictions.,2025-12-19 13:21:25
NOTE-0001903,CL-0000019,2026-05-05 10:28:25,Adjuster_7,Claimant Communication,Site inspection completed. Damage is consistent with reported cause of loss. Photos uploaded to file. Recommend approval for repair estimate.,2025-11-07 19:26:25
NOTE-0001904,CL-0003204,2026-01-25 13:17:25,Adjuster_9,Payment Processing,Police report obtained. Details match claimant statement. No evidence of prior damage or fraud indicators. Proceeding with normal processing.,2025-07-03 11:16:25
NOTE-0001905,CL-0003948,2026-01-05 05:42:25,Adjuster_15,Claimant Communication,Multiple claims from same location within 6 months. Pattern suggests possible fraud. Flagging for SIU review before further processing.,2025-09-03 00:44:25
NOTE-0001906,CL-0002598,2025-10-02 05:09:25,Adjuster_3,Investigation Update,Medical records received from treating physician. Injuries consistent with described accident. IME may not be necessary for this severity level.,2026-02-21 00:48:25
NOTE-0001907,CL-0000173,2026-03-02 13:39:25,Adjuster_5,Claimant Communication,Repair completed and final inspection passed. Work quality is satisfactory. Releasing final payment to contractor. File ready for closure.,2025-12-31 10:52:25
NOTE-0001908,CL-0004707,2025-10-31 07:56:25,Adjuster_27,Payment Processing,Repair completed and final inspection passed. Work quality is satisfactory. Releasing final payment to contractor. File ready for closure.,2025-06-14 08:55:25
NOTE-0001909,CL-0003320,2025-08-24 16:48:25,Adjuster_49,Claimant Communication,Repair completed and final inspection passed. Work quality is satisfactory. Releasing final payment to contractor. File ready for closure.,2025-07-11 08:24:25
NOTE-0001910,CL-0000899,2025-07-27 12:22:25,Adjuster_34,Closure Summary,Subrogation potential identified. Third party clearly at fault per police report. Opening recovery file and notifying subrogation unit.,2025-12-17 11:50:25
NOTE-0001911,CL-0003324,2025-05-25 21:28:25,Adjuster_27,Investigation Update,Claimant is frustrated with processing time. Escalated to supervisor. Need to expedite review and provide status update within 24 hours.,2025-09-05 02:46:25
NOTE-0001912,CL-0000644,2025-08-21 04:33:25,Adjuster_33,Closure Summary,Site inspection completed. Damage is consistent with reported cause of loss. Photos uploaded to file. Recommend approval for repair estimate.,2025-06-18 05:41:25
NOTE-0001913,CL-0000590,2025-12-18 13:30:25,Adjuster_23,Initial Assessment,Claim denied per policy exclusion for pre-existing damage. Evidence shows damage predates policy effective date. Denial letter sent to insured.,2026-03-01 10:28:25
NOTE-0001914,CL-0001021,2025-05-26 18:12:25,Adjuster_10,Payment Processing,Site inspection completed. Damage is consistent with reported cause of loss. Photos uploaded to file. Recommend approval for repair estimate.,2025-06-09 01:59:25
NOTE-0001915,CL-0001287,2025-10-02 12:36:25,Adjuster_4,Claimant Communication,Police report obtained. Details match claimant statement. No evidence of prior damage or fraud indicators. Proceeding with normal processing.,2025-08-07 11:46:25
NOTE-0001916,CL-0000045,2026-04-30 20:16:25,Adjuster_48,Closure Summary,Payment issued to claimant. Check number referenced in system. Closing file pending 30-day satisfaction period. No further action needed.,2025-12-08 03:55:25
NOTE-0001917,CL-0000572,2026-05-24 23:26:25,Adjuster_8,Initial Assessment,Contacted claimant via phone. They confirmed the timeline of events. No inconsistencies in their account. Proceeding with standard assessment.,2025-10-09 03:16:25
NOTE-0001918,CL-0003225,2025-11-05 19:28:25,Adjuster_15,Claimant Communication,SUSPICIOUS: Timeline of events does not align with witness statements. Damage pattern inconsistent with reported cause. Referring to SIU for further investigation.,2025-08-20 02:55:25
NOTE-0001919,CL-0000360,2026-02-24 09:12:25,Adjuster_17,Closure Summary,Contacted claimant via phone. They confirmed the timeline of events. No inconsistencies in their account. Proceeding with standard assessment.,2025-07-19 17:47:25
NOTE-0001920,CL-0002462,2026-01-17 07:11:25,Adjuster_12,Investigation Update,Site inspection completed. Damage is consistent with reported cause of loss. Photos uploaded to file. Recommend approval for repair estimate.,2025-12-06 16:43:25
NOTE-0001921,CL-0000760,2025-12-30 00:32:25,Adjuster_22,Initial Assessment,Multiple claims from same location within 6 months. Pattern suggests possible fraud. Flagging for SIU review before further processing.,2025-11-27 14:31:25
NOTE-0001922,CL-0004148,2026-01-16 10:31:25,Adjuster_47,Payment Processing,Contacted claimant via phone. They confirmed the timeline of events. No inconsistencies in their account. Proceeding with standard assessment.,2025-08-19 11:40:25
NOTE-0001923,CL-0000894,2026-02-22 19:07:25,Adjuster_48,Claimant Communication,Payment issued to claimant. Check number referenced in system. Closing file pending 30-day satisfaction period. No further action needed.,2026-05-15 00:17:25
NOTE-0001924,CL-0001193,2025-07-21 00:50:25,Adjuster_26,Payment Processing,Claim denied per policy exclusion for pre-existing damage. Evidence shows damage predates policy effective date. Denial letter sent to insured.,2025-06-11 13:50:25
NOTE-0001925,CL-0001233,2026-04-05 03:02:25,Adjuster_24,Initial Assessment,Police report obtained. Details match claimant statement. No evidence of prior damage or fraud indicators. Proceeding with normal processing.,2025-11-04 13:17:25
NOTE-0001926,CL-0001651,2025-09-02 09:02:25,Adjuster_29,Payment Processing,"Weather data confirms severe storm in area on date of loss. NOAA records show wind gusts exceeding 70mph. Claim is weather-related, approved.",2026-01-05 13:45:25
NOTE-0001927,CL-0002576,2025-10-04 11:52:25,Adjuster_12,Closure Summary,Claim denied per policy exclusion for pre-existing damage. Evidence shows damage predates policy effective date. Denial letter sent to insured.,2025-12-19 12:17:25
NOTE-0001928,CL-0003209,2025-11-18 00:40:25,Adjuster_9,Payment Processing,Claimant is frustrated with processing time. Escalated to supervisor. Need to expedite review and provide status update within 24 hours.,2026-01-16 11:31:25
NOTE-0001929,CL-0000032,2025-06-24 19:28:25,Adjuster_19,Payment Processing,Subrogation potential identified. Third party clearly at fault per police report. Opening recovery file and notifying subrogation unit.,2025-07-13 19:16:25
NOTE-0001930,CL-0001131,2026-02-12 17:51:25,Adjuster_47,Initial Assessment,Workers comp claim validated. Employee was performing regular duties when injury occurred. Employer confirms no safety violations. Approving benefits.,2026-01-12 23:07:25
NOTE-0001931,CL-0003777,2026-01-21 11:14:25,Adjuster_32,Investigation Update,"Weather data confirms severe storm in area on date of loss. NOAA records show wind gusts exceeding 70mph. Claim is weather-related, approved.",2026-01-06 05:24:25
NOTE-0001932,CL-0000601,2026-02-03 14:39:25,Adjuster_42,Initial Assessment,Claimant is frustrated with processing time. Escalated to supervisor. Need to expedite review and provide status update within 24 hours.,2025-10-10 14:02:25
NOTE-0001933,CL-0003510,2026-03-24 18:29:25,Adjuster_39,Claimant Communication,Claim denied per policy exclusion for pre-existing damage. Evidence shows damage predates policy effective date. Denial letter sent to insured.,2026-04-10 00:34:25
NOTE-0001934,CL-0003737,2025-07-12 15:17:25,Adjuster_1,Closure Summary,Reviewed contractor estimate. Amount seems reasonable for scope of work. Approving payment minus deductible. Will notify policyholder.,2025-12-28 13:39:25
NOTE-0001935,CL-0000988,2025-06-25 01:07:25,Adjuster_1,Payment Processing,Workers comp claim validated. Employee was performing regular duties when injury occurred. Employer confirms no safety violations. Approving benefits.,2026-02-24 15:41:25
NOTE-0001936,CL-0002774,2026-02-06 21:14:25,Adjuster_45,Payment Processing,Subrogation potential identified. Third party clearly at fault per police report. Opening recovery file and notifying subrogation unit.,2026-03-05 21:35:25
NOTE-0001937,CL-0002840,2026-03-23 10:54:25,Adjuster_41,Initial Assessment,Claim denied per policy exclusion for pre-existing damage. Evidence shows damage predates policy effective date. Denial letter sent to insured.,2026-03-08 06:40:25
NOTE-0001938,CL-0004104,2026-04-25 03:48:25,Adjuster_50,Initial Assessment,Multiple claims from same location within 6 months. Pattern suggests possible fraud. Flagging for SIU review before further processing.,2025-09-23 16:20:25
NOTE-0001939,CL-0003172,2025-06-01 06:48:25,Adjuster_19,Closure Summary,"Weather data confirms severe storm in area on date of loss. NOAA records show wind gusts exceeding 70mph. Claim is weather-related, approved.",2026-05-22 19:41:25
NOTE-0001940,CL-0004974,2025-09-18 09:09:25,Adjuster_39,Closure Summary,Contacted claimant via phone. They confirmed the timeline of events. No inconsistencies in their account. Proceeding with standard assessment.,2025-10-19 14:33:25
NOTE-0001941,CL-0003116,2025-12-09 04:21:25,Adjuster_4,Payment Processing,Repair completed and final inspection passed. Work quality is satisfactory. Releasing final payment to contractor. File ready for closure.,2025-09-26 21:24:25
NOTE-0001942,CL-0000011,2025-12-27 21:56:25,Adjuster_20,Claimant Communication,"Weather data confirms severe storm in area on date of loss. NOAA records show wind gusts exceeding 70mph. Claim is weather-related, approved.",2025-10-14 04:04:25
NOTE-0001943,CL-0001099,2025-06-11 17:58:25,Adjuster_7,Initial Assessment,Medical records received from treating physician. Injuries consistent with described accident. IME may not be necessary for this severity level.,2026-01-05 01:49:25
NOTE-0001944,CL-0000944,2026-04-02 01:33:25,Adjuster_39,Initial Assessment,Contacted claimant via phone. They confirmed the timeline of events. No inconsistencies in their account. Proceeding with standard assessment.,2025-11-02 19:09:25
NOTE-0001945,CL-0001561,2025-11-07 13:13:25,Adjuster_46,Claimant Communication,Repair completed and final inspection passed. Work quality is satisfactory. Releasing final payment to contractor. File ready for closure.,2026-04-19 05:45:25
NOTE-0001946,CL-0003460,2025-11-21 18:03:25,Adjuster_22,Claimant Communication,Workers comp claim validated. Employee was performing regular duties when injury occurred. Employer confirms no safety violations. Approving benefits.,2025-12-09 09:20:25
NOTE-0001947,CL-0004549,2026-05-05 04:42:25,Adjuster_27,Investigation Update,Police report obtained. Details match claimant statement. No evidence of prior damage or fraud indicators. Proceeding with normal processing.,2026-01-04 21:33:25
NOTE-0001948,CL-0004601,2025-06-05 00:52:25,Adjuster_12,Closure Summary,Claim denied per policy exclusion for pre-existing damage. Evidence shows damage predates policy effective date. Denial letter sent to insured.,2026-03-30 03:59:25
NOTE-0001949,CL-0001383,2026-04-23 20:40:25,Adjuster_19,Initial Assessment,"Weather data confirms severe storm in area on date of loss. NOAA records show wind gusts exceeding 70mph. Claim is weather-related, approved.",2025-07-27 04:30:25
NOTE-0001950,CL-0001107,2025-10-04 10:19:25,Adjuster_28,Closure Summary,Workers comp claim validated. Employee was performing regular duties when injury occurred. Employer confirms no safety violations. Approving benefits.,2026-02-08 21:23:25
NOTE-0001951,CL-0003837,2025-09-15 21:03:25,Adjuster_33,Investigation Update,Contacted claimant via phone. They confirmed the timeline of events. No inconsistencies in their account. Proceeding with standard assessment.,2026-05-06 10:22:25
NOTE-0001952,CL-0003112,2026-01-28 15:33:25,Adjuster_16,Initial Assessment,Contacted claimant via phone. They confirmed the timeline of events. No inconsistencies in their account. Proceeding with standard assessment.,2026-04-20 08:24:25
NOTE-0001953,CL-0004456,2025-12-10 19:56:25,Adjuster_11,Payment Processing,Police report obtained. Details match claimant statement. No evidence of prior damage or fraud indicators. Proceeding with normal processing.,2025-06-26 02:35:25
NOTE-0001954,CL-0000707,2025-09-20 07:17:25,Adjuster_17,Payment Processing,Contacted claimant via phone. They confirmed the timeline of events. No inconsistencies in their account. Proceeding with standard assessment.,2026-04-11 05:27:25
NOTE-0001955,CL-0000490,2026-04-28 21:50:25,Adjuster_11,Payment Processing,Reviewed contractor estimate. Amount seems reasonable for scope of work. Approving payment minus deductible. Will notify policyholder.,2026-04-23 08:33:25
NOTE-0001956,CL-0002590,2026-03-25 15:04:25,Adjuster_13,Investigation Update,Medical records received from treating physician. Injuries consistent with described accident. IME may not be necessary for this severity level.,2026-01-18 18:23:25
NOTE-0001957,CL-0004857,2025-12-31 11:01:25,Adjuster_30,Closure Summary,Police report obtained. Details match claimant statement. No evidence of prior damage or fraud indicators. Proceeding with normal processing.,2025-12-08 05:32:25
NOTE-0001958,CL-0000882,2025-11-22 18:27:25,Adjuster_8,Payment Processing,Repair completed and final inspection passed. Work quality is satisfactory. Releasing final payment to contractor. File ready for closure.,2025-11-02 07:26:25
NOTE-0001959,CL-0001043,2025-10-14 20:06:25,Adjuster_19,Initial Assessment,Claimant attorney has sent letter of representation. All future communication must go through counsel. Updating file restrictions.,2025-07-20 01:24:25
NOTE-0001960,CL-0000988,2025-11-30 11:07:25,Adjuster_1,Payment Processing,Claimant attorney has sent letter of representation. All future communication must go through counsel. Updating file restrictions.,2026-01-13 16:49:25
NOTE-0001961,CL-0003114,2026-03-29 13:25:25,Adjuster_5,Initial Assessment,Workers comp claim validated. Employee was performing regular duties when injury occurred. Employer confirms no safety violations. Approving benefits.,2026-01-09 08:58:25
NOTE-0001962,CL-0001598,2025-09-24 15:05:25,Adjuster_23,Investigation Update,Reviewed contractor estimate. Amount seems reasonable for scope of work. Approving payment minus deductible. Will notify policyholder.,2025-11-13 05:17:25
NOTE-0001963,CL-0003869,2025-12-05 04:00:25,Adjuster_26,Claimant Communication,Workers comp claim validated. Employee was performing regular duties when injury occurred. Employer confirms no safety violations. Approving benefits.,2025-06-25 08:06:25
NOTE-0001964,CL-0003832,2026-02-01 22:10:25,Adjuster_42,Closure Summary,Claimant attorney has sent letter of representation. All future communication must go through counsel. Updating file restrictions.,2025-09-28 16:58:25
NOTE-0001965,CL-0004327,2026-04-06 09:08:25,Adjuster_23,Payment Processing,Claimant attorney has sent letter of representation. All future communication must go through counsel. Updating file restrictions.,2026-02-24 21:10:25
NOTE-0001966,CL-0003327,2026-05-11 11:26:25,Adjuster_8,Initial Assessment,Claimant is frustrated with processing time. Escalated to supervisor. Need to expedite review and provide status update within 24 hours.,2025-10-07 07:39:25
NOTE-0001967,CL-0001334,2025-05-28 09:13:25,Adjuster_26,Payment Processing,Claim denied per policy exclusion for pre-existing damage. Evidence shows damage predates policy effective date. Denial letter sent to insured.,2026-05-03 20:05:25
NOTE-0001968,CL-0001454,2026-03-09 07:47:25,Adjuster_19,Closure Summary,Claimant is frustrated with processing time. Escalated to supervisor. Need to expedite review and provide status update within 24 hours.,2025-05-28 08:34:25
NOTE-0001969,CL-0003157,2025-08-09 14:34:25,Adjuster_48,Claimant Communication,Multiple claims from same location within 6 months. Pattern suggests possible fraud. Flagging for SIU review before further processing.,2025-11-04 05:11:25
NOTE-0001970,CL-0004118,2025-06-13 06:56:25,Adjuster_41,Closure Summary,Medical records received from treating physician. Injuries consistent with described accident. IME may not be necessary for this severity level.,2025-11-27 12:42:25
NOTE-0001971,CL-0000244,2025-08-02 22:04:25,Adjuster_39,Initial Assessment,Claimant is frustrated with processing time. Escalated to supervisor. Need to expedite review and provide status update within 24 hours.,2025-12-24 01:07:25
NOTE-0001972,CL-0001671,2025-10-19 18:18:25,Adjuster_21,Investigation Update,Workers comp claim validated. Employee was performing regular duties when injury occurred. Employer confirms no safety violations. Approving benefits.,2026-04-08 08:14:25
NOTE-0001973,CL-0000865,2025-07-02 17:03:25,Adjuster_6,Investigation Update,Contacted claimant via phone. They confirmed the timeline of events. No inconsistencies in their account. Proceeding with standard assessment.,2025-09-04 00:57:25
NOTE-0001974,CL-0004802,2025-06-01 17:57:25,Adjuster_11,Closure Summary,Workers comp claim validated. Employee was performing regular duties when injury occurred. Employer confirms no safety violations. Approving benefits.,2025-09-28 17:32:25
NOTE-0001975,CL-0004450,2025-09-18 18:12:25,Adjuster_34,Payment Processing,Contacted claimant via phone. They confirmed the timeline of events. No inconsistencies in their account. Proceeding with standard assessment.,2025-10-01 06:12:25
NOTE-0001976,CL-0002936,2025-07-04 08:24:25,Adjuster_1,Claimant Communication,SUSPICIOUS: Timeline of events does not align with witness statements. Damage pattern inconsistent with reported cause. Referring to SIU for further investigation.,2026-02-28 08:50:25
NOTE-0001977,CL-0002864,2025-06-19 14:42:25,Adjuster_26,Claimant Communication,Workers comp claim validated. Employee was performing regular duties when injury occurred. Employer confirms no safety violations. Approving benefits.,2025-10-13 23:11:25
NOTE-0001978,CL-0003898,2026-01-31 11:16:25,Adjuster_28,Payment Processing,Claimant is frustrated with processing time. Escalated to supervisor. Need to expedite review and provide status update within 24 hours.,2025-11-18 07:20:25
NOTE-0001979,CL-0002650,2025-11-25 15:00:25,Adjuster_50,Payment Processing,SUSPICIOUS: Timeline of events does not align with witness statements. Damage pattern inconsistent with reported cause. Referring to SIU for further investigation.,2025-11-07 23:32:25
NOTE-0001980,CL-0002741,2025-08-16 22:53:25,Adjuster_17,Payment Processing,Medical records received from treating physician. Injuries consistent with described accident. IME may not be necessary for this severity level.,2025-11-28 04:45:25
NOTE-0001981,CL-0001374,2025-11-18 08:47:25,Adjuster_24,Initial Assessment,Police report obtained. Details match claimant statement. No evidence of prior damage or fraud indicators. Proceeding with normal processing.,2026-05-14 02:34:25
NOTE-0001982,CL-0004933,2025-07-03 14:25:25,Adjuster_44,Claimant Communication,Contacted claimant via phone. They confirmed the timeline of events. No inconsistencies in their account. Proceeding with standard assessment.,2026-01-26 20:26:25
NOTE-0001983,CL-0003614,2025-12-30 23:05:25,Adjuster_48,Initial Assessment,Medical records received from treating physician. Injuries consistent with described accident. IME may not be necessary for this severity level.,2026-05-21 07:37:25
NOTE-0001984,CL-0002928,2025-09-30 22:52:25,Adjuster_43,Payment Processing,"Weather data confirms severe storm in area on date of loss. NOAA records show wind gusts exceeding 70mph. Claim is weather-related, approved.",2025-09-17 01:34:25
NOTE-0001985,CL-0004564,2025-12-17 02:40:25,Adjuster_21,Closure Summary,Subrogation potential identified. Third party clearly at fault per police report. Opening recovery file and notifying subrogation unit.,2026-05-05 02:40:25
NOTE-0001986,CL-0003693,2026-01-09 23:45:25,Adjuster_9,Claimant Communication,Repair completed and final inspection passed. Work quality is satisfactory. Releasing final payment to contractor. File ready for closure.,2025-09-23 00:28:25
NOTE-0001987,CL-0004319,2025-11-06 00:17:25,Adjuster_11,Investigation Update,Claimant attorney has sent letter of representation. All future communication must go through counsel. Updating file restrictions.,2025-09-23 06:32:25
NOTE-0001988,CL-0001529,2026-04-15 19:38:25,Adjuster_12,Investigation Update,"Weather data confirms severe storm in area on date of loss. NOAA records show wind gusts exceeding 70mph. Claim is weather-related, approved.",2026-03-02 22:45:25
NOTE-0001989,CL-0002910,2026-02-12 21:08:25,Adjuster_13,Investigation Update,Subrogation potential identified. Third party clearly at fault per police report. Opening recovery file and notifying subrogation unit.,2025-07-01 21:26:25
NOTE-0001990,CL-0001517,2026-02-15 03:19:25,Adjuster_20,Closure Summary,Police report obtained. Details match claimant statement. No evidence of prior damage or fraud indicators. Proceeding with normal processing.,2026-01-20 20:34:25
NOTE-0001991,CL-0004745,2025-11-05 20:45:25,Adjuster_14,Payment Processing,Claimant attorney has sent letter of representation. All future communication must go through counsel. Updating file restrictions.,2026-03-06 07:03:25
NOTE-0001992,CL-0000364,2026-05-08 06:37:25,Adjuster_33,Payment Processing,SUSPICIOUS: Timeline of events does not align with witness statements. Damage pattern inconsistent with reported cause. Referring to SIU for further investigation.,2025-11-16 17:08:25
NOTE-0001993,CL-0004291,2025-07-01 12:53:25,Adjuster_42,Payment Processing,Repair completed and final inspection passed. Work quality is satisfactory. Releasing final payment to contractor. File ready for closure.,2026-01-05 06:40:25
NOTE-0001994,CL-0002110,2025-09-11 09:21:25,Adjuster_27,Investigation Update,Claim denied per policy exclusion for pre-existing damage. Evidence shows damage predates policy effective date. Denial letter sent to insured.,2025-09-12 23:58:25
NOTE-0001995,CL-0003751,2025-09-03 23:54:25,Adjuster_45,Payment Processing,Claimant attorney has sent letter of representation. All future communication must go through counsel. Updating file restrictions.,2025-09-02 23:44:25
NOTE-0001996,CL-0001504,2025-07-03 13:36:25,Adjuster_9,Claimant Communication,Reviewed contractor estimate. Amount seems reasonable for scope of work. Approving payment minus deductible. Will notify policyholder.,2025-09-19 00:58:25
NOTE-0001997,CL-0002984,2025-09-29 10:43:25,Adjuster_17,Closure Summary,Payment issued to claimant. Check number referenced in system. Closing file pending 30-day satisfaction period. No further action needed.,2025-11-10 04:07:25
NOTE-0001998,CL-0004248,2025-06-16 15:40:25,Adjuster_22,Payment Processing,Medical records received from treating physician. Injuries consistent with described accident. IME may not be necessary for this severity level.,2026-03-22 06:36:25
NOTE-0001999,CL-0003107,2025-07-02 04:13:25,Adjuster_14,Initial Assessment,Payment issued to claimant. Check number referenced in system. Closing file pending 30-day satisfaction period. No further action needed.,2026-03-18 05:35:25
NOTE-0002000,CL-0004952,2025-05-30 08:40:25,Adjuster_41,Investigation Update,Police report obtained. Details match claimant statement. No evidence of prior damage or fraud indicators. Proceeding with normal processing.,2026-01-28 08:18:25
NOTE-0002001,CL-0001991,2025-08-31 06:28:25,Adjuster_17,Closure Summary,Repair completed and final inspection passed. Work quality is satisfactory. Releasing final payment to contractor. File ready for closure.,2025-07-31 23:29:25
NOTE-0002002,CL-0002650,2026-02-26 16:49:25,Adjuster_9,Investigation Update,Claim denied per policy exclusion for pre-existing damage. Evidence shows damage predates policy effective date. Denial letter sent to insured.,2025-09-26 16:59:25
NOTE-0002003,CL-0003728,2025-11-16 15:31:25,Adjuster_14,Investigation Update,Payment issued to claimant. Check number referenced in system. Closing file pending 30-day satisfaction period. No further action needed.,2026-02-14 01:07:25
NOTE-0002004,CL-0004134,2025-06-10 03:43:25,Adjuster_4,Investigation Update,Medical records received from treating physician. Injuries consistent with described accident. IME may not be necessary for this severity level.,2025-06-09 21:39:25
NOTE-0002005,CL-0003607,2026-04-22 02:20:25,Adjuster_36,Payment Processing,Claimant is frustrated with processing time. Escalated to supervisor. Need to expedite review and provide status update within 24 hours.,2025-07-20 03:57:25
NOTE-0002006,CL-0003558,2025-11-01 17:41:25,Adjuster_13,Initial Assessment,Site inspection completed. Damage is consistent with reported cause of loss. Photos uploaded to file. Recommend approval for repair estimate.,2026-03-30 08:05:25
NOTE-0002007,CL-0000294,2026-01-24 09:58:25,Adjuster_5,Investigation Update,Police report obtained. Details match claimant statement. No evidence of prior damage or fraud indicators. Proceeding with normal processing.,2025-10-28 00:56:25
NOTE-0002008,CL-0001063,2025-12-27 12:20:25,Adjuster_29,Initial Assessment,"Weather data confirms severe storm in area on date of loss. NOAA records show wind gusts exceeding 70mph. Claim is weather-related, approved.",2025-09-25 05:14:25
NOTE-0002009,CL-0003825,2026-03-06 07:16:25,Adjuster_31,Initial Assessment,Reviewed contractor estimate. Amount seems reasonable for scope of work. Approving payment minus deductible. Will notify policyholder.,2025-07-14 06:15:25
NOTE-0002010,CL-0001453,2025-10-11 22:35:25,Adjuster_5,Initial Assessment,"Weather data confirms severe storm in area on date of loss. NOAA records show wind gusts exceeding 70mph. Claim is weather-related, approved.",2025-06-22 20:29:25
NOTE-0002011,CL-0001939,2025-05-25 12:47:25,Adjuster_5,Investigation Update,Repair completed and final inspection passed. Work quality is satisfactory. Releasing final payment to contractor. File ready for closure.,2025-12-15 08:32:25
NOTE-0002012,CL-0003138,2026-05-05 09:26:25,Adjuster_4,Investigation Update,Multiple claims from same location within 6 months. Pattern suggests possible fraud. Flagging for SIU review before further processing.,2025-08-17 03:28:25
NOTE-0002013,CL-0003006,2025-09-02 13:05:25,Adjuster_12,Investigation Update,Claimant attorney has sent letter of representation. All future communication must go through counsel. Updating file restrictions.,2026-05-20 21:37:25
NOTE-0002014,CL-0001742,2026-02-07 05:05:25,Adjuster_34,Payment Processing,Payment issued to claimant. Check number referenced in system. Closing file pending 30-day satisfaction period. No further action needed.,2026-05-24 09:32:25
NOTE-0002015,CL-0000055,2026-02-20 15:44:25,Adjuster_20,Claimant Communication,Payment issued to claimant. Check number referenced in system. Closing file pending 30-day satisfaction period. No further action needed.,2026-03-20 16:55:25
NOTE-0002016,CL-0004715,2026-02-28 21:17:25,Adjuster_39,Claimant Communication,SUSPICIOUS: Timeline of events does not align with witness statements. Damage pattern inconsistent with reported cause. Referring to SIU for further investigation.,2026-04-18 05:37:25
NOTE-0002017,CL-0000297,2025-08-13 23:44:25,Adjuster_7,Closure Summary,Claimant attorney has sent letter of representation. All future communication must go through counsel. Updating file restrictions.,2026-01-20 14:01:25
NOTE-0002018,CL-0000634,2026-01-15 18:44:25,Adjuster_39,Claimant Communication,Contacted claimant via phone. They confirmed the timeline of events. No inconsistencies in their account. Proceeding with standard assessment.,2026-03-10 09:25:25
NOTE-0002019,CL-0001990,2025-09-07 09:34:25,Adjuster_13,Claimant Communication,Claim denied per policy exclusion for pre-existing damage. Evidence shows damage predates policy effective date. Denial letter sent to insured.,2025-06-02 11:46:25
NOTE-0002020,CL-0003693,2025-09-02 11:17:25,Adjuster_24,Initial Assessment,Payment issued to claimant. Check number referenced in system. Closing file pending 30-day satisfaction period. No further action needed.,2025-07-07 23:49:25
NOTE-0002021,CL-0000564,2025-09-22 18:47:25,Adjuster_33,Payment Processing,Claim denied per policy exclusion for pre-existing damage. Evidence shows damage predates policy effective date. Denial letter sent to insured.,2025-07-28 16:54:25
NOTE-0002022,CL-0002844,2026-05-14 08:24:25,Adjuster_3,Initial Assessment,Claimant attorney has sent letter of representation. All future communication must go through counsel. Updating file restrictions.,2025-06-01 20:51:25
NOTE-0002023,CL-0000597,2025-09-01 08:50:25,Adjuster_47,Closure Summary,Claimant is frustrated with processing time. Escalated to supervisor. Need to expedite review and provide status update within 24 hours.,2025-09-05 20:18:25
NOTE-0002024,CL-0002160,2025-09-03 23:56:25,Adjuster_48,Payment Processing,Workers comp claim validated. Employee was performing regular duties when injury occurred. Employer confirms no safety violations. Approving benefits.,2025-10-03 19:26:25
NOTE-0002025,CL-0001414,2025-06-27 16:02:25,Adjuster_29,Initial Assessment,Medical records received from treating physician. Injuries consistent with described accident. IME may not be necessary for this severity level.,2025-11-21 03:19:25
NOTE-0002026,CL-0000666,2025-10-05 22:26:25,Adjuster_46,Claimant Communication,Workers comp claim validated. Employee was performing regular duties when injury occurred. Employer confirms no safety violations. Approving benefits.,2025-09-12 02:31:25
NOTE-0002027,CL-0002549,2025-06-07 15:03:25,Adjuster_16,Claimant Communication,Medical records received from treating physician. Injuries consistent with described accident. IME may not be necessary for this severity level.,2025-10-24 12:29:25
NOTE-0002028,CL-0004676,2025-12-14 13:43:25,Adjuster_2,Claimant Communication,Multiple claims from same location within 6 months. Pattern suggests possible fraud. Flagging for SIU review before further processing.,2025-11-03 20:55:25
NOTE-0002029,CL-0003029,2025-09-08 16:09:25,Adjuster_43,Initial Assessment,Claimant attorney has sent letter of representation. All future communication must go through counsel. Updating file restrictions.,2025-09-25 02:43:25
NOTE-0002030,CL-0004782,2026-03-23 16:03:25,Adjuster_14,Claimant Communication,"Weather data confirms severe storm in area on date of loss. NOAA records show wind gusts exceeding 70mph. Claim is weather-related, approved.",2026-03-20 02:31:25
NOTE-0002031,CL-0003549,2025-10-29 12:38:25,Adjuster_38,Claimant Communication,Claim denied per policy exclusion for pre-existing damage. Evidence shows damage predates policy effective date. Denial letter sent to insured.,2026-04-19 01:16:25
NOTE-0002032,CL-0000286,2025-11-17 12:52:25,Adjuster_23,Initial Assessment,Claimant is frustrated with processing time. Escalated to supervisor. Need to expedite review and provide status update within 24 hours.,2025-11-16 18:17:25
NOTE-0002033,CL-0004132,2025-12-31 18:38:25,Adjuster_9,Initial Assessment,Multiple claims from same location within 6 months. Pattern suggests possible fraud. Flagging for SIU review before further processing.,2026-05-20 05:52:25
NOTE-0002034,CL-0002622,2026-04-20 07:48:25,Adjuster_37,Initial Assessment,Workers comp claim validated. Employee was performing regular duties when injury occurred. Employer confirms no safety violations. Approving benefits.,2025-07-18 16:25:25
NOTE-0002035,CL-0003297,2026-05-04 23:41:25,Adjuster_50,Payment Processing,SUSPICIOUS: Timeline of events does not align with witness statements. Damage pattern inconsistent with reported cause. Referring to SIU for further investigation.,2025-11-22 18:55:25
NOTE-0002036,CL-0000762,2025-12-16 06:09:25,Adjuster_36,Closure Summary,"Weather data confirms severe storm in area on date of loss. NOAA records show wind gusts exceeding 70mph. Claim is weather-related, approved.",2025-12-10 00:44:25
NOTE-0002037,CL-0004003,2025-07-21 04:20:25,Adjuster_31,Investigation Update,Claim denied per policy exclusion for pre-existing damage. Evidence shows damage predates policy effective date. Denial letter sent to insured.,2026-05-14 17:51:25
NOTE-0002038,CL-0003112,2026-05-13 13:12:25,Adjuster_34,Claimant Communication,Reviewed contractor estimate. Amount seems reasonable for scope of work. Approving payment minus deductible. Will notify policyholder.,2025-06-27 03:14:25
NOTE-0002039,CL-0001138,2025-07-18 14:47:25,Adjuster_10,Closure Summary,Contacted claimant via phone. They confirmed the timeline of events. No inconsistencies in their account. Proceeding with standard assessment.,2026-02-12 12:52:25
NOTE-0002040,CL-0001073,2025-06-06 07:27:25,Adjuster_23,Claimant Communication,Claimant attorney has sent letter of representation. All future communication must go through counsel. Updating file restrictions.,2025-12-14 01:07:25
NOTE-0002041,CL-0003935,2026-05-15 03:59:25,Adjuster_46,Investigation Update,"Weather data confirms severe storm in area on date of loss. NOAA records show wind gusts exceeding 70mph. Claim is weather-related, approved.",2025-05-26 04:04:25
NOTE-0002042,CL-0001650,2025-05-30 03:34:25,Adjuster_20,Investigation Update,Claimant attorney has sent letter of representation. All future communication must go through counsel. Updating file restrictions.,2025-08-01 15:20:25
NOTE-0002043,CL-0002637,2026-03-26 01:46:25,Adjuster_12,Closure Summary,Reviewed contractor estimate. Amount seems reasonable for scope of work. Approving payment minus deductible. Will notify policyholder.,2025-11-03 00:47:25
NOTE-0002044,CL-0002553,2025-05-28 15:48:25,Adjuster_49,Closure Summary,Site inspection completed. Damage is consistent with reported cause of loss. Photos uploaded to file. Recommend approval for repair estimate.,2025-10-18 05:07:25
NOTE-0002045,CL-0002051,2025-09-29 23:09:25,Adjuster_44,Closure Summary,Claimant attorney has sent letter of representation. All future communication must go through counsel. Updating file restrictions.,2026-01-20 15:37:25
NOTE-0002046,CL-0003220,2025-06-10 09:55:25,Adjuster_38,Investigation Update,Claimant attorney has sent letter of representation. All future communication must go through counsel. Updating file restrictions.,2025-12-08 12:41:25
NOTE-0002047,CL-0001665,2026-01-20 06:46:25,Adjuster_16,Claimant Communication,Medical records received from treating physician. Injuries consistent with described accident. IME may not be necessary for this severity level.,2025-07-24 20:49:25
NOTE-0002048,CL-0000715,2026-04-24 15:24:25,Adjuster_26,Closure Summary,Subrogation potential identified. Third party clearly at fault per police report. Opening recovery file and notifying subrogation unit.,2025-08-28 01:34:25
NOTE-0002049,CL-0004302,2026-01-16 20:23:25,Adjuster_39,Initial Assessment,Claim denied per policy exclusion for pre-existing damage. Evidence shows damage predates policy effective date. Denial letter sent to insured.,2025-12-01 06:26:25
NOTE-0002050,CL-0004038,2026-01-17 12:15:25,Adjuster_34,Claimant Communication,Subrogation potential identified. Third party clearly at fault per police report. Opening recovery file and notifying subrogation unit.,2026-03-31 14:44:25
NOTE-0002051,CL-0001515,2026-03-03 10:18:25,Adjuster_34,Closure Summary,Payment issued to claimant. Check number referenced in system. Closing file pending 30-day satisfaction period. No further action needed.,2026-05-06 09:16:25
NOTE-0002052,CL-0001151,2026-02-16 02:07:25,Adjuster_15,Closure Summary,Payment issued to claimant. Check number referenced in system. Closing file pending 30-day satisfaction period. No further action needed.,2025-12-03 16:58:25
NOTE-0002053,CL-0003957,2025-07-21 23:28:25,Adjuster_37,Closure Summary,Subrogation potential identified. Third party clearly at fault per police report. Opening recovery file and notifying subrogation unit.,2025-06-23 15:20:25
NOTE-0002054,CL-0001759,2025-12-04 17:24:25,Adjuster_37,Investigation Update,Claimant is frustrated with processing time. Escalated to supervisor. Need to expedite review and provide status update within 24 hours.,2026-02-21 10:05:25
NOTE-0002055,CL-0003669,2026-01-03 23:51:25,Adjuster_36,Investigation Update,"Weather data confirms severe storm in area on date of loss. NOAA records show wind gusts exceeding 70mph. Claim is weather-related, approved.",2026-03-03 18:45:25
NOTE-0002056,CL-0003233,2025-07-12 21:24:25,Adjuster_15,Initial Assessment,Repair completed and final inspection passed. Work quality is satisfactory. Releasing final payment to contractor. File ready for closure.,2026-03-09 10:16:25
NOTE-0002057,CL-0000466,2026-01-23 14:03:25,Adjuster_44,Claimant Communication,Contacted claimant via phone. They confirmed the timeline of events. No inconsistencies in their account. Proceeding with standard assessment.,2025-11-24 01:52:25
NOTE-0002058,CL-0002771,2026-04-05 05:04:25,Adjuster_17,Payment Processing,Site inspection completed. Damage is consistent with reported cause of loss. Photos uploaded to file. Recommend approval for repair estimate.,2025-06-06 03:02:25
NOTE-0002059,CL-0002110,2026-03-05 18:48:25,Adjuster_44,Initial Assessment,Site inspection completed. Damage is consistent with reported cause of loss. Photos uploaded to file. Recommend approval for repair estimate.,2026-01-14 01:31:25
NOTE-0002060,CL-0001480,2026-05-09 08:46:25,Adjuster_15,Closure Summary,Medical records received from treating physician. Injuries consistent with described accident. IME may not be necessary for this severity level.,2026-02-03 02:03:25
NOTE-0002061,CL-0001032,2025-07-01 12:11:25,Adjuster_33,Closure Summary,Site inspection completed. Damage is consistent with reported cause of loss. Photos uploaded to file. Recommend approval for repair estimate.,2025-10-28 02:32:25
NOTE-0002062,CL-0000458,2025-08-14 06:44:25,Adjuster_34,Investigation Update,SUSPICIOUS: Timeline of events does not align with witness statements. Damage pattern inconsistent with reported cause. Referring to SIU for further investigation.,2025-08-10 10:34:25
NOTE-0002063,CL-0000509,2026-01-13 16:00:25,Adjuster_18,Payment Processing,Payment issued to claimant. Check number referenced in system. Closing file pending 30-day satisfaction period. No further action needed.,2025-06-03 13:18:25
NOTE-0002064,CL-0001428,2026-03-29 07:44:25,Adjuster_7,Claimant Communication,Subrogation potential identified. Third party clearly at fault per police report. Opening recovery file and notifying subrogation unit.,2026-03-22 21:36:25
NOTE-0002065,CL-0001861,2026-03-30 15:38:25,Adjuster_28,Initial Assessment,Claimant attorney has sent letter of representation. All future communication must go through counsel. Updating file restrictions.,2026-02-15 23:10:25
NOTE-0002066,CL-0002290,2026-04-13 06:23:25,Adjuster_15,Payment Processing,SUSPICIOUS: Timeline of events does not align with witness statements. Damage pattern inconsistent with reported cause. Referring to SIU for further investigation.,2025-12-22 22:21:25
NOTE-0002067,CL-0003943,2025-11-10 21:15:25,Adjuster_32,Payment Processing,Police report obtained. Details match claimant statement. No evidence of prior damage or fraud indicators. Proceeding with normal processing.,2025-10-11 16:41:25
NOTE-0002068,CL-0001277,2025-07-07 00:32:25,Adjuster_42,Initial Assessment,Contacted claimant via phone. They confirmed the timeline of events. No inconsistencies in their account. Proceeding with standard assessment.,2025-09-02 21:53:25
NOTE-0002069,CL-0001504,2026-03-04 14:18:25,Adjuster_14,Claimant Communication,Site inspection completed. Damage is consistent with reported cause of loss. Photos uploaded to file. Recommend approval for repair estimate.,2025-11-17 02:08:25
NOTE-0002070,CL-0004208,2025-08-07 14:49:25,Adjuster_7,Investigation Update,Claim denied per policy exclusion for pre-existing damage. Evidence shows damage predates policy effective date. Denial letter sent to insured.,2026-01-15 01:02:25
NOTE-0002071,CL-0000199,2026-03-02 00:38:25,Adjuster_20,Closure Summary,Site inspection completed. Damage is consistent with reported cause of loss. Photos uploaded to file. Recommend approval for repair estimate.,2025-06-19 01:30:25
NOTE-0002072,CL-0000998,2025-12-30 06:31:25,Adjuster_17,Payment Processing,SUSPICIOUS: Timeline of events does not align with witness statements. Damage pattern inconsistent with reported cause. Referring to SIU for further investigation.,2025-07-22 12:33:25
NOTE-0002073,CL-0004967,2025-10-10 19:34:25,Adjuster_12,Claimant Communication,Claimant attorney has sent letter of representation. All future communication must go through counsel. Updating file restrictions.,2025-09-15 21:19:25
NOTE-0002074,CL-0004460,2026-03-27 03:06:25,Adjuster_48,Claimant Communication,SUSPICIOUS: Timeline of events does not align with witness statements. Damage pattern inconsistent with reported cause. Referring to SIU for further investigation.,2026-05-07 08:44:25
NOTE-0002075,CL-0001186,2025-06-18 09:36:25,Adjuster_21,Payment Processing,Contacted claimant via phone. They confirmed the timeline of events. No inconsistencies in their account. Proceeding with standard assessment.,2025-10-25 11:22:25
NOTE-0002076,CL-0000761,2025-08-10 15:02:25,Adjuster_28,Claimant Communication,Contacted claimant via phone. They confirmed the timeline of events. No inconsistencies in their account. Proceeding with standard assessment.,2025-07-17 11:54:25
NOTE-0002077,CL-0000820,2025-12-29 07:39:25,Adjuster_13,Closure Summary,Multiple claims from same location within 6 months. Pattern suggests possible fraud. Flagging for SIU review before further processing.,2026-03-30 22:43:25
NOTE-0002078,CL-0002096,2026-05-05 06:09:25,Adjuster_7,Payment Processing,Contacted claimant via phone. They confirmed the timeline of events. No inconsistencies in their account. Proceeding with standard assessment.,2026-01-29 02:52:25
NOTE-0002079,CL-0001457,2025-07-20 20:42:25,Adjuster_17,Payment Processing,Medical records received from treating physician. Injuries consistent with described accident. IME may not be necessary for this severity level.,2026-01-13 12:13:25
NOTE-0002080,CL-0002626,2025-11-17 13:47:25,Adjuster_41,Investigation Update,Claimant is frustrated with processing time. Escalated to supervisor. Need to expedite review and provide status update within 24 hours.,2025-07-12 19:19:25
NOTE-0002081,CL-0002781,2025-10-21 01:16:25,Adjuster_14,Closure Summary,Claimant is frustrated with processing time. Escalated to supervisor. Need to expedite review and provide status update within 24 hours.,2026-01-26 23:58:25
NOTE-0002082,CL-0000071,2025-12-30 19:35:25,Adjuster_13,Payment Processing,Repair completed and final inspection passed. Work quality is satisfactory. Releasing final payment to contractor. File ready for closure.,2025-07-18 19:17:25
NOTE-0002083,CL-0003793,2026-01-19 16:08:25,Adjuster_40,Closure Summary,Workers comp claim validated. Employee was performing regular duties when injury occurred. Employer confirms no safety violations. Approving benefits.,2025-12-30 12:50:25
NOTE-0002084,CL-0000966,2025-10-28 18:53:25,Adjuster_13,Claimant Communication,Multiple claims from same location within 6 months. Pattern suggests possible fraud. Flagging for SIU review before further processing.,2026-02-02 13:05:25
NOTE-0002085,CL-0001168,2025-09-11 04:05:25,Adjuster_8,Initial Assessment,Reviewed contractor estimate. Amount seems reasonable for scope of work. Approving payment minus deductible. Will notify policyholder.,2026-05-01 12:53:25
NOTE-0002086,CL-0002384,2025-12-20 15:02:25,Adjuster_26,Closure Summary,Medical records received from treating physician. Injuries consistent with described accident. IME may not be necessary for this severity level.,2026-01-23 17:58:25
NOTE-0002087,CL-0004819,2025-10-04 13:55:25,Adjuster_48,Initial Assessment,Subrogation potential identified. Third party clearly at fault per police report. Opening recovery file and notifying subrogation unit.,2025-12-22 12:16:25
NOTE-0002088,CL-0000618,2026-05-14 15:24:25,Adjuster_25,Claimant Communication,"Weather data confirms severe storm in area on date of loss. NOAA records show wind gusts exceeding 70mph. Claim is weather-related, approved.",2026-03-11 18:03:25
NOTE-0002089,CL-0003047,2025-12-20 12:04:25,Adjuster_27,Claimant Communication,Medical records received from treating physician. Injuries consistent with described accident. IME may not be necessary for this severity level.,2025-09-02 18:41:25
NOTE-0002090,CL-0001375,2026-02-28 23:23:25,Adjuster_13,Initial Assessment,Site inspection completed. Damage is consistent with reported cause of loss. Photos uploaded to file. Recommend approval for repair estimate.,2025-12-30 09:45:25
NOTE-0002091,CL-0000220,2026-02-19 19:15:25,Adjuster_7,Closure Summary,Subrogation potential identified. Third party clearly at fault per police report. Opening recovery file and notifying subrogation unit.,2025-07-03 22:47:25
NOTE-0002092,CL-0003444,2025-12-27 11:38:25,Adjuster_30,Payment Processing,Reviewed contractor estimate. Amount seems reasonable for scope of work. Approving payment minus deductible. Will notify policyholder.,2026-02-07 16:24:25
NOTE-0002093,CL-0000653,2026-04-27 11:19:25,Adjuster_14,Payment Processing,Repair completed and final inspection passed. Work quality is satisfactory. Releasing final payment to contractor. File ready for closure.,2025-11-18 06:41:25
NOTE-0002094,CL-0004551,2026-02-09 22:06:25,Adjuster_2,Initial Assessment,Police report obtained. Details match claimant statement. No evidence of prior damage or fraud indicators. Proceeding with normal processing.,2025-06-28 17:42:25
NOTE-0002095,CL-0001960,2025-08-10 13:08:25,Adjuster_2,Investigation Update,Claimant is frustrated with processing time. Escalated to supervisor. Need to expedite review and provide status update within 24 hours.,2026-01-09 07:55:25
NOTE-0002096,CL-0004390,2025-06-25 16:27:25,Adjuster_13,Investigation Update,SUSPICIOUS: Timeline of events does not align with witness statements. Damage pattern inconsistent with reported cause. Referring to SIU for further investigation.,2025-07-18 19:12:25
NOTE-0002097,CL-0003903,2025-07-30 12:09:25,Adjuster_37,Investigation Update,"Weather data confirms severe storm in area on date of loss. NOAA records show wind gusts exceeding 70mph. Claim is weather-related, approved.",2026-01-07 13:26:25
NOTE-0002098,CL-0003322,2026-03-02 04:36:25,Adjuster_31,Claimant Communication,Payment issued to claimant. Check number referenced in system. Closing file pending 30-day satisfaction period. No further action needed.,2025-09-18 03:44:25
NOTE-0002099,CL-0002511,2026-03-30 07:16:25,Adjuster_10,Initial Assessment,"Weather data confirms severe storm in area on date of loss. NOAA records show wind gusts exceeding 70mph. Claim is weather-related, approved.",2025-10-26 08:25:25
NOTE-0002100,CL-0002956,2025-09-11 20:11:25,Adjuster_11,Payment Processing,Repair completed and final inspection passed. Work quality is satisfactory. Releasing final payment to contractor. File ready for closure.,2025-06-08 05:45:25
NOTE-0002101,CL-0001758,2025-10-11 07:57:25,Adjuster_11,Payment Processing,Site inspection completed. Damage is consistent with reported cause of loss. Photos uploaded to file. Recommend approval for repair estimate.,2025-08-21 08:32:25
NOTE-0002102,CL-0002979,2026-05-08 06:21:25,Adjuster_7,Initial Assessment,Police report obtained. Details match claimant statement. No evidence of prior damage or fraud indicators. Proceeding with normal processing.,2026-04-23 00:34:25
NOTE-0002103,CL-0002158,2025-10-01 06:14:25,Adjuster_39,Initial Assessment,Repair completed and final inspection passed. Work quality is satisfactory. Releasing final payment to contractor. File ready for closure.,2025-08-06 04:23:25
NOTE-0002104,CL-0000261,2025-08-25 06:19:25,Adjuster_13,Claimant Communication,Police report obtained. Details match claimant statement. No evidence of prior damage or fraud indicators. Proceeding with normal processing.,2026-02-14 06:35:25
NOTE-0002105,CL-0002687,2025-12-27 11:39:25,Adjuster_1,Initial Assessment,Contacted claimant via phone. They confirmed the timeline of events. No inconsistencies in their account. Proceeding with standard assessment.,2025-12-26 22:56:25
NOTE-0002106,CL-0002392,2025-10-27 09:51:25,Adjuster_6,Initial Assessment,Subrogation potential identified. Third party clearly at fault per police report. Opening recovery file and notifying subrogation unit.,2025-12-02 01:43:25
NOTE-0002107,CL-0000889,2025-10-19 10:58:25,Adjuster_47,Payment Processing,Reviewed contractor estimate. Amount seems reasonable for scope of work. Approving payment minus deductible. Will notify policyholder.,2025-09-27 00:41:25
NOTE-0002108,CL-0004200,2025-10-11 12:24:25,Adjuster_6,Payment Processing,Contacted claimant via phone. They confirmed the timeline of events. No inconsistencies in their account. Proceeding with standard assessment.,2025-06-11 07:18:25
NOTE-0002109,CL-0003803,2026-02-02 18:40:25,Adjuster_49,Claimant Communication,Repair completed and final inspection passed. Work quality is satisfactory. Releasing final payment to contractor. File ready for closure.,2026-01-25 01:15:25
NOTE-0002110,CL-0003468,2025-08-06 14:01:25,Adjuster_20,Claimant Communication,Workers comp claim validated. Employee was performing regular duties when injury occurred. Employer confirms no safety violations. Approving benefits.,2026-05-26 05:28:25
NOTE-0002111,CL-0004088,2026-04-16 01:24:25,Adjuster_43,Claimant Communication,Reviewed contractor estimate. Amount seems reasonable for scope of work. Approving payment minus deductible. Will notify policyholder.,2025-11-09 13:23:25
NOTE-0002112,CL-0001360,2026-04-12 18:23:25,Adjuster_25,Payment Processing,Contacted claimant via phone. They confirmed the timeline of events. No inconsistencies in their account. Proceeding with standard assessment.,2026-02-04 16:24:25
NOTE-0002113,CL-0001296,2026-03-15 00:32:25,Adjuster_18,Investigation Update,Multiple claims from same location within 6 months. Pattern suggests possible fraud. Flagging for SIU review before further processing.,2025-07-08 17:18:25
NOTE-0002114,CL-0001066,2025-11-07 23:44:25,Adjuster_10,Payment Processing,Subrogation potential identified. Third party clearly at fault per police report. Opening recovery file and notifying subrogation unit.,2026-03-22 03:18:25
NOTE-0002115,CL-0004509,2025-12-21 15:28:25,Adjuster_31,Claimant Communication,Police report obtained. Details match claimant statement. No evidence of prior damage or fraud indicators. Proceeding with normal processing.,2025-08-02 19:37:25
NOTE-0002116,CL-0003147,2026-01-13 08:24:25,Adjuster_43,Payment Processing,Site inspection completed. Damage is consistent with reported cause of loss. Photos uploaded to file. Recommend approval for repair estimate.,2026-03-08 05:07:25
NOTE-0002117,CL-0003980,2026-03-06 22:31:25,Adjuster_2,Closure Summary,Workers comp claim validated. Employee was performing regular duties when injury occurred. Employer confirms no safety violations. Approving benefits.,2025-12-31 23:55:25
NOTE-0002118,CL-0004481,2025-06-18 03:58:25,Adjuster_1,Payment Processing,"Weather data confirms severe storm in area on date of loss. NOAA records show wind gusts exceeding 70mph. Claim is weather-related, approved.",2025-12-25 04:41:25
NOTE-0002119,CL-0003069,2026-03-04 20:09:25,Adjuster_48,Claimant Communication,"Weather data confirms severe storm in area on date of loss. NOAA records show wind gusts exceeding 70mph. Claim is weather-related, approved.",2025-08-29 11:23:25
NOTE-0002120,CL-0000142,2025-06-09 04:14:25,Adjuster_26,Initial Assessment,Claimant is frustrated with processing time. Escalated to supervisor. Need to expedite review and provide status update within 24 hours.,2026-04-21 18:09:25
NOTE-0002121,CL-0001580,2026-03-06 21:56:25,Adjuster_27,Initial Assessment,Site inspection completed. Damage is consistent with reported cause of loss. Photos uploaded to file. Recommend approval for repair estimate.,2025-07-14 18:10:25
NOTE-0002122,CL-0004405,2026-05-03 18:35:25,Adjuster_5,Payment Processing,Medical records received from treating physician. Injuries consistent with described accident. IME may not be necessary for this severity level.,2025-08-31 22:27:25
NOTE-0002123,CL-0003947,2025-06-12 22:15:25,Adjuster_29,Payment Processing,Claim denied per policy exclusion for pre-existing damage. Evidence shows damage predates policy effective date. Denial letter sent to insured.,2025-07-26 04:26:25
NOTE-0002124,CL-0001799,2025-11-21 12:14:25,Adjuster_8,Closure Summary,Reviewed contractor estimate. Amount seems reasonable for scope of work. Approving payment minus deductible. Will notify policyholder.,2026-05-01 19:10:25
NOTE-0002125,CL-0004980,2025-09-26 03:02:25,Adjuster_23,Initial Assessment,Medical records received from treating physician. Injuries consistent with described accident. IME may not be necessary for this severity level.,2026-03-02 23:33:25
NOTE-0002126,CL-0003279,2026-04-21 13:57:25,Adjuster_40,Closure Summary,Payment issued to claimant. Check number referenced in system. Closing file pending 30-day satisfaction period. No further action needed.,2025-08-06 08:39:25
NOTE-0002127,CL-0004147,2026-04-10 07:01:25,Adjuster_17,Closure Summary,Repair completed and final inspection passed. Work quality is satisfactory. Releasing final payment to contractor. File ready for closure.,2025-12-23 17:58:25
NOTE-0002128,CL-0000072,2026-01-24 14:14:25,Adjuster_42,Payment Processing,Police report obtained. Details match claimant statement. No evidence of prior damage or fraud indicators. Proceeding with normal processing.,2026-05-14 23:15:25
NOTE-0002129,CL-0001917,2025-10-22 13:37:25,Adjuster_18,Closure Summary,Payment issued to claimant. Check number referenced in system. Closing file pending 30-day satisfaction period. No further action needed.,2026-02-25 14:54:25
NOTE-0002130,CL-0000290,2026-04-15 05:06:25,Adjuster_7,Claimant Communication,"Weather data confirms severe storm in area on date of loss. NOAA records show wind gusts exceeding 70mph. Claim is weather-related, approved.",2025-09-28 12:11:25
NOTE-0002131,CL-0000965,2025-11-29 07:24:25,Adjuster_48,Closure Summary,Payment issued to claimant. Check number referenced in system. Closing file pending 30-day satisfaction period. No further action needed.,2026-02-08 02:17:25
NOTE-0002132,CL-0002103,2026-02-22 00:05:25,Adjuster_30,Closure Summary,Reviewed contractor estimate. Amount seems reasonable for scope of work. Approving payment minus deductible. Will notify policyholder.,2026-02-24 16:54:25
NOTE-0002133,CL-0003702,2025-10-02 22:03:25,Adjuster_34,Closure Summary,Multiple claims from same location within 6 months. Pattern suggests possible fraud. Flagging for SIU review before further processing.,2025-12-23 03:37:25
NOTE-0002134,CL-0004914,2026-01-18 20:28:25,Adjuster_32,Payment Processing,Subrogation potential identified. Third party clearly at fault per police report. Opening recovery file and notifying subrogation unit.,2025-09-13 02:20:25
NOTE-0002135,CL-0000525,2025-06-03 04:24:25,Adjuster_5,Claimant Communication,Claimant is frustrated with processing time. Escalated to supervisor. Need to expedite review and provide status update within 24 hours.,2026-03-22 17:47:25
NOTE-0002136,CL-0003761,2025-05-26 13:21:25,Adjuster_45,Investigation Update,Subrogation potential identified. Third party clearly at fault per police report. Opening recovery file and notifying subrogation unit.,2025-10-31 05:07:25
NOTE-0002137,CL-0002293,2025-11-27 15:21:25,Adjuster_11,Claimant Communication,Workers comp claim validated. Employee was performing regular duties when injury occurred. Employer confirms no safety violations. Approving benefits.,2026-03-22 02:40:25
NOTE-0002138,CL-0001698,2026-01-17 08:59:25,Adjuster_14,Initial Assessment,Payment issued to claimant. Check number referenced in system. Closing file pending 30-day satisfaction period. No further action needed.,2025-11-24 21:24:25
NOTE-0002139,CL-0002568,2025-08-27 11:45:25,Adjuster_35,Investigation Update,Site inspection completed. Damage is consistent with reported cause of loss. Photos uploaded to file. Recommend approval for repair estimate.,2026-02-13 10:23:25
NOTE-0002140,CL-0004772,2026-05-25 02:24:25,Adjuster_25,Investigation Update,Police report obtained. Details match claimant statement. No evidence of prior damage or fraud indicators. Proceeding with normal processing.,2025-07-06 11:10:25
NOTE-0002141,CL-0001090,2025-09-21 17:45:25,Adjuster_32,Claimant Communication,Contacted claimant via phone. They confirmed the timeline of events. No inconsistencies in their account. Proceeding with standard assessment.,2026-03-23 22:18:25
NOTE-0002142,CL-0003770,2025-07-13 01:39:25,Adjuster_23,Payment Processing,SUSPICIOUS: Timeline of events does not align with witness statements. Damage pattern inconsistent with reported cause. Referring to SIU for further investigation.,2025-11-29 11:23:25
NOTE-0002143,CL-0003224,2026-01-09 10:34:25,Adjuster_42,Payment Processing,Payment issued to claimant. Check number referenced in system. Closing file pending 30-day satisfaction period. No further action needed.,2026-04-11 07:56:25
NOTE-0002144,CL-0004098,2025-08-27 00:51:25,Adjuster_36,Claimant Communication,SUSPICIOUS: Timeline of events does not align with witness statements. Damage pattern inconsistent with reported cause. Referring to SIU for further investigation.,2025-08-12 19:20:25
NOTE-0002145,CL-0001524,2025-07-20 15:35:25,Adjuster_31,Investigation Update,Claimant attorney has sent letter of representation. All future communication must go through counsel. Updating file restrictions.,2025-07-16 23:49:25
NOTE-0002146,CL-0000237,2025-10-04 04:39:25,Adjuster_22,Closure Summary,SUSPICIOUS: Timeline of events does not align with witness statements. Damage pattern inconsistent with reported cause. Referring to SIU for further investigation.,2025-07-15 21:03:25
NOTE-0002147,CL-0000009,2025-11-29 14:06:25,Adjuster_48,Investigation Update,Police report obtained. Details match claimant statement. No evidence of prior damage or fraud indicators. Proceeding with normal processing.,2025-09-01 07:31:25
NOTE-0002148,CL-0000838,2026-01-05 13:26:25,Adjuster_40,Payment Processing,Payment issued to claimant. Check number referenced in system. Closing file pending 30-day satisfaction period. No further action needed.,2025-09-01 03:25:25
NOTE-0002149,CL-0003935,2025-06-10 19:17:25,Adjuster_3,Payment Processing,Multiple claims from same location within 6 months. Pattern suggests possible fraud. Flagging for SIU review before further processing.,2025-08-25 21:13:25
NOTE-0002150,CL-0002153,2026-03-22 17:11:25,Adjuster_45,Initial Assessment,Police report obtained. Details match claimant statement. No evidence of prior damage or fraud indicators. Proceeding with normal processing.,2025-10-19 20:39:25
NOTE-0002151,CL-0003742,2025-07-24 17:30:25,Adjuster_24,Claimant Communication,Medical records received from treating physician. Injuries consistent with described accident. IME may not be necessary for this severity level.,2025-08-19 15:21:25
NOTE-0002152,CL-0001028,2025-10-19 17:16:25,Adjuster_35,Investigation Update,SUSPICIOUS: Timeline of events does not align with witness statements. Damage pattern inconsistent with reported cause. Referring to SIU for further investigation.,2025-11-05 06:25:25
NOTE-0002153,CL-0001041,2025-08-02 06:41:25,Adjuster_10,Payment Processing,Site inspection completed. Damage is consistent with reported cause of loss. Photos uploaded to file. Recommend approval for repair estimate.,2025-10-01 05:59:25
NOTE-0002154,CL-0003598,2026-01-26 19:46:25,Adjuster_37,Initial Assessment,Claimant attorney has sent letter of representation. All future communication must go through counsel. Updating file restrictions.,2026-05-01 05:47:25
NOTE-0002155,CL-0003589,2025-09-10 03:46:25,Adjuster_9,Investigation Update,Subrogation potential identified. Third party clearly at fault per police report. Opening recovery file and notifying subrogation unit.,2026-02-16 20:00:25
NOTE-0002156,CL-0003114,2025-12-15 15:13:25,Adjuster_11,Claimant Communication,"Weather data confirms severe storm in area on date of loss. NOAA records show wind gusts exceeding 70mph. Claim is weather-related, approved.",2025-10-24 23:35:25
NOTE-0002157,CL-0002893,2025-06-30 08:37:25,Adjuster_32,Initial Assessment,Medical records received from treating physician. Injuries consistent with described accident. IME may not be necessary for this severity level.,2026-01-20 08:25:25
NOTE-0002158,CL-0003792,2025-08-05 05:56:25,Adjuster_34,Payment Processing,Contacted claimant via phone. They confirmed the timeline of events. No inconsistencies in their account. Proceeding with standard assessment.,2025-06-24 20:52:25
NOTE-0002159,CL-0002893,2026-02-15 10:14:25,Adjuster_28,Claimant Communication,Multiple claims from same location within 6 months. Pattern suggests possible fraud. Flagging for SIU review before further processing.,2025-11-26 14:13:25
NOTE-0002160,CL-0003755,2025-07-20 04:23:25,Adjuster_31,Claimant Communication,Reviewed contractor estimate. Amount seems reasonable for scope of work. Approving payment minus deductible. Will notify policyholder.,2026-01-19 05:57:25
NOTE-0002161,CL-0000700,2025-12-28 21:36:25,Adjuster_35,Payment Processing,Reviewed contractor estimate. Amount seems reasonable for scope of work. Approving payment minus deductible. Will notify policyholder.,2026-04-01 20:42:25
NOTE-0002162,CL-0004669,2026-02-20 04:51:25,Adjuster_38,Initial Assessment,Claimant is frustrated with processing time. Escalated to supervisor. Need to expedite review and provide status update within 24 hours.,2025-08-21 15:57:25
NOTE-0002163,CL-0003226,2025-12-03 21:02:25,Adjuster_44,Investigation Update,Workers comp claim validated. Employee was performing regular duties when injury occurred. Employer confirms no safety violations. Approving benefits.,2025-09-30 18:42:25
NOTE-0002164,CL-0001924,2025-06-20 11:01:25,Adjuster_3,Claimant Communication,Subrogation potential identified. Third party clearly at fault per police report. Opening recovery file and notifying subrogation unit.,2025-10-07 20:38:25
NOTE-0002165,CL-0004152,2025-10-24 11:41:25,Adjuster_27,Investigation Update,Claim denied per policy exclusion for pre-existing damage. Evidence shows damage predates policy effective date. Denial letter sent to insured.,2025-09-29 08:08:25
NOTE-0002166,CL-0004091,2025-05-31 19:12:25,Adjuster_37,Investigation Update,Subrogation potential identified. Third party clearly at fault per police report. Opening recovery file and notifying subrogation unit.,2025-11-18 01:02:25
NOTE-0002167,CL-0004303,2026-01-14 22:24:25,Adjuster_22,Investigation Update,"Weather data confirms severe storm in area on date of loss. NOAA records show wind gusts exceeding 70mph. Claim is weather-related, approved.",2026-02-10 01:10:25
NOTE-0002168,CL-0001529,2025-08-23 18:08:25,Adjuster_13,Payment Processing,Medical records received from treating physician. Injuries consistent with described accident. IME may not be necessary for this severity level.,2026-03-16 07:21:25
NOTE-0002169,CL-0003666,2025-08-01 02:03:25,Adjuster_33,Closure Summary,Medical records received from treating physician. Injuries consistent with described accident. IME may not be necessary for this severity level.,2025-10-12 15:46:25
NOTE-0002170,CL-0001340,2025-07-07 14:07:25,Adjuster_28,Claimant Communication,Payment issued to claimant. Check number referenced in system. Closing file pending 30-day satisfaction period. No further action needed.,2025-07-15 00:39:25
NOTE-0002171,CL-0002486,2026-03-11 23:37:25,Adjuster_23,Claimant Communication,Claimant is frustrated with processing time. Escalated to supervisor. Need to expedite review and provide status update within 24 hours.,2026-04-30 07:56:25
NOTE-0002172,CL-0000949,2026-01-25 23:46:25,Adjuster_49,Claimant Communication,Multiple claims from same location within 6 months. Pattern suggests possible fraud. Flagging for SIU review before further processing.,2025-10-03 20:05:25
NOTE-0002173,CL-0001202,2026-05-20 19:06:25,Adjuster_6,Initial Assessment,Multiple claims from same location within 6 months. Pattern suggests possible fraud. Flagging for SIU review before further processing.,2026-01-28 22:40:25
NOTE-0002174,CL-0001081,2026-01-23 03:18:25,Adjuster_16,Payment Processing,Payment issued to claimant. Check number referenced in system. Closing file pending 30-day satisfaction period. No further action needed.,2025-10-07 06:30:25
NOTE-0002175,CL-0004744,2025-08-25 10:19:25,Adjuster_12,Investigation Update,Site inspection completed. Damage is consistent with reported cause of loss. Photos uploaded to file. Recommend approval for repair estimate.,2026-04-25 00:44:25
NOTE-0002176,CL-0001536,2025-09-25 18:28:25,Adjuster_5,Payment Processing,Claimant attorney has sent letter of representation. All future communication must go through counsel. Updating file restrictions.,2025-10-16 00:42:25
NOTE-0002177,CL-0004751,2026-02-11 18:44:25,Adjuster_47,Payment Processing,"Weather data confirms severe storm in area on date of loss. NOAA records show wind gusts exceeding 70mph. Claim is weather-related, approved.",2025-10-14 19:29:25
NOTE-0002178,CL-0000584,2026-04-24 07:28:25,Adjuster_4,Initial Assessment,Claimant is frustrated with processing time. Escalated to supervisor. Need to expedite review and provide status update within 24 hours.,2025-10-17 01:36:25
NOTE-0002179,CL-0001011,2025-12-31 09:02:25,Adjuster_13,Claimant Communication,Subrogation potential identified. Third party clearly at fault per police report. Opening recovery file and notifying subrogation unit.,2025-12-27 18:58:25
NOTE-0002180,CL-0004329,2025-05-31 17:59:25,Adjuster_18,Investigation Update,Repair completed and final inspection passed. Work quality is satisfactory. Releasing final payment to contractor. File ready for closure.,2025-07-18 05:40:25
NOTE-0002181,CL-0001731,2025-10-08 01:41:25,Adjuster_16,Investigation Update,Claim denied per policy exclusion for pre-existing damage. Evidence shows damage predates policy effective date. Denial letter sent to insured.,2026-05-18 17:06:25
NOTE-0002182,CL-0003991,2025-09-16 01:47:25,Adjuster_40,Investigation Update,"Weather data confirms severe storm in area on date of loss. NOAA records show wind gusts exceeding 70mph. Claim is weather-related, approved.",2025-12-03 21:18:25
NOTE-0002183,CL-0003829,2026-05-22 08:11:25,Adjuster_6,Closure Summary,Site inspection completed. Damage is consistent with reported cause of loss. Photos uploaded to file. Recommend approval for repair estimate.,2026-05-09 05:09:25
NOTE-0002184,CL-0000460,2026-02-20 19:07:25,Adjuster_1,Initial Assessment,Workers comp claim validated. Employee was performing regular duties when injury occurred. Employer confirms no safety violations. Approving benefits.,2026-03-17 03:40:25
NOTE-0002185,CL-0001157,2025-10-03 06:17:25,Adjuster_9,Investigation Update,Subrogation potential identified. Third party clearly at fault per police report. Opening recovery file and notifying subrogation unit.,2026-01-19 12:28:25
NOTE-0002186,CL-0003820,2025-09-19 22:30:25,Adjuster_49,Claimant Communication,Multiple claims from same location within 6 months. Pattern suggests possible fraud. Flagging for SIU review before further processing.,2025-08-22 21:00:25
NOTE-0002187,CL-0004645,2025-11-21 17:20:25,Adjuster_41,Claimant Communication,Claimant is frustrated with processing time. Escalated to supervisor. Need to expedite review and provide status update within 24 hours.,2026-04-30 19:59:25
NOTE-0002188,CL-0003321,2026-02-09 22:32:25,Adjuster_1,Claimant Communication,Claimant is frustrated with processing time. Escalated to supervisor. Need to expedite review and provide status update within 24 hours.,2025-07-23 05:06:25
NOTE-0002189,CL-0004428,2025-08-07 15:21:25,Adjuster_11,Initial Assessment,Site inspection completed. Damage is consistent with reported cause of loss. Photos uploaded to file. Recommend approval for repair estimate.,2025-10-01 19:51:25
NOTE-0002190,CL-0004839,2025-08-03 02:51:25,Adjuster_10,Investigation Update,Payment issued to claimant. Check number referenced in system. Closing file pending 30-day satisfaction period. No further action needed.,2025-07-01 02:15:25
NOTE-0002191,CL-0004782,2025-11-05 17:24:25,Adjuster_13,Initial Assessment,Reviewed contractor estimate. Amount seems reasonable for scope of work. Approving payment minus deductible. Will notify policyholder.,2025-09-12 10:39:25
NOTE-0002192,CL-0003778,2026-03-27 05:01:25,Adjuster_28,Initial Assessment,Subrogation potential identified. Third party clearly at fault per police report. Opening recovery file and notifying subrogation unit.,2025-09-04 12:08:25
NOTE-0002193,CL-0003716,2026-02-26 13:23:25,Adjuster_27,Payment Processing,Workers comp claim validated. Employee was performing regular duties when injury occurred. Employer confirms no safety violations. Approving benefits.,2026-01-06 04:38:25
NOTE-0002194,CL-0003868,2025-10-01 11:37:25,Adjuster_24,Initial Assessment,Payment issued to claimant. Check number referenced in system. Closing file pending 30-day satisfaction period. No further action needed.,2025-09-03 20:41:25
NOTE-0002195,CL-0004866,2026-03-10 15:36:25,Adjuster_12,Claimant Communication,Workers comp claim validated. Employee was performing regular duties when injury occurred. Employer confirms no safety violations. Approving benefits.,2025-10-26 13:37:25
NOTE-0002196,CL-0004710,2025-09-28 06:43:25,Adjuster_23,Initial Assessment,Site inspection completed. Damage is consistent with reported cause of loss. Photos uploaded to file. Recommend approval for repair estimate.,2025-12-30 15:56:25
NOTE-0002197,CL-0002117,2025-06-30 19:58:25,Adjuster_31,Closure Summary,Police report obtained. Details match claimant statement. No evidence of prior damage or fraud indicators. Proceeding with normal processing.,2025-11-23 13:55:25
NOTE-0002198,CL-0002412,2025-06-05 15:11:25,Adjuster_26,Claimant Communication,Claimant is frustrated with processing time. Escalated to supervisor. Need to expedite review and provide status update within 24 hours.,2025-08-07 03:43:25
NOTE-0002199,CL-0003345,2026-02-09 10:04:25,Adjuster_18,Investigation Update,Workers comp claim validated. Employee was performing regular duties when injury occurred. Employer confirms no safety violations. Approving benefits.,2025-11-03 17:15:25
NOTE-0002200,CL-0004356,2025-09-26 21:05:25,Adjuster_18,Investigation Update,Multiple claims from same location within 6 months. Pattern suggests possible fraud. Flagging for SIU review before further processing.,2026-02-02 12:05:25
NOTE-0002201,CL-0003408,2025-08-27 11:34:25,Adjuster_41,Payment Processing,SUSPICIOUS: Timeline of events does not align with witness statements. Damage pattern inconsistent with reported cause. Referring to SIU for further investigation.,2025-07-23 23:38:25
NOTE-0002202,CL-0001413,2026-01-12 02:12:25,Adjuster_41,Closure Summary,Claimant attorney has sent letter of representation. All future communication must go through counsel. Updating file restrictions.,2025-10-14 18:52:25
NOTE-0002203,CL-0003345,2026-02-25 22:05:25,Adjuster_37,Claimant Communication,SUSPICIOUS: Timeline of events does not align with witness statements. Damage pattern inconsistent with reported cause. Referring to SIU for further investigation.,2026-03-29 14:50:25
NOTE-0002204,CL-0000525,2026-01-24 07:42:25,Adjuster_39,Closure Summary,Multiple claims from same location within 6 months. Pattern suggests possible fraud. Flagging for SIU review before further processing.,2025-10-21 23:18:25
NOTE-0002205,CL-0003210,2025-09-05 01:16:25,Adjuster_4,Payment Processing,Claimant is frustrated with processing time. Escalated to supervisor. Need to expedite review and provide status update within 24 hours.,2025-07-07 10:12:25
NOTE-0002206,CL-0000434,2026-04-01 16:05:25,Adjuster_46,Payment Processing,Multiple claims from same location within 6 months. Pattern suggests possible fraud. Flagging for SIU review before further processing.,2025-06-09 05:16:25
NOTE-0002207,CL-0000778,2025-12-12 02:29:25,Adjuster_19,Closure Summary,Payment issued to claimant. Check number referenced in system. Closing file pending 30-day satisfaction period. No further action needed.,2025-07-08 02:07:25
NOTE-0002208,CL-0003506,2025-06-28 18:54:25,Adjuster_33,Payment Processing,Claimant is frustrated with processing time. Escalated to supervisor. Need to expedite review and provide status update within 24 hours.,2026-02-24 23:46:25
NOTE-0002209,CL-0004519,2026-04-21 01:47:25,Adjuster_38,Payment Processing,Claimant attorney has sent letter of representation. All future communication must go through counsel. Updating file restrictions.,2026-01-24 17:10:25
NOTE-0002210,CL-0002536,2025-07-17 07:45:25,Adjuster_39,Closure Summary,Claimant attorney has sent letter of representation. All future communication must go through counsel. Updating file restrictions.,2025-12-23 20:44:25
NOTE-0002211,CL-0000075,2026-04-09 15:42:25,Adjuster_5,Closure Summary,Subrogation potential identified. Third party clearly at fault per police report. Opening recovery file and notifying subrogation unit.,2026-01-28 05:05:25
NOTE-0002212,CL-0003078,2025-06-03 20:03:25,Adjuster_28,Payment Processing,Reviewed contractor estimate. Amount seems reasonable for scope of work. Approving payment minus deductible. Will notify policyholder.,2025-08-08 16:08:25
NOTE-0002213,CL-0004423,2025-08-09 11:53:25,Adjuster_36,Initial Assessment,Workers comp claim validated. Employee was performing regular duties when injury occurred. Employer confirms no safety violations. Approving benefits.,2025-09-07 03:07:25
NOTE-0002214,CL-0004621,2025-06-01 17:17:25,Adjuster_15,Payment Processing,Claimant attorney has sent letter of representation. All future communication must go through counsel. Updating file restrictions.,2025-11-15 22:00:25
NOTE-0002215,CL-0000282,2025-08-11 07:04:25,Adjuster_35,Payment Processing,Repair completed and final inspection passed. Work quality is satisfactory. Releasing final payment to contractor. File ready for closure.,2025-10-01 14:54:25
NOTE-0002216,CL-0000393,2025-08-21 12:38:25,Adjuster_35,Payment Processing,Claimant is frustrated with processing time. Escalated to supervisor. Need to expedite review and provide status update within 24 hours.,2025-12-02 10:55:25
NOTE-0002217,CL-0001386,2025-10-14 17:55:25,Adjuster_33,Claimant Communication,Police report obtained. Details match claimant statement. No evidence of prior damage or fraud indicators. Proceeding with normal processing.,2026-01-30 20:20:25
NOTE-0002218,CL-0004784,2026-01-11 08:28:25,Adjuster_38,Initial Assessment,Payment issued to claimant. Check number referenced in system. Closing file pending 30-day satisfaction period. No further action needed.,2025-12-31 22:21:25
NOTE-0002219,CL-0004864,2025-06-04 20:15:25,Adjuster_4,Claimant Communication,Contacted claimant via phone. They confirmed the timeline of events. No inconsistencies in their account. Proceeding with standard assessment.,2025-05-27 07:36:25
NOTE-0002220,CL-0000152,2025-11-14 20:42:25,Adjuster_20,Investigation Update,Site inspection completed. Damage is consistent with reported cause of loss. Photos uploaded to file. Recommend approval for repair estimate.,2025-11-13 14:39:25
NOTE-0002221,CL-0002153,2026-02-27 06:35:25,Adjuster_29,Initial Assessment,Repair completed and final inspection passed. Work quality is satisfactory. Releasing final payment to contractor. File ready for closure.,2026-03-27 02:57:25
NOTE-0002222,CL-0003824,2025-08-14 13:19:25,Adjuster_25,Payment Processing,Reviewed contractor estimate. Amount seems reasonable for scope of work. Approving payment minus deductible. Will notify policyholder.,2026-05-06 05:27:25
NOTE-0002223,CL-0003509,2026-05-04 19:09:25,Adjuster_37,Initial Assessment,Repair completed and final inspection passed. Work quality is satisfactory. Releasing final payment to contractor. File ready for closure.,2025-08-10 20:47:25
NOTE-0002224,CL-0000231,2025-06-18 16:17:25,Adjuster_50,Claimant Communication,Payment issued to claimant. Check number referenced in system. Closing file pending 30-day satisfaction period. No further action needed.,2026-03-25 14:33:25
NOTE-0002225,CL-0000995,2026-04-22 17:05:25,Adjuster_45,Closure Summary,Subrogation potential identified. Third party clearly at fault per police report. Opening recovery file and notifying subrogation unit.,2025-09-01 00:51:25
NOTE-0002226,CL-0000581,2026-01-30 03:44:25,Adjuster_48,Investigation Update,Claimant attorney has sent letter of representation. All future communication must go through counsel. Updating file restrictions.,2025-12-21 03:12:25
NOTE-0002227,CL-0003927,2025-06-11 14:22:25,Adjuster_42,Initial Assessment,Workers comp claim validated. Employee was performing regular duties when injury occurred. Employer confirms no safety violations. Approving benefits.,2025-09-04 06:57:25
NOTE-0002228,CL-0002976,2025-06-05 09:06:25,Adjuster_27,Initial Assessment,Multiple claims from same location within 6 months. Pattern suggests possible fraud. Flagging for SIU review before further processing.,2026-02-20 08:13:25
NOTE-0002229,CL-0002170,2025-11-15 23:21:25,Adjuster_43,Claimant Communication,Multiple claims from same location within 6 months. Pattern suggests possible fraud. Flagging for SIU review before further processing.,2025-12-28 18:50:25
NOTE-0002230,CL-0002184,2025-11-21 08:32:25,Adjuster_41,Closure Summary,Workers comp claim validated. Employee was performing regular duties when injury occurred. Employer confirms no safety violations. Approving benefits.,2025-08-27 17:01:25
NOTE-0002231,CL-0001343,2025-07-25 20:11:25,Adjuster_2,Investigation Update,Workers comp claim validated. Employee was performing regular duties when injury occurred. Employer confirms no safety violations. Approving benefits.,2025-12-20 22:52:25
NOTE-0002232,CL-0003226,2026-04-21 09:10:25,Adjuster_3,Claimant Communication,Claim denied per policy exclusion for pre-existing damage. Evidence shows damage predates policy effective date. Denial letter sent to insured.,2025-12-04 03:45:25
NOTE-0002233,CL-0001766,2026-04-16 16:20:25,Adjuster_8,Payment Processing,Subrogation potential identified. Third party clearly at fault per police report. Opening recovery file and notifying subrogation unit.,2025-07-12 10:26:25
NOTE-0002234,CL-0002563,2025-12-12 17:26:25,Adjuster_5,Closure Summary,Subrogation potential identified. Third party clearly at fault per police report. Opening recovery file and notifying subrogation unit.,2026-05-11 01:48:25
NOTE-0002235,CL-0001009,2025-09-18 18:35:25,Adjuster_24,Claimant Communication,Workers comp claim validated. Employee was performing regular duties when injury occurred. Employer confirms no safety violations. Approving benefits.,2025-06-02 07:40:25
NOTE-0002236,CL-0001251,2025-06-30 06:01:25,Adjuster_9,Payment Processing,Police report obtained. Details match claimant statement. No evidence of prior damage or fraud indicators. Proceeding with normal processing.,2025-08-07 05:32:25
NOTE-0002237,CL-0001488,2025-08-08 20:19:25,Adjuster_15,Closure Summary,Medical records received from treating physician. Injuries consistent with described accident. IME may not be necessary for this severity level.,2025-09-12 15:45:25
NOTE-0002238,CL-0002318,2025-07-05 02:56:25,Adjuster_45,Initial Assessment,Claim denied per policy exclusion for pre-existing damage. Evidence shows damage predates policy effective date. Denial letter sent to insured.,2025-08-18 16:54:25
NOTE-0002239,CL-0000979,2026-01-06 09:48:25,Adjuster_8,Closure Summary,"Weather data confirms severe storm in area on date of loss. NOAA records show wind gusts exceeding 70mph. Claim is weather-related, approved.",2026-05-26 07:46:25
NOTE-0002240,CL-0002038,2026-02-21 13:28:25,Adjuster_23,Payment Processing,Subrogation potential identified. Third party clearly at fault per police report. Opening recovery file and notifying subrogation unit.,2025-06-02 23:59:25
NOTE-0002241,CL-0003253,2025-11-11 23:13:25,Adjuster_49,Payment Processing,"Weather data confirms severe storm in area on date of loss. NOAA records show wind gusts exceeding 70mph. Claim is weather-related, approved.",2026-03-17 16:53:25
NOTE-0002242,CL-0003933,2025-06-13 20:14:25,Adjuster_17,Payment Processing,Police report obtained. Details match claimant statement. No evidence of prior damage or fraud indicators. Proceeding with normal processing.,2026-05-03 14:55:25
NOTE-0002243,CL-0004464,2026-02-28 17:15:25,Adjuster_43,Claimant Communication,Subrogation potential identified. Third party clearly at fault per police report. Opening recovery file and notifying subrogation unit.,2025-09-18 16:22:25
NOTE-0002244,CL-0002240,2025-07-27 21:30:25,Adjuster_14,Investigation Update,"Weather data confirms severe storm in area on date of loss. NOAA records show wind gusts exceeding 70mph. Claim is weather-related, approved.",2025-12-19 17:14:25
NOTE-0002245,CL-0003149,2025-11-10 17:44:25,Adjuster_7,Initial Assessment,"Weather data confirms severe storm in area on date of loss. NOAA records show wind gusts exceeding 70mph. Claim is weather-related, approved.",2025-06-03 20:00:25
NOTE-0002246,CL-0000686,2026-03-16 10:33:25,Adjuster_33,Closure Summary,Repair completed and final inspection passed. Work quality is satisfactory. Releasing final payment to contractor. File ready for closure.,2025-12-07 00:07:25
NOTE-0002247,CL-0002563,2025-10-06 21:39:25,Adjuster_49,Closure Summary,Police report obtained. Details match claimant statement. No evidence of prior damage or fraud indicators. Proceeding with normal processing.,2026-04-01 03:35:25
NOTE-0002248,CL-0000866,2026-05-11 23:42:25,Adjuster_23,Claimant Communication,Medical records received from treating physician. Injuries consistent with described accident. IME may not be necessary for this severity level.,2026-05-21 14:19:25
NOTE-0002249,CL-0004462,2026-04-07 23:58:25,Adjuster_29,Closure Summary,Reviewed contractor estimate. Amount seems reasonable for scope of work. Approving payment minus deductible. Will notify policyholder.,2026-05-02 16:02:25
NOTE-0002250,CL-0003072,2026-05-05 12:39:25,Adjuster_35,Payment Processing,Repair completed and final inspection passed. Work quality is satisfactory. Releasing final payment to contractor. File ready for closure.,2025-11-24 11:15:25
NOTE-0002251,CL-0003266,2025-09-19 10:57:25,Adjuster_13,Initial Assessment,Repair completed and final inspection passed. Work quality is satisfactory. Releasing final payment to contractor. File ready for closure.,2025-09-07 19:56:25
NOTE-0002252,CL-0000671,2025-11-06 12:09:25,Adjuster_31,Initial Assessment,"Weather data confirms severe storm in area on date of loss. NOAA records show wind gusts exceeding 70mph. Claim is weather-related, approved.",2025-09-28 13:59:25
NOTE-0002253,CL-0000954,2026-04-01 22:38:25,Adjuster_32,Payment Processing,Claimant is frustrated with processing time. Escalated to supervisor. Need to expedite review and provide status update within 24 hours.,2026-02-16 11:14:25
NOTE-0002254,CL-0004064,2025-12-03 21:32:25,Adjuster_45,Claimant Communication,SUSPICIOUS: Timeline of events does not align with witness statements. Damage pattern inconsistent with reported cause. Referring to SIU for further investigation.,2025-11-03 10:12:25
NOTE-0002255,CL-0001502,2026-04-01 01:41:25,Adjuster_32,Investigation Update,Reviewed contractor estimate. Amount seems reasonable for scope of work. Approving payment minus deductible. Will notify policyholder.,2025-12-13 12:37:25
NOTE-0002256,CL-0001821,2026-03-26 21:29:25,Adjuster_46,Payment Processing,Police report obtained. Details match claimant statement. No evidence of prior damage or fraud indicators. Proceeding with normal processing.,2025-06-30 11:42:25
NOTE-0002257,CL-0001720,2026-03-25 22:08:25,Adjuster_34,Initial Assessment,Police report obtained. Details match claimant statement. No evidence of prior damage or fraud indicators. Proceeding with normal processing.,2026-01-01 07:11:25
NOTE-0002258,CL-0000606,2025-10-23 19:10:25,Adjuster_40,Initial Assessment,Police report obtained. Details match claimant statement. No evidence of prior damage or fraud indicators. Proceeding with normal processing.,2025-11-23 08:43:25
NOTE-0002259,CL-0003486,2026-02-12 18:14:25,Adjuster_9,Payment Processing,Reviewed contractor estimate. Amount seems reasonable for scope of work. Approving payment minus deductible. Will notify policyholder.,2025-10-17 07:50:25
NOTE-0002260,CL-0003934,2026-02-24 17:10:25,Adjuster_15,Claimant Communication,"Weather data confirms severe storm in area on date of loss. NOAA records show wind gusts exceeding 70mph. Claim is weather-related, approved.",2025-08-29 19:57:25
NOTE-0002261,CL-0003654,2026-02-26 20:59:25,Adjuster_6,Initial Assessment,Claimant is frustrated with processing time. Escalated to supervisor. Need to expedite review and provide status update within 24 hours.,2026-04-23 22:29:25
NOTE-0002262,CL-0003063,2026-04-08 16:37:25,Adjuster_32,Claimant Communication,Contacted claimant via phone. They confirmed the timeline of events. No inconsistencies in their account. Proceeding with standard assessment.,2025-12-30 17:08:25
NOTE-0002263,CL-0001698,2025-06-01 08:30:25,Adjuster_43,Closure Summary,Police report obtained. Details match claimant statement. No evidence of prior damage or fraud indicators. Proceeding with normal processing.,2025-09-28 10:34:25
NOTE-0002264,CL-0003623,2025-11-02 23:32:25,Adjuster_23,Payment Processing,Multiple claims from same location within 6 months. Pattern suggests possible fraud. Flagging for SIU review before further processing.,2025-08-10 10:06:25
NOTE-0002265,CL-0000545,2025-08-06 05:54:25,Adjuster_35,Closure Summary,Police report obtained. Details match claimant statement. No evidence of prior damage or fraud indicators. Proceeding with normal processing.,2026-03-01 14:17:25
NOTE-0002266,CL-0004119,2025-09-30 11:17:25,Adjuster_48,Claimant Communication,Site inspection completed. Damage is consistent with reported cause of loss. Photos uploaded to file. Recommend approval for repair estimate.,2025-09-26 17:32:25
NOTE-0002267,CL-0003475,2026-03-18 12:50:25,Adjuster_29,Investigation Update,Payment issued to claimant. Check number referenced in system. Closing file pending 30-day satisfaction period. No further action needed.,2025-07-18 04:23:25
NOTE-0002268,CL-0002055,2026-03-30 23:02:25,Adjuster_40,Investigation Update,Claim denied per policy exclusion for pre-existing damage. Evidence shows damage predates policy effective date. Denial letter sent to insured.,2026-04-02 07:55:25
NOTE-0002269,CL-0002544,2026-02-12 11:20:25,Adjuster_5,Initial Assessment,SUSPICIOUS: Timeline of events does not align with witness statements. Damage pattern inconsistent with reported cause. Referring to SIU for further investigation.,2026-04-24 11:57:25
NOTE-0002270,CL-0004598,2025-12-06 20:38:25,Adjuster_6,Payment Processing,SUSPICIOUS: Timeline of events does not align with witness statements. Damage pattern inconsistent with reported cause. Referring to SIU for further investigation.,2026-01-02 23:15:25
NOTE-0002271,CL-0002194,2026-02-11 05:50:25,Adjuster_36,Claimant Communication,Claim denied per policy exclusion for pre-existing damage. Evidence shows damage predates policy effective date. Denial letter sent to insured.,2025-12-18 07:08:25
NOTE-0002272,CL-0002817,2026-05-16 05:22:25,Adjuster_8,Payment Processing,Payment issued to claimant. Check number referenced in system. Closing file pending 30-day satisfaction period. No further action needed.,2025-07-03 03:34:25
NOTE-0002273,CL-0001128,2026-01-27 21:15:25,Adjuster_20,Investigation Update,Multiple claims from same location within 6 months. Pattern suggests possible fraud. Flagging for SIU review before further processing.,2026-03-24 10:22:25
NOTE-0002274,CL-0004103,2026-05-22 10:59:25,Adjuster_4,Investigation Update,Repair completed and final inspection passed. Work quality is satisfactory. Releasing final payment to contractor. File ready for closure.,2025-09-04 02:45:25
NOTE-0002275,CL-0004456,2025-05-29 20:08:25,Adjuster_30,Initial Assessment,Claimant is frustrated with processing time. Escalated to supervisor. Need to expedite review and provide status update within 24 hours.,2025-08-10 15:36:25
NOTE-0002276,CL-0000600,2025-11-12 10:28:25,Adjuster_39,Closure Summary,Reviewed contractor estimate. Amount seems reasonable for scope of work. Approving payment minus deductible. Will notify policyholder.,2025-11-30 00:58:25
NOTE-0002277,CL-0002008,2025-08-03 20:58:25,Adjuster_30,Investigation Update,SUSPICIOUS: Timeline of events does not align with witness statements. Damage pattern inconsistent with reported cause. Referring to SIU for further investigation.,2026-03-30 15:52:25
NOTE-0002278,CL-0002193,2025-09-29 14:43:25,Adjuster_46,Closure Summary,Contacted claimant via phone. They confirmed the timeline of events. No inconsistencies in their account. Proceeding with standard assessment.,2026-05-11 15:01:25
NOTE-0002279,CL-0000524,2025-07-05 13:02:25,Adjuster_12,Claimant Communication,Medical records received from treating physician. Injuries consistent with described accident. IME may not be necessary for this severity level.,2025-09-21 14:35:25
NOTE-0002280,CL-0004613,2026-02-16 08:43:25,Adjuster_10,Initial Assessment,Subrogation potential identified. Third party clearly at fault per police report. Opening recovery file and notifying subrogation unit.,2025-08-10 18:09:25
NOTE-0002281,CL-0003585,2026-02-26 12:08:25,Adjuster_1,Claimant Communication,Medical records received from treating physician. Injuries consistent with described accident. IME may not be necessary for this severity level.,2025-12-29 09:37:25
NOTE-0002282,CL-0002584,2025-12-29 13:26:25,Adjuster_10,Claimant Communication,Claimant is frustrated with processing time. Escalated to supervisor. Need to expedite review and provide status update within 24 hours.,2026-02-10 06:43:25
NOTE-0002283,CL-0004147,2025-11-20 08:47:25,Adjuster_8,Investigation Update,Contacted claimant via phone. They confirmed the timeline of events. No inconsistencies in their account. Proceeding with standard assessment.,2025-07-30 23:57:25
NOTE-0002284,CL-0003888,2025-11-06 08:45:25,Adjuster_26,Closure Summary,Reviewed contractor estimate. Amount seems reasonable for scope of work. Approving payment minus deductible. Will notify policyholder.,2025-08-02 11:27:25
NOTE-0002285,CL-0003679,2026-01-17 01:30:25,Adjuster_38,Claimant Communication,Repair completed and final inspection passed. Work quality is satisfactory. Releasing final payment to contractor. File ready for closure.,2026-03-10 20:10:25
NOTE-0002286,CL-0003354,2026-04-03 18:48:25,Adjuster_46,Claimant Communication,Claim denied per policy exclusion for pre-existing damage. Evidence shows damage predates policy effective date. Denial letter sent to insured.,2025-08-10 22:50:25
NOTE-0002287,CL-0003114,2026-03-29 21:51:25,Adjuster_27,Closure Summary,Payment issued to claimant. Check number referenced in system. Closing file pending 30-day satisfaction period. No further action needed.,2025-06-20 20:35:25
NOTE-0002288,CL-0001422,2025-06-10 11:13:25,Adjuster_44,Investigation Update,Site inspection completed. Damage is consistent with reported cause of loss. Photos uploaded to file. Recommend approval for repair estimate.,2025-08-29 00:03:25
NOTE-0002289,CL-0000325,2025-06-24 15:43:25,Adjuster_43,Initial Assessment,Contacted claimant via phone. They confirmed the timeline of events. No inconsistencies in their account. Proceeding with standard assessment.,2025-08-20 02:07:25
NOTE-0002290,CL-0003966,2025-08-10 16:34:25,Adjuster_41,Payment Processing,"Weather data confirms severe storm in area on date of loss. NOAA records show wind gusts exceeding 70mph. Claim is weather-related, approved.",2026-04-29 00:14:25
NOTE-0002291,CL-0000474,2025-07-09 17:47:25,Adjuster_4,Closure Summary,Claimant attorney has sent letter of representation. All future communication must go through counsel. Updating file restrictions.,2025-07-21 11:09:25
NOTE-0002292,CL-0004201,2026-03-26 18:16:25,Adjuster_44,Claimant Communication,"Weather data confirms severe storm in area on date of loss. NOAA records show wind gusts exceeding 70mph. Claim is weather-related, approved.",2025-08-27 22:19:25
NOTE-0002293,CL-0004096,2026-02-07 16:38:25,Adjuster_19,Investigation Update,"Weather data confirms severe storm in area on date of loss. NOAA records show wind gusts exceeding 70mph. Claim is weather-related, approved.",2026-05-13 20:40:25
NOTE-0002294,CL-0003234,2025-10-01 03:08:25,Adjuster_50,Claimant Communication,Police report obtained. Details match claimant statement. No evidence of prior damage or fraud indicators. Proceeding with normal processing.,2026-01-07 23:03:25
NOTE-0002295,CL-0004569,2026-04-06 03:51:25,Adjuster_22,Payment Processing,Site inspection completed. Damage is consistent with reported cause of loss. Photos uploaded to file. Recommend approval for repair estimate.,2025-11-27 01:05:25
NOTE-0002296,CL-0003467,2026-03-07 23:08:25,Adjuster_5,Claimant Communication,Police report obtained. Details match claimant statement. No evidence of prior damage or fraud indicators. Proceeding with normal processing.,2026-02-18 05:21:25
NOTE-0002297,CL-0003377,2026-03-11 12:40:25,Adjuster_36,Closure Summary,SUSPICIOUS: Timeline of events does not align with witness statements. Damage pattern inconsistent with reported cause. Referring to SIU for further investigation.,2025-09-29 02:50:25
NOTE-0002298,CL-0002581,2025-05-26 15:08:25,Adjuster_36,Initial Assessment,"Weather data confirms severe storm in area on date of loss. NOAA records show wind gusts exceeding 70mph. Claim is weather-related, approved.",2026-03-25 21:11:25
NOTE-0002299,CL-0003740,2025-05-28 23:16:25,Adjuster_8,Initial Assessment,Payment issued to claimant. Check number referenced in system. Closing file pending 30-day satisfaction period. No further action needed.,2026-03-12 08:20:25
NOTE-0002300,CL-0003525,2026-03-10 00:13:25,Adjuster_12,Investigation Update,Contacted claimant via phone. They confirmed the timeline of events. No inconsistencies in their account. Proceeding with standard assessment.,2025-06-20 19:12:25
NOTE-0002301,CL-0002532,2026-02-06 15:46:25,Adjuster_42,Closure Summary,SUSPICIOUS: Timeline of events does not align with witness statements. Damage pattern inconsistent with reported cause. Referring to SIU for further investigation.,2026-04-20 12:31:25
NOTE-0002302,CL-0004922,2025-10-12 22:17:25,Adjuster_7,Initial Assessment,Subrogation potential identified. Third party clearly at fault per police report. Opening recovery file and notifying subrogation unit.,2025-08-23 07:56:25
NOTE-0002303,CL-0001905,2025-11-17 07:02:25,Adjuster_35,Payment Processing,Police report obtained. Details match claimant statement. No evidence of prior damage or fraud indicators. Proceeding with normal processing.,2025-09-23 16:52:25
NOTE-0002304,CL-0000807,2026-02-09 17:43:25,Adjuster_10,Claimant Communication,Reviewed contractor estimate. Amount seems reasonable for scope of work. Approving payment minus deductible. Will notify policyholder.,2025-07-19 15:17:25
NOTE-0002305,CL-0001199,2025-11-02 04:38:25,Adjuster_12,Claimant Communication,Repair completed and final inspection passed. Work quality is satisfactory. Releasing final payment to contractor. File ready for closure.,2026-01-22 08:16:25
NOTE-0002306,CL-0001192,2026-05-08 09:16:25,Adjuster_36,Closure Summary,Site inspection completed. Damage is consistent with reported cause of loss. Photos uploaded to file. Recommend approval for repair estimate.,2026-01-11 09:37:25
NOTE-0002307,CL-0003059,2025-08-11 23:59:25,Adjuster_11,Closure Summary,Claim denied per policy exclusion for pre-existing damage. Evidence shows damage predates policy effective date. Denial letter sent to insured.,2025-06-14 05:59:25
NOTE-0002308,CL-0001021,2026-02-26 05:41:25,Adjuster_46,Payment Processing,Workers comp claim validated. Employee was performing regular duties when injury occurred. Employer confirms no safety violations. Approving benefits.,2025-11-04 03:51:25
NOTE-0002309,CL-0002644,2025-08-26 00:03:25,Adjuster_27,Investigation Update,Reviewed contractor estimate. Amount seems reasonable for scope of work. Approving payment minus deductible. Will notify policyholder.,2026-01-10 04:12:25
NOTE-0002310,CL-0004666,2025-09-08 03:48:25,Adjuster_16,Payment Processing,Contacted claimant via phone. They confirmed the timeline of events. No inconsistencies in their account. Proceeding with standard assessment.,2026-02-23 19:32:25
NOTE-0002311,CL-0001641,2025-10-09 01:20:25,Adjuster_40,Claimant Communication,Site inspection completed. Damage is consistent with reported cause of loss. Photos uploaded to file. Recommend approval for repair estimate.,2025-06-18 10:12:25
NOTE-0002312,CL-0002962,2025-11-05 16:58:25,Adjuster_19,Claimant Communication,Multiple claims from same location within 6 months. Pattern suggests possible fraud. Flagging for SIU review before further processing.,2025-06-29 15:55:25
NOTE-0002313,CL-0000940,2025-11-20 21:15:25,Adjuster_15,Payment Processing,"Weather data confirms severe storm in area on date of loss. NOAA records show wind gusts exceeding 70mph. Claim is weather-related, approved.",2025-08-31 16:09:25
NOTE-0002314,CL-0000019,2025-08-25 04:13:25,Adjuster_10,Payment Processing,Site inspection completed. Damage is consistent with reported cause of loss. Photos uploaded to file. Recommend approval for repair estimate.,2025-12-22 12:31:25
NOTE-0002315,CL-0004793,2026-02-25 17:50:25,Adjuster_48,Investigation Update,Subrogation potential identified. Third party clearly at fault per police report. Opening recovery file and notifying subrogation unit.,2025-10-13 13:55:25
NOTE-0002316,CL-0003409,2025-10-25 05:37:25,Adjuster_36,Investigation Update,Claimant attorney has sent letter of representation. All future communication must go through counsel. Updating file restrictions.,2025-12-20 03:36:25
NOTE-0002317,CL-0001703,2025-12-24 17:28:25,Adjuster_19,Initial Assessment,Claimant is frustrated with processing time. Escalated to supervisor. Need to expedite review and provide status update within 24 hours.,2026-02-18 21:07:25
NOTE-0002318,CL-0004102,2026-03-31 19:28:25,Adjuster_26,Closure Summary,Police report obtained. Details match claimant statement. No evidence of prior damage or fraud indicators. Proceeding with normal processing.,2026-04-06 09:10:25
NOTE-0002319,CL-0003181,2025-12-19 13:46:25,Adjuster_34,Initial Assessment,SUSPICIOUS: Timeline of events does not align with witness statements. Damage pattern inconsistent with reported cause. Referring to SIU for further investigation.,2025-05-25 18:56:25
NOTE-0002320,CL-0003290,2025-06-14 14:03:25,Adjuster_44,Payment Processing,Claimant is frustrated with processing time. Escalated to supervisor. Need to expedite review and provide status update within 24 hours.,2025-06-03 16:24:25
NOTE-0002321,CL-0001153,2026-04-20 02:05:25,Adjuster_18,Payment Processing,Police report obtained. Details match claimant statement. No evidence of prior damage or fraud indicators. Proceeding with normal processing.,2025-07-26 14:12:25
NOTE-0002322,CL-0004331,2026-04-24 10:05:25,Adjuster_36,Investigation Update,Claimant is frustrated with processing time. Escalated to supervisor. Need to expedite review and provide status update within 24 hours.,2025-08-15 16:05:25
NOTE-0002323,CL-0000270,2026-03-28 23:32:25,Adjuster_35,Payment Processing,Workers comp claim validated. Employee was performing regular duties when injury occurred. Employer confirms no safety violations. Approving benefits.,2026-02-09 01:37:25
NOTE-0002324,CL-0000175,2025-10-01 08:49:25,Adjuster_42,Closure Summary,Reviewed contractor estimate. Amount seems reasonable for scope of work. Approving payment minus deductible. Will notify policyholder.,2026-04-02 05:33:25
NOTE-0002325,CL-0002299,2025-10-06 12:11:25,Adjuster_17,Payment Processing,Site inspection completed. Damage is consistent with reported cause of loss. Photos uploaded to file. Recommend approval for repair estimate.,2025-12-19 11:43:25
NOTE-0002326,CL-0003598,2025-12-13 01:57:25,Adjuster_12,Payment Processing,Site inspection completed. Damage is consistent with reported cause of loss. Photos uploaded to file. Recommend approval for repair estimate.,2026-02-27 07:35:25
NOTE-0002327,CL-0003457,2026-01-16 02:59:25,Adjuster_14,Payment Processing,Medical records received from treating physician. Injuries consistent with described accident. IME may not be necessary for this severity level.,2025-09-20 23:57:25
NOTE-0002328,CL-0000215,2026-01-27 04:54:25,Adjuster_9,Investigation Update,Multiple claims from same location within 6 months. Pattern suggests possible fraud. Flagging for SIU review before further processing.,2025-12-08 23:13:25
NOTE-0002329,CL-0004924,2026-03-17 12:09:25,Adjuster_8,Payment Processing,Claimant is frustrated with processing time. Escalated to supervisor. Need to expedite review and provide status update within 24 hours.,2026-04-22 23:42:25
NOTE-0002330,CL-0001126,2025-10-05 21:59:25,Adjuster_9,Investigation Update,"Weather data confirms severe storm in area on date of loss. NOAA records show wind gusts exceeding 70mph. Claim is weather-related, approved.",2025-07-07 14:46:25
NOTE-0002331,CL-0003134,2025-10-03 02:38:25,Adjuster_33,Claimant Communication,Medical records received from treating physician. Injuries consistent with described accident. IME may not be necessary for this severity level.,2025-06-09 14:59:25
NOTE-0002332,CL-0001852,2026-05-11 04:30:25,Adjuster_2,Initial Assessment,Workers comp claim validated. Employee was performing regular duties when injury occurred. Employer confirms no safety violations. Approving benefits.,2026-01-16 16:04:25
NOTE-0002333,CL-0002387,2025-07-29 01:08:25,Adjuster_24,Initial Assessment,Workers comp claim validated. Employee was performing regular duties when injury occurred. Employer confirms no safety violations. Approving benefits.,2025-07-19 23:52:25
NOTE-0002334,CL-0002149,2026-03-12 06:20:25,Adjuster_26,Investigation Update,Multiple claims from same location within 6 months. Pattern suggests possible fraud. Flagging for SIU review before further processing.,2025-08-21 09:34:25
NOTE-0002335,CL-0003763,2025-08-29 14:13:25,Adjuster_24,Claimant Communication,Claim denied per policy exclusion for pre-existing damage. Evidence shows damage predates policy effective date. Denial letter sent to insured.,2025-07-18 07:26:25
NOTE-0002336,CL-0004332,2025-06-10 19:25:25,Adjuster_6,Payment Processing,Claim denied per policy exclusion for pre-existing damage. Evidence shows damage predates policy effective date. Denial letter sent to insured.,2025-09-25 14:43:25
NOTE-0002337,CL-0003610,2025-12-30 20:32:25,Adjuster_36,Payment Processing,Site inspection completed. Damage is consistent with reported cause of loss. Photos uploaded to file. Recommend approval for repair estimate.,2025-05-30 10:45:25
NOTE-0002338,CL-0004923,2025-11-27 15:46:25,Adjuster_13,Investigation Update,Reviewed contractor estimate. Amount seems reasonable for scope of work. Approving payment minus deductible. Will notify policyholder.,2026-01-27 06:49:25
NOTE-0002339,CL-0002700,2026-01-30 19:23:25,Adjuster_13,Investigation Update,Multiple claims from same location within 6 months. Pattern suggests possible fraud. Flagging for SIU review before further processing.,2025-07-16 12:49:25
NOTE-0002340,CL-0003022,2026-04-03 07:42:25,Adjuster_12,Investigation Update,SUSPICIOUS: Timeline of events does not align with witness statements. Damage pattern inconsistent with reported cause. Referring to SIU for further investigation.,2026-03-19 19:27:25
NOTE-0002341,CL-0001252,2026-02-18 21:34:25,Adjuster_20,Initial Assessment,Site inspection completed. Damage is consistent with reported cause of loss. Photos uploaded to file. Recommend approval for repair estimate.,2025-05-26 22:13:25
NOTE-0002342,CL-0003284,2025-07-12 14:00:25,Adjuster_50,Claimant Communication,"Weather data confirms severe storm in area on date of loss. NOAA records show wind gusts exceeding 70mph. Claim is weather-related, approved.",2026-01-16 19:37:25
NOTE-0002343,CL-0001030,2025-11-23 09:22:25,Adjuster_13,Closure Summary,Reviewed contractor estimate. Amount seems reasonable for scope of work. Approving payment minus deductible. Will notify policyholder.,2025-07-10 02:45:25
NOTE-0002344,CL-0002537,2026-02-12 21:29:25,Adjuster_47,Payment Processing,SUSPICIOUS: Timeline of events does not align with witness statements. Damage pattern inconsistent with reported cause. Referring to SIU for further investigation.,2026-03-13 12:23:25
NOTE-0002345,CL-0003186,2026-01-13 09:37:25,Adjuster_37,Payment Processing,SUSPICIOUS: Timeline of events does not align with witness statements. Damage pattern inconsistent with reported cause. Referring to SIU for further investigation.,2025-10-11 12:13:25
NOTE-0002346,CL-0001156,2025-09-13 01:43:25,Adjuster_33,Investigation Update,Site inspection completed. Damage is consistent with reported cause of loss. Photos uploaded to file. Recommend approval for repair estimate.,2025-11-11 09:32:25
NOTE-0002347,CL-0002536,2026-04-22 23:35:25,Adjuster_16,Payment Processing,SUSPICIOUS: Timeline of events does not align with witness statements. Damage pattern inconsistent with reported cause. Referring to SIU for further investigation.,2026-04-09 16:29:25
NOTE-0002348,CL-0002959,2026-03-28 13:41:25,Adjuster_36,Closure Summary,Payment issued to claimant. Check number referenced in system. Closing file pending 30-day satisfaction period. No further action needed.,2026-04-07 03:23:25
NOTE-0002349,CL-0000860,2025-05-25 16:09:25,Adjuster_5,Initial Assessment,Claimant attorney has sent letter of representation. All future communication must go through counsel. Updating file restrictions.,2025-08-17 06:44:25
NOTE-0002350,CL-0001755,2025-08-08 03:45:25,Adjuster_2,Payment Processing,Repair completed and final inspection passed. Work quality is satisfactory. Releasing final payment to contractor. File ready for closure.,2026-03-08 11:22:25
NOTE-0002351,CL-0001571,2026-03-12 20:55:25,Adjuster_4,Payment Processing,Subrogation potential identified. Third party clearly at fault per police report. Opening recovery file and notifying subrogation unit.,2025-10-07 08:34:25
NOTE-0002352,CL-0000023,2026-03-09 08:29:25,Adjuster_20,Closure Summary,Subrogation potential identified. Third party clearly at fault per police report. Opening recovery file and notifying subrogation unit.,2025-10-11 20:34:25
NOTE-0002353,CL-0000537,2025-09-03 18:53:25,Adjuster_43,Claimant Communication,Multiple claims from same location within 6 months. Pattern suggests possible fraud. Flagging for SIU review before further processing.,2025-08-17 02:40:25
NOTE-0002354,CL-0002421,2026-05-13 12:54:25,Adjuster_39,Claimant Communication,Medical records received from treating physician. Injuries consistent with described accident. IME may not be necessary for this severity level.,2026-05-13 14:14:25
NOTE-0002355,CL-0002146,2025-05-27 07:42:25,Adjuster_18,Closure Summary,Reviewed contractor estimate. Amount seems reasonable for scope of work. Approving payment minus deductible. Will notify policyholder.,2025-09-05 21:05:25
NOTE-0002356,CL-0001945,2026-05-02 23:29:25,Adjuster_8,Initial Assessment,Claim denied per policy exclusion for pre-existing damage. Evidence shows damage predates policy effective date. Denial letter sent to insured.,2026-03-14 14:46:25
NOTE-0002357,CL-0003739,2026-03-06 21:07:25,Adjuster_36,Closure Summary,Police report obtained. Details match claimant statement. No evidence of prior damage or fraud indicators. Proceeding with normal processing.,2026-05-10 18:05:25
NOTE-0002358,CL-0000415,2025-12-15 12:10:25,Adjuster_48,Investigation Update,Workers comp claim validated. Employee was performing regular duties when injury occurred. Employer confirms no safety violations. Approving benefits.,2025-06-14 04:50:25
NOTE-0002359,CL-0000469,2025-11-06 01:06:25,Adjuster_35,Initial Assessment,Claimant is frustrated with processing time. Escalated to supervisor. Need to expedite review and provide status update within 24 hours.,2026-02-01 20:57:25
NOTE-0002360,CL-0000381,2025-11-01 12:07:25,Adjuster_41,Claimant Communication,Workers comp claim validated. Employee was performing regular duties when injury occurred. Employer confirms no safety violations. Approving benefits.,2025-06-05 10:38:25
NOTE-0002361,CL-0000184,2025-09-20 21:01:25,Adjuster_40,Initial Assessment,Subrogation potential identified. Third party clearly at fault per police report. Opening recovery file and notifying subrogation unit.,2026-03-12 11:22:25
NOTE-0002362,CL-0001894,2025-11-18 18:48:25,Adjuster_6,Closure Summary,Multiple claims from same location within 6 months. Pattern suggests possible fraud. Flagging for SIU review before further processing.,2026-01-13 16:40:25
NOTE-0002363,CL-0000572,2026-01-17 00:07:25,Adjuster_5,Investigation Update,Workers comp claim validated. Employee was performing regular duties when injury occurred. Employer confirms no safety violations. Approving benefits.,2026-03-07 07:13:25
NOTE-0002364,CL-0004522,2026-03-25 04:29:25,Adjuster_29,Claimant Communication,Police report obtained. Details match claimant statement. No evidence of prior damage or fraud indicators. Proceeding with normal processing.,2026-03-09 19:35:25
NOTE-0002365,CL-0003319,2025-10-27 20:59:25,Adjuster_1,Payment Processing,SUSPICIOUS: Timeline of events does not align with witness statements. Damage pattern inconsistent with reported cause. Referring to SIU for further investigation.,2025-09-13 05:04:25
NOTE-0002366,CL-0003564,2026-04-29 20:27:25,Adjuster_7,Payment Processing,Site inspection completed. Damage is consistent with reported cause of loss. Photos uploaded to file. Recommend approval for repair estimate.,2026-03-01 22:55:25
NOTE-0002367,CL-0003902,2026-01-17 02:58:25,Adjuster_35,Closure Summary,Contacted claimant via phone. They confirmed the timeline of events. No inconsistencies in their account. Proceeding with standard assessment.,2025-08-07 22:22:25
NOTE-0002368,CL-0002930,2025-06-24 09:17:25,Adjuster_48,Initial Assessment,Subrogation potential identified. Third party clearly at fault per police report. Opening recovery file and notifying subrogation unit.,2026-04-23 14:17:25
NOTE-0002369,CL-0002755,2025-09-14 20:58:25,Adjuster_25,Initial Assessment,Claimant is frustrated with processing time. Escalated to supervisor. Need to expedite review and provide status update within 24 hours.,2026-02-16 08:48:25
NOTE-0002370,CL-0001334,2025-11-07 09:07:25,Adjuster_29,Payment Processing,Repair completed and final inspection passed. Work quality is satisfactory. Releasing final payment to contractor. File ready for closure.,2026-01-12 06:11:25
NOTE-0002371,CL-0003125,2026-01-28 00:40:25,Adjuster_1,Claimant Communication,Payment issued to claimant. Check number referenced in system. Closing file pending 30-day satisfaction period. No further action needed.,2026-05-02 11:51:25
NOTE-0002372,CL-0002536,2025-08-28 18:33:25,Adjuster_13,Investigation Update,Police report obtained. Details match claimant statement. No evidence of prior damage or fraud indicators. Proceeding with normal processing.,2025-11-16 01:49:25
NOTE-0002373,CL-0000080,2025-12-02 07:39:25,Adjuster_46,Closure Summary,SUSPICIOUS: Timeline of events does not align with witness statements. Damage pattern inconsistent with reported cause. Referring to SIU for further investigation.,2025-10-18 04:30:25
NOTE-0002374,CL-0000855,2025-08-10 13:08:25,Adjuster_11,Investigation Update,Claimant is frustrated with processing time. Escalated to supervisor. Need to expedite review and provide status update within 24 hours.,2025-12-31 01:21:25
NOTE-0002375,CL-0004517,2026-01-07 20:36:25,Adjuster_44,Investigation Update,Claimant is frustrated with processing time. Escalated to supervisor. Need to expedite review and provide status update within 24 hours.,2025-09-22 12:25:25
NOTE-0002376,CL-0002266,2026-01-08 17:19:25,Adjuster_31,Investigation Update,Claim denied per policy exclusion for pre-existing damage. Evidence shows damage predates policy effective date. Denial letter sent to insured.,2026-03-27 18:36:25
NOTE-0002377,CL-0002150,2026-04-18 17:46:25,Adjuster_25,Investigation Update,Contacted claimant via phone. They confirmed the timeline of events. No inconsistencies in their account. Proceeding with standard assessment.,2026-05-25 19:09:25
NOTE-0002378,CL-0000387,2026-03-22 05:20:25,Adjuster_24,Payment Processing,Claimant attorney has sent letter of representation. All future communication must go through counsel. Updating file restrictions.,2026-02-04 04:18:25
NOTE-0002379,CL-0004624,2026-03-13 01:55:25,Adjuster_19,Initial Assessment,Subrogation potential identified. Third party clearly at fault per police report. Opening recovery file and notifying subrogation unit.,2026-05-22 16:20:25
NOTE-0002380,CL-0001626,2025-12-02 05:44:25,Adjuster_18,Closure Summary,Workers comp claim validated. Employee was performing regular duties when injury occurred. Employer confirms no safety violations. Approving benefits.,2025-06-12 01:25:25
NOTE-0002381,CL-0004957,2025-08-05 02:37:25,Adjuster_30,Payment Processing,Contacted claimant via phone. They confirmed the timeline of events. No inconsistencies in their account. Proceeding with standard assessment.,2025-10-25 18:17:25
NOTE-0002382,CL-0004555,2025-09-30 01:41:25,Adjuster_39,Payment Processing,Claimant attorney has sent letter of representation. All future communication must go through counsel. Updating file restrictions.,2025-09-26 17:00:25
NOTE-0002383,CL-0003499,2025-06-17 10:47:25,Adjuster_25,Initial Assessment,Repair completed and final inspection passed. Work quality is satisfactory. Releasing final payment to contractor. File ready for closure.,2026-04-27 07:49:25
NOTE-0002384,CL-0002969,2025-08-07 13:36:25,Adjuster_50,Investigation Update,Claimant is frustrated with processing time. Escalated to supervisor. Need to expedite review and provide status update within 24 hours.,2025-10-17 17:16:25
NOTE-0002385,CL-0003280,2026-02-18 10:53:25,Adjuster_46,Investigation Update,Payment issued to claimant. Check number referenced in system. Closing file pending 30-day satisfaction period. No further action needed.,2026-01-22 15:28:25
NOTE-0002386,CL-0000489,2026-05-21 23:58:25,Adjuster_4,Investigation Update,Repair completed and final inspection passed. Work quality is satisfactory. Releasing final payment to contractor. File ready for closure.,2025-10-18 20:26:25
NOTE-0002387,CL-0004086,2025-09-23 00:59:25,Adjuster_9,Initial Assessment,Claimant attorney has sent letter of representation. All future communication must go through counsel. Updating file restrictions.,2025-10-09 06:21:25
NOTE-0002388,CL-0000279,2025-06-25 23:27:25,Adjuster_21,Initial Assessment,Multiple claims from same location within 6 months. Pattern suggests possible fraud. Flagging for SIU review before further processing.,2025-08-29 11:11:25
NOTE-0002389,CL-0004030,2025-09-26 23:20:25,Adjuster_48,Investigation Update,Subrogation potential identified. Third party clearly at fault per police report. Opening recovery file and notifying subrogation unit.,2025-08-25 21:29:25
NOTE-0002390,CL-0001731,2025-06-05 20:16:25,Adjuster_34,Closure Summary,Claim denied per policy exclusion for pre-existing damage. Evidence shows damage predates policy effective date. Denial letter sent to insured.,2025-09-28 19:20:25
NOTE-0002391,CL-0003976,2026-05-11 09:56:25,Adjuster_15,Investigation Update,Multiple claims from same location within 6 months. Pattern suggests possible fraud. Flagging for SIU review before further processing.,2025-07-03 19:57:25
NOTE-0002392,CL-0004765,2025-11-25 15:02:25,Adjuster_26,Initial Assessment,Medical records received from treating physician. Injuries consistent with described accident. IME may not be necessary for this severity level.,2026-04-23 21:27:25
NOTE-0002393,CL-0000069,2025-09-21 10:27:25,Adjuster_40,Claimant Communication,Workers comp claim validated. Employee was performing regular duties when injury occurred. Employer confirms no safety violations. Approving benefits.,2025-08-21 05:31:25
NOTE-0002394,CL-0000071,2026-02-26 18:53:25,Adjuster_18,Claimant Communication,Reviewed contractor estimate. Amount seems reasonable for scope of work. Approving payment minus deductible. Will notify policyholder.,2025-11-12 23:38:25
NOTE-0002395,CL-0003146,2026-04-20 17:11:25,Adjuster_23,Closure Summary,Contacted claimant via phone. They confirmed the timeline of events. No inconsistencies in their account. Proceeding with standard assessment.,2025-05-26 04:55:25
NOTE-0002396,CL-0003429,2026-02-23 01:07:25,Adjuster_5,Claimant Communication,Workers comp claim validated. Employee was performing regular duties when injury occurred. Employer confirms no safety violations. Approving benefits.,2026-01-08 10:46:25
NOTE-0002397,CL-0001664,2026-01-09 21:07:25,Adjuster_50,Initial Assessment,Subrogation potential identified. Third party clearly at fault per police report. Opening recovery file and notifying subrogation unit.,2026-03-09 22:44:25
NOTE-0002398,CL-0000189,2025-08-21 11:18:25,Adjuster_30,Payment Processing,Reviewed contractor estimate. Amount seems reasonable for scope of work. Approving payment minus deductible. Will notify policyholder.,2025-07-17 13:54:25
NOTE-0002399,CL-0003530,2025-10-27 15:07:25,Adjuster_38,Closure Summary,Subrogation potential identified. Third party clearly at fault per police report. Opening recovery file and notifying subrogation unit.,2026-04-29 10:27:25
NOTE-0002400,CL-0000442,2025-07-02 21:02:25,Adjuster_12,Initial Assessment,Workers comp claim validated. Employee was performing regular duties when injury occurred. Employer confirms no safety violations. Approving benefits.,2026-01-10 13:22:25
NOTE-0002401,CL-0001657,2025-08-18 10:19:25,Adjuster_38,Initial Assessment,"Weather data confirms severe storm in area on date of loss. NOAA records show wind gusts exceeding 70mph. Claim is weather-related, approved.",2025-06-14 13:46:25
NOTE-0002402,CL-0004177,2026-02-01 17:45:25,Adjuster_7,Initial Assessment,Medical records received from treating physician. Injuries consistent with described accident. IME may not be necessary for this severity level.,2025-10-07 10:54:25
NOTE-0002403,CL-0002931,2025-07-19 09:00:25,Adjuster_14,Closure Summary,Claimant attorney has sent letter of representation. All future communication must go through counsel. Updating file restrictions.,2026-01-19 07:43:25
NOTE-0002404,CL-0002268,2026-01-29 22:39:25,Adjuster_44,Initial Assessment,Claim denied per policy exclusion for pre-existing damage. Evidence shows damage predates policy effective date. Denial letter sent to insured.,2025-07-12 14:49:25
NOTE-0002405,CL-0003820,2026-02-18 01:17:25,Adjuster_26,Payment Processing,Medical records received from treating physician. Injuries consistent with described accident. IME may not be necessary for this severity level.,2025-10-30 05:53:25
NOTE-0002406,CL-0001180,2026-01-31 23:32:25,Adjuster_39,Closure Summary,Claimant is frustrated with processing time. Escalated to supervisor. Need to expedite review and provide status update within 24 hours.,2025-06-27 11:15:25
NOTE-0002407,CL-0000048,2025-08-02 02:00:25,Adjuster_47,Investigation Update,Contacted claimant via phone. They confirmed the timeline of events. No inconsistencies in their account. Proceeding with standard assessment.,2025-07-17 17:20:25
NOTE-0002408,CL-0000189,2025-12-16 23:59:25,Adjuster_37,Payment Processing,Claimant is frustrated with processing time. Escalated to supervisor. Need to expedite review and provide status update within 24 hours.,2026-02-19 17:41:25
NOTE-0002409,CL-0000663,2026-04-22 18:52:25,Adjuster_7,Initial Assessment,Claimant attorney has sent letter of representation. All future communication must go through counsel. Updating file restrictions.,2025-07-07 15:18:25
NOTE-0002410,CL-0002167,2026-04-30 17:00:25,Adjuster_31,Payment Processing,Reviewed contractor estimate. Amount seems reasonable for scope of work. Approving payment minus deductible. Will notify policyholder.,2025-09-28 21:46:25
NOTE-0002411,CL-0002796,2026-02-09 13:38:25,Adjuster_11,Investigation Update,Medical records received from treating physician. Injuries consistent with described accident. IME may not be necessary for this severity level.,2025-11-11 13:57:25
NOTE-0002412,CL-0004410,2025-12-13 01:27:25,Adjuster_6,Payment Processing,"Weather data confirms severe storm in area on date of loss. NOAA records show wind gusts exceeding 70mph. Claim is weather-related, approved.",2026-03-16 22:09:25
NOTE-0002413,CL-0004805,2026-02-20 10:09:25,Adjuster_43,Closure Summary,"Weather data confirms severe storm in area on date of loss. NOAA records show wind gusts exceeding 70mph. Claim is weather-related, approved.",2025-05-30 13:39:25
NOTE-0002414,CL-0004137,2026-04-24 23:14:25,Adjuster_22,Closure Summary,Claimant attorney has sent letter of representation. All future communication must go through counsel. Updating file restrictions.,2025-09-25 19:18:25
NOTE-0002415,CL-0003856,2025-09-13 20:38:25,Adjuster_48,Closure Summary,Workers comp claim validated. Employee was performing regular duties when injury occurred. Employer confirms no safety violations. Approving benefits.,2026-01-09 18:13:25
NOTE-0002416,CL-0001435,2026-03-01 14:38:25,Adjuster_5,Payment Processing,Claim denied per policy exclusion for pre-existing damage. Evidence shows damage predates policy effective date. Denial letter sent to insured.,2026-04-18 21:31:25
NOTE-0002417,CL-0002094,2025-07-27 08:54:25,Adjuster_8,Investigation Update,"Weather data confirms severe storm in area on date of loss. NOAA records show wind gusts exceeding 70mph. Claim is weather-related, approved.",2025-08-07 07:18:25
NOTE-0002418,CL-0000591,2026-05-16 17:18:25,Adjuster_4,Investigation Update,Claimant attorney has sent letter of representation. All future communication must go through counsel. Updating file restrictions.,2026-03-27 08:59:25
NOTE-0002419,CL-0001089,2025-12-06 08:53:25,Adjuster_1,Closure Summary,Site inspection completed. Damage is consistent with reported cause of loss. Photos uploaded to file. Recommend approval for repair estimate.,2026-03-05 03:22:25
NOTE-0002420,CL-0002873,2026-04-21 11:24:25,Adjuster_3,Claimant Communication,Payment issued to claimant. Check number referenced in system. Closing file pending 30-day satisfaction period. No further action needed.,2025-10-21 22:47:25
NOTE-0002421,CL-0004847,2026-03-14 18:36:25,Adjuster_29,Closure Summary,Repair completed and final inspection passed. Work quality is satisfactory. Releasing final payment to contractor. File ready for closure.,2026-01-04 10:41:25
NOTE-0002422,CL-0003398,2025-06-06 04:41:25,Adjuster_46,Initial Assessment,Workers comp claim validated. Employee was performing regular duties when injury occurred. Employer confirms no safety violations. Approving benefits.,2026-02-28 10:17:25
NOTE-0002423,CL-0003971,2026-05-13 22:10:25,Adjuster_34,Payment Processing,Repair completed and final inspection passed. Work quality is satisfactory. Releasing final payment to contractor. File ready for closure.,2025-11-27 17:44:25
NOTE-0002424,CL-0004764,2026-04-14 12:06:25,Adjuster_32,Payment Processing,Workers comp claim validated. Employee was performing regular duties when injury occurred. Employer confirms no safety violations. Approving benefits.,2025-06-24 07:57:25
NOTE-0002425,CL-0001014,2025-08-28 03:01:25,Adjuster_11,Payment Processing,SUSPICIOUS: Timeline of events does not align with witness statements. Damage pattern inconsistent with reported cause. Referring to SIU for further investigation.,2025-12-04 06:57:25
NOTE-0002426,CL-0004052,2025-06-02 14:53:25,Adjuster_34,Closure Summary,Payment issued to claimant. Check number referenced in system. Closing file pending 30-day satisfaction period. No further action needed.,2025-12-02 12:58:25
NOTE-0002427,CL-0003253,2026-01-03 01:21:25,Adjuster_19,Investigation Update,Claim denied per policy exclusion for pre-existing damage. Evidence shows damage predates policy effective date. Denial letter sent to insured.,2025-06-28 17:53:25
NOTE-0002428,CL-0002222,2025-09-02 02:47:25,Adjuster_49,Initial Assessment,Multiple claims from same location within 6 months. Pattern suggests possible fraud. Flagging for SIU review before further processing.,2025-08-19 14:52:25
NOTE-0002429,CL-0004968,2025-06-12 21:15:25,Adjuster_25,Initial Assessment,Multiple claims from same location within 6 months. Pattern suggests possible fraud. Flagging for SIU review before further processing.,2025-07-17 09:18:25
NOTE-0002430,CL-0001480,2025-07-02 00:14:25,Adjuster_7,Closure Summary,Payment issued to claimant. Check number referenced in system. Closing file pending 30-day satisfaction period. No further action needed.,2026-01-29 15:59:25
NOTE-0002431,CL-0000439,2026-04-16 19:20:25,Adjuster_30,Closure Summary,Payment issued to claimant. Check number referenced in system. Closing file pending 30-day satisfaction period. No further action needed.,2025-05-25 21:00:25
NOTE-0002432,CL-0001971,2025-09-30 22:29:25,Adjuster_16,Investigation Update,Claim denied per policy exclusion for pre-existing damage. Evidence shows damage predates policy effective date. Denial letter sent to insured.,2025-11-23 00:38:25
NOTE-0002433,CL-0002485,2026-05-01 14:31:25,Adjuster_17,Payment Processing,Police report obtained. Details match claimant statement. No evidence of prior damage or fraud indicators. Proceeding with normal processing.,2025-08-21 03:13:25
NOTE-0002434,CL-0000857,2026-05-23 07:01:25,Adjuster_26,Claimant Communication,Reviewed contractor estimate. Amount seems reasonable for scope of work. Approving payment minus deductible. Will notify policyholder.,2025-10-29 04:02:25
NOTE-0002435,CL-0002555,2026-04-20 11:19:25,Adjuster_12,Claimant Communication,Claim denied per policy exclusion for pre-existing damage. Evidence shows damage predates policy effective date. Denial letter sent to insured.,2026-03-23 10:11:25
NOTE-0002436,CL-0001200,2026-02-27 21:15:25,Adjuster_24,Investigation Update,Police report obtained. Details match claimant statement. No evidence of prior damage or fraud indicators. Proceeding with normal processing.,2026-05-08 23:41:25
NOTE-0002437,CL-0002345,2025-09-22 07:27:25,Adjuster_1,Closure Summary,Payment issued to claimant. Check number referenced in system. Closing file pending 30-day satisfaction period. No further action needed.,2025-08-05 15:40:25
NOTE-0002438,CL-0002196,2026-02-08 22:48:25,Adjuster_47,Claimant Communication,Payment issued to claimant. Check number referenced in system. Closing file pending 30-day satisfaction period. No further action needed.,2025-08-19 00:33:25
NOTE-0002439,CL-0000674,2025-11-24 21:37:25,Adjuster_20,Payment Processing,Subrogation potential identified. Third party clearly at fault per police report. Opening recovery file and notifying subrogation unit.,2025-11-13 23:46:25
NOTE-0002440,CL-0004154,2026-05-05 21:49:25,Adjuster_13,Initial Assessment,Contacted claimant via phone. They confirmed the timeline of events. No inconsistencies in their account. Proceeding with standard assessment.,2025-06-19 04:24:25
NOTE-0002441,CL-0004724,2026-04-07 13:59:25,Adjuster_32,Investigation Update,Reviewed contractor estimate. Amount seems reasonable for scope of work. Approving payment minus deductible. Will notify policyholder.,2025-09-25 01:46:25
NOTE-0002442,CL-0000397,2025-08-09 12:22:25,Adjuster_10,Payment Processing,Claimant attorney has sent letter of representation. All future communication must go through counsel. Updating file restrictions.,2026-03-06 18:48:25
NOTE-0002443,CL-0001120,2025-12-30 03:42:25,Adjuster_36,Initial Assessment,Payment issued to claimant. Check number referenced in system. Closing file pending 30-day satisfaction period. No further action needed.,2025-07-17 00:11:25
NOTE-0002444,CL-0001738,2026-03-29 20:53:25,Adjuster_25,Initial Assessment,Contacted claimant via phone. They confirmed the timeline of events. No inconsistencies in their account. Proceeding with standard assessment.,2026-04-19 06:55:25
NOTE-0002445,CL-0003150,2025-06-05 04:03:25,Adjuster_33,Payment Processing,Police report obtained. Details match claimant statement. No evidence of prior damage or fraud indicators. Proceeding with normal processing.,2025-07-19 17:39:25
NOTE-0002446,CL-0003020,2025-12-09 19:32:25,Adjuster_4,Claimant Communication,Payment issued to claimant. Check number referenced in system. Closing file pending 30-day satisfaction period. No further action needed.,2025-06-15 18:15:25
NOTE-0002447,CL-0000473,2026-02-16 11:46:25,Adjuster_30,Claimant Communication,Medical records received from treating physician. Injuries consistent with described accident. IME may not be necessary for this severity level.,2025-07-15 19:13:25
NOTE-0002448,CL-0001657,2025-08-11 08:25:25,Adjuster_7,Payment Processing,Police report obtained. Details match claimant statement. No evidence of prior damage or fraud indicators. Proceeding with normal processing.,2026-02-07 07:24:25
NOTE-0002449,CL-0002325,2025-12-26 10:06:25,Adjuster_45,Claimant Communication,Claimant is frustrated with processing time. Escalated to supervisor. Need to expedite review and provide status update within 24 hours.,2025-11-25 05:48:25
NOTE-0002450,CL-0002918,2025-10-09 00:17:25,Adjuster_19,Payment Processing,Medical records received from treating physician. Injuries consistent with described accident. IME may not be necessary for this severity level.,2025-07-17 05:49:25
NOTE-0002451,CL-0004017,2025-09-15 09:20:25,Adjuster_27,Investigation Update,Workers comp claim validated. Employee was performing regular duties when injury occurred. Employer confirms no safety violations. Approving benefits.,2025-08-17 01:47:25
NOTE-0002452,CL-0001554,2026-05-03 21:40:25,Adjuster_3,Initial Assessment,Workers comp claim validated. Employee was performing regular duties when injury occurred. Employer confirms no safety violations. Approving benefits.,2025-11-12 04:36:25
NOTE-0002453,CL-0000536,2026-05-20 23:59:25,Adjuster_41,Claimant Communication,Payment issued to claimant. Check number referenced in system. Closing file pending 30-day satisfaction period. No further action needed.,2025-07-14 12:11:25
NOTE-0002454,CL-0002422,2025-09-15 14:34:25,Adjuster_42,Claimant Communication,Claimant is frustrated with processing time. Escalated to supervisor. Need to expedite review and provide status update within 24 hours.,2026-03-17 05:27:25
NOTE-0002455,CL-0001757,2026-01-27 23:23:25,Adjuster_13,Claimant Communication,Police report obtained. Details match claimant statement. No evidence of prior damage or fraud indicators. Proceeding with normal processing.,2026-05-23 17:37:25
NOTE-0002456,CL-0002015,2026-02-07 19:09:25,Adjuster_45,Investigation Update,Claimant is frustrated with processing time. Escalated to supervisor. Need to expedite review and provide status update within 24 hours.,2026-03-11 09:49:25
NOTE-0002457,CL-0001166,2025-09-28 21:16:25,Adjuster_46,Investigation Update,Contacted claimant via phone. They confirmed the timeline of events. No inconsistencies in their account. Proceeding with standard assessment.,2025-09-08 18:12:25
NOTE-0002458,CL-0000500,2025-08-13 10:21:25,Adjuster_45,Investigation Update,SUSPICIOUS: Timeline of events does not align with witness statements. Damage pattern inconsistent with reported cause. Referring to SIU for further investigation.,2026-03-19 02:02:25
NOTE-0002459,CL-0000418,2025-06-25 07:01:25,Adjuster_7,Initial Assessment,Subrogation potential identified. Third party clearly at fault per police report. Opening recovery file and notifying subrogation unit.,2026-04-17 15:59:25
NOTE-0002460,CL-0002266,2026-01-01 08:15:25,Adjuster_3,Claimant Communication,Medical records received from treating physician. Injuries consistent with described accident. IME may not be necessary for this severity level.,2025-07-08 12:44:25
NOTE-0002461,CL-0002409,2026-02-25 19:50:25,Adjuster_49,Payment Processing,Payment issued to claimant. Check number referenced in system. Closing file pending 30-day satisfaction period. No further action needed.,2025-08-09 19:46:25
NOTE-0002462,CL-0002785,2025-12-10 07:33:25,Adjuster_36,Closure Summary,Subrogation potential identified. Third party clearly at fault per police report. Opening recovery file and notifying subrogation unit.,2025-08-14 22:38:25
NOTE-0002463,CL-0003664,2026-03-22 02:02:25,Adjuster_3,Payment Processing,Workers comp claim validated. Employee was performing regular duties when injury occurred. Employer confirms no safety violations. Approving benefits.,2026-04-16 23:44:25
NOTE-0002464,CL-0001651,2025-12-05 07:11:25,Adjuster_21,Closure Summary,Workers comp claim validated. Employee was performing regular duties when injury occurred. Employer confirms no safety violations. Approving benefits.,2026-05-24 17:37:25
NOTE-0002465,CL-0003558,2025-07-23 06:01:25,Adjuster_50,Claimant Communication,Reviewed contractor estimate. Amount seems reasonable for scope of work. Approving payment minus deductible. Will notify policyholder.,2026-02-23 15:05:25
NOTE-0002466,CL-0002150,2025-09-18 10:29:25,Adjuster_7,Initial Assessment,SUSPICIOUS: Timeline of events does not align with witness statements. Damage pattern inconsistent with reported cause. Referring to SIU for further investigation.,2025-06-25 06:33:25
NOTE-0002467,CL-0003090,2025-08-18 16:01:25,Adjuster_24,Investigation Update,Reviewed contractor estimate. Amount seems reasonable for scope of work. Approving payment minus deductible. Will notify policyholder.,2026-03-07 12:12:25
NOTE-0002468,CL-0004155,2025-06-06 09:41:25,Adjuster_14,Closure Summary,Claimant attorney has sent letter of representation. All future communication must go through counsel. Updating file restrictions.,2025-10-16 22:31:25
NOTE-0002469,CL-0003833,2026-04-10 23:26:25,Adjuster_11,Payment Processing,Claimant is frustrated with processing time. Escalated to supervisor. Need to expedite review and provide status update within 24 hours.,2025-06-09 01:27:25
NOTE-0002470,CL-0004292,2025-12-15 05:23:25,Adjuster_28,Claimant Communication,"Weather data confirms severe storm in area on date of loss. NOAA records show wind gusts exceeding 70mph. Claim is weather-related, approved.",2025-05-27 20:57:25
NOTE-0002471,CL-0001882,2025-07-18 03:27:25,Adjuster_7,Payment Processing,Site inspection completed. Damage is consistent with reported cause of loss. Photos uploaded to file. Recommend approval for repair estimate.,2026-01-30 10:21:25
NOTE-0002472,CL-0003651,2025-09-20 22:15:25,Adjuster_15,Investigation Update,"Weather data confirms severe storm in area on date of loss. NOAA records show wind gusts exceeding 70mph. Claim is weather-related, approved.",2025-08-25 19:57:25
NOTE-0002473,CL-0000435,2025-07-06 05:19:25,Adjuster_34,Payment Processing,Medical records received from treating physician. Injuries consistent with described accident. IME may not be necessary for this severity level.,2026-01-11 14:57:25
NOTE-0002474,CL-0001292,2025-09-21 23:26:25,Adjuster_30,Claimant Communication,Payment issued to claimant. Check number referenced in system. Closing file pending 30-day satisfaction period. No further action needed.,2025-10-06 02:00:25
NOTE-0002475,CL-0004234,2025-11-02 01:53:25,Adjuster_37,Closure Summary,Claimant attorney has sent letter of representation. All future communication must go through counsel. Updating file restrictions.,2025-10-15 14:51:25
NOTE-0002476,CL-0003229,2025-10-22 10:45:25,Adjuster_31,Initial Assessment,Multiple claims from same location within 6 months. Pattern suggests possible fraud. Flagging for SIU review before further processing.,2025-11-11 17:09:25
NOTE-0002477,CL-0003203,2026-05-09 12:35:25,Adjuster_3,Claimant Communication,Repair completed and final inspection passed. Work quality is satisfactory. Releasing final payment to contractor. File ready for closure.,2025-08-18 19:00:25
NOTE-0002478,CL-0004605,2025-08-25 01:48:25,Adjuster_11,Initial Assessment,Reviewed contractor estimate. Amount seems reasonable for scope of work. Approving payment minus deductible. Will notify policyholder.,2025-12-26 02:21:25
NOTE-0002479,CL-0003058,2026-05-21 17:07:25,Adjuster_40,Investigation Update,Claimant is frustrated with processing time. Escalated to supervisor. Need to expedite review and provide status update within 24 hours.,2026-03-28 18:32:25
NOTE-0002480,CL-0002751,2026-03-19 01:05:25,Adjuster_40,Closure Summary,Payment issued to claimant. Check number referenced in system. Closing file pending 30-day satisfaction period. No further action needed.,2025-11-18 04:14:25
NOTE-0002481,CL-0004693,2026-01-01 15:54:25,Adjuster_9,Claimant Communication,Claim denied per policy exclusion for pre-existing damage. Evidence shows damage predates policy effective date. Denial letter sent to insured.,2025-12-19 23:20:25
NOTE-0002482,CL-0001134,2026-05-11 11:34:25,Adjuster_45,Claimant Communication,Medical records received from treating physician. Injuries consistent with described accident. IME may not be necessary for this severity level.,2025-09-17 08:31:25
NOTE-0002483,CL-0002202,2026-03-17 21:27:25,Adjuster_35,Payment Processing,"Weather data confirms severe storm in area on date of loss. NOAA records show wind gusts exceeding 70mph. Claim is weather-related, approved.",2025-08-28 10:41:25
NOTE-0002484,CL-0004904,2025-11-16 18:23:25,Adjuster_5,Claimant Communication,Payment issued to claimant. Check number referenced in system. Closing file pending 30-day satisfaction period. No further action needed.,2025-09-20 11:24:25
NOTE-0002485,CL-0000450,2025-06-19 22:52:25,Adjuster_25,Investigation Update,Multiple claims from same location within 6 months. Pattern suggests possible fraud. Flagging for SIU review before further processing.,2025-10-31 21:39:25
NOTE-0002486,CL-0000780,2026-03-30 03:59:25,Adjuster_23,Claimant Communication,"Weather data confirms severe storm in area on date of loss. NOAA records show wind gusts exceeding 70mph. Claim is weather-related, approved.",2026-03-25 19:05:25
NOTE-0002487,CL-0004984,2026-04-03 18:25:25,Adjuster_4,Claimant Communication,Repair completed and final inspection passed. Work quality is satisfactory. Releasing final payment to contractor. File ready for closure.,2026-03-22 22:05:25
NOTE-0002488,CL-0004006,2026-01-22 15:19:25,Adjuster_9,Claimant Communication,Workers comp claim validated. Employee was performing regular duties when injury occurred. Employer confirms no safety violations. Approving benefits.,2026-04-16 08:38:25
NOTE-0002489,CL-0003417,2025-12-09 17:25:25,Adjuster_21,Initial Assessment,Multiple claims from same location within 6 months. Pattern suggests possible fraud. Flagging for SIU review before further processing.,2026-03-06 14:56:25
NOTE-0002490,CL-0003965,2025-08-12 00:31:25,Adjuster_36,Closure Summary,Police report obtained. Details match claimant statement. No evidence of prior damage or fraud indicators. Proceeding with normal processing.,2026-02-09 22:08:25
NOTE-0002491,CL-0003827,2026-02-09 15:19:25,Adjuster_41,Claimant Communication,Repair completed and final inspection passed. Work quality is satisfactory. Releasing final payment to contractor. File ready for closure.,2025-07-13 03:12:25
NOTE-0002492,CL-0004772,2025-06-07 19:18:25,Adjuster_14,Closure Summary,Medical records received from treating physician. Injuries consistent with described accident. IME may not be necessary for this severity level.,2026-05-21 23:40:25
NOTE-0002493,CL-0002330,2025-12-10 17:49:25,Adjuster_3,Closure Summary,Medical records received from treating physician. Injuries consistent with described accident. IME may not be necessary for this severity level.,2026-01-12 08:25:25
NOTE-0002494,CL-0003507,2026-04-03 03:47:25,Adjuster_44,Closure Summary,SUSPICIOUS: Timeline of events does not align with witness statements. Damage pattern inconsistent with reported cause. Referring to SIU for further investigation.,2025-05-30 01:32:25
NOTE-0002495,CL-0002794,2025-10-12 13:56:25,Adjuster_46,Payment Processing,Police report obtained. Details match claimant statement. No evidence of prior damage or fraud indicators. Proceeding with normal processing.,2025-08-13 21:33:25
NOTE-0002496,CL-0001546,2025-06-12 09:00:25,Adjuster_10,Claimant Communication,Claimant attorney has sent letter of representation. All future communication must go through counsel. Updating file restrictions.,2025-06-17 07:01:25
NOTE-0002497,CL-0004375,2025-06-01 11:52:25,Adjuster_13,Claimant Communication,Payment issued to claimant. Check number referenced in system. Closing file pending 30-day satisfaction period. No further action needed.,2025-05-29 18:29:25
NOTE-0002498,CL-0001618,2025-06-02 21:42:25,Adjuster_24,Investigation Update,Claimant attorney has sent letter of representation. All future communication must go through counsel. Updating file restrictions.,2025-09-26 18:46:25
NOTE-0002499,CL-0000911,2025-07-26 23:55:25,Adjuster_10,Closure Summary,Multiple claims from same location within 6 months. Pattern suggests possible fraud. Flagging for SIU review before further processing.,2026-04-23 23:35:25
NOTE-0002500,CL-0000015,2025-09-13 07:23:25,Adjuster_19,Investigation Update,Claimant is frustrated with processing time. Escalated to supervisor. Need to expedite review and provide status update within 24 hours.,2026-02-10 20:03:25
NOTE-0002501,CL-0003391,2025-05-31 07:03:25,Adjuster_7,Closure Summary,Repair completed and final inspection passed. Work quality is satisfactory. Releasing final payment to contractor. File ready for closure.,2025-12-24 08:49:25
NOTE-0002502,CL-0003365,2026-02-04 05:26:25,Adjuster_21,Investigation Update,Reviewed contractor estimate. Amount seems reasonable for scope of work. Approving payment minus deductible. Will notify policyholder.,2026-01-02 05:01:25
NOTE-0002503,CL-0000328,2025-12-01 16:20:25,Adjuster_46,Investigation Update,Contacted claimant via phone. They confirmed the timeline of events. No inconsistencies in their account. Proceeding with standard assessment.,2026-02-01 23:19:25
NOTE-0002504,CL-0004353,2026-03-31 18:24:25,Adjuster_15,Investigation Update,Workers comp claim validated. Employee was performing regular duties when injury occurred. Employer confirms no safety violations. Approving benefits.,2025-07-06 13:42:25
NOTE-0002505,CL-0004875,2026-03-03 03:50:25,Adjuster_42,Closure Summary,Contacted claimant via phone. They confirmed the timeline of events. No inconsistencies in their account. Proceeding with standard assessment.,2025-08-08 07:47:25
NOTE-0002506,CL-0001989,2026-03-12 23:40:25,Adjuster_37,Investigation Update,SUSPICIOUS: Timeline of events does not align with witness statements. Damage pattern inconsistent with reported cause. Referring to SIU for further investigation.,2025-06-23 05:26:25
NOTE-0002507,CL-0002549,2025-05-31 15:55:25,Adjuster_49,Investigation Update,Claimant is frustrated with processing time. Escalated to supervisor. Need to expedite review and provide status update within 24 hours.,2026-01-10 19:09:25
NOTE-0002508,CL-0000485,2025-07-08 10:27:25,Adjuster_23,Closure Summary,Claim denied per policy exclusion for pre-existing damage. Evidence shows damage predates policy effective date. Denial letter sent to insured.,2026-05-25 10:25:25
NOTE-0002509,CL-0004990,2025-07-22 13:30:25,Adjuster_47,Payment Processing,Medical records received from treating physician. Injuries consistent with described accident. IME may not be necessary for this severity level.,2026-01-25 03:21:25
NOTE-0002510,CL-0002076,2025-07-13 17:51:25,Adjuster_30,Initial Assessment,Multiple claims from same location within 6 months. Pattern suggests possible fraud. Flagging for SIU review before further processing.,2025-08-21 10:20:25
NOTE-0002511,CL-0000567,2026-01-24 02:54:25,Adjuster_28,Investigation Update,Medical records received from treating physician. Injuries consistent with described accident. IME may not be necessary for this severity level.,2025-11-28 19:31:25
NOTE-0002512,CL-0001001,2026-03-21 20:34:25,Adjuster_49,Closure Summary,Claim denied per policy exclusion for pre-existing damage. Evidence shows damage predates policy effective date. Denial letter sent to insured.,2026-02-15 20:29:25
NOTE-0002513,CL-0000582,2025-06-13 12:01:25,Adjuster_28,Initial Assessment,"Weather data confirms severe storm in area on date of loss. NOAA records show wind gusts exceeding 70mph. Claim is weather-related, approved.",2026-03-24 05:29:25
NOTE-0002514,CL-0003639,2025-06-20 12:40:25,Adjuster_36,Initial Assessment,Claimant attorney has sent letter of representation. All future communication must go through counsel. Updating file restrictions.,2026-05-16 15:23:25
NOTE-0002515,CL-0000563,2026-02-22 02:23:25,Adjuster_15,Closure Summary,Claimant attorney has sent letter of representation. All future communication must go through counsel. Updating file restrictions.,2025-07-08 07:36:25
NOTE-0002516,CL-0000460,2025-09-08 04:08:25,Adjuster_39,Initial Assessment,Subrogation potential identified. Third party clearly at fault per police report. Opening recovery file and notifying subrogation unit.,2025-10-03 04:18:25
NOTE-0002517,CL-0000509,2025-07-30 22:11:25,Adjuster_37,Closure Summary,Repair completed and final inspection passed. Work quality is satisfactory. Releasing final payment to contractor. File ready for closure.,2025-09-15 21:10:25
NOTE-0002518,CL-0000952,2026-03-01 18:44:25,Adjuster_5,Investigation Update,Claimant is frustrated with processing time. Escalated to supervisor. Need to expedite review and provide status update within 24 hours.,2026-04-07 14:02:25
NOTE-0002519,CL-0003449,2025-10-21 05:10:25,Adjuster_8,Investigation Update,Claim denied per policy exclusion for pre-existing damage. Evidence shows damage predates policy effective date. Denial letter sent to insured.,2025-11-13 03:37:25
NOTE-0002520,CL-0000702,2026-02-13 09:16:25,Adjuster_27,Initial Assessment,Reviewed contractor estimate. Amount seems reasonable for scope of work. Approving payment minus deductible. Will notify policyholder.,2025-09-17 15:06:25
NOTE-0002521,CL-0002312,2026-02-13 01:06:25,Adjuster_29,Investigation Update,Workers comp claim validated. Employee was performing regular duties when injury occurred. Employer confirms no safety violations. Approving benefits.,2025-11-14 18:45:25
NOTE-0002522,CL-0002368,2025-09-08 08:17:25,Adjuster_32,Payment Processing,Claimant attorney has sent letter of representation. All future communication must go through counsel. Updating file restrictions.,2026-01-13 10:03:25
NOTE-0002523,CL-0001711,2025-08-29 16:24:25,Adjuster_29,Payment Processing,Claim denied per policy exclusion for pre-existing damage. Evidence shows damage predates policy effective date. Denial letter sent to insured.,2025-12-03 05:05:25
NOTE-0002524,CL-0001144,2025-12-08 15:42:25,Adjuster_27,Investigation Update,Site inspection completed. Damage is consistent with reported cause of loss. Photos uploaded to file. Recommend approval for repair estimate.,2026-02-26 13:10:25
NOTE-0002525,CL-0004020,2026-03-27 08:19:25,Adjuster_46,Closure Summary,Contacted claimant via phone. They confirmed the timeline of events. No inconsistencies in their account. Proceeding with standard assessment.,2026-02-16 17:39:25
NOTE-0002526,CL-0004202,2026-05-10 18:36:25,Adjuster_4,Investigation Update,Claim denied per policy exclusion for pre-existing damage. Evidence shows damage predates policy effective date. Denial letter sent to insured.,2025-12-05 17:53:25
NOTE-0002527,CL-0003121,2025-09-04 14:52:25,Adjuster_50,Claimant Communication,Claimant attorney has sent letter of representation. All future communication must go through counsel. Updating file restrictions.,2026-01-09 10:52:25
NOTE-0002528,CL-0002091,2026-05-03 05:16:25,Adjuster_7,Claimant Communication,"Weather data confirms severe storm in area on date of loss. NOAA records show wind gusts exceeding 70mph. Claim is weather-related, approved.",2026-01-01 01:06:25
NOTE-0002529,CL-0001468,2026-05-01 09:05:25,Adjuster_46,Investigation Update,Claimant attorney has sent letter of representation. All future communication must go through counsel. Updating file restrictions.,2026-01-31 13:39:25
NOTE-0002530,CL-0001659,2025-11-23 06:09:25,Adjuster_12,Investigation Update,Site inspection completed. Damage is consistent with reported cause of loss. Photos uploaded to file. Recommend approval for repair estimate.,2025-12-23 06:03:25
NOTE-0002531,CL-0004582,2025-11-01 22:51:25,Adjuster_38,Claimant Communication,Contacted claimant via phone. They confirmed the timeline of events. No inconsistencies in their account. Proceeding with standard assessment.,2026-04-22 22:27:25
NOTE-0002532,CL-0003324,2025-12-11 04:43:25,Adjuster_47,Closure Summary,Reviewed contractor estimate. Amount seems reasonable for scope of work. Approving payment minus deductible. Will notify policyholder.,2026-02-15 19:42:25
NOTE-0002533,CL-0002426,2025-08-08 17:43:25,Adjuster_9,Claimant Communication,Police report obtained. Details match claimant statement. No evidence of prior damage or fraud indicators. Proceeding with normal processing.,2025-11-09 22:19:25
NOTE-0002534,CL-0001507,2025-09-19 07:45:25,Adjuster_25,Closure Summary,Contacted claimant via phone. They confirmed the timeline of events. No inconsistencies in their account. Proceeding with standard assessment.,2026-02-21 03:58:25
NOTE-0002535,CL-0001369,2026-05-26 09:20:25,Adjuster_40,Closure Summary,"Weather data confirms severe storm in area on date of loss. NOAA records show wind gusts exceeding 70mph. Claim is weather-related, approved.",2025-09-02 11:37:25
NOTE-0002536,CL-0003020,2025-09-27 13:48:25,Adjuster_47,Initial Assessment,Claimant is frustrated with processing time. Escalated to supervisor. Need to expedite review and provide status update within 24 hours.,2026-01-07 19:35:25
NOTE-0002537,CL-0001795,2025-12-02 12:24:25,Adjuster_40,Initial Assessment,"Weather data confirms severe storm in area on date of loss. NOAA records show wind gusts exceeding 70mph. Claim is weather-related, approved.",2026-01-05 05:18:25
NOTE-0002538,CL-0004222,2025-05-30 11:42:25,Adjuster_42,Claimant Communication,Police report obtained. Details match claimant statement. No evidence of prior damage or fraud indicators. Proceeding with normal processing.,2026-04-05 19:56:25
NOTE-0002539,CL-0002496,2025-07-08 06:30:25,Adjuster_20,Claimant Communication,Medical records received from treating physician. Injuries consistent with described accident. IME may not be necessary for this severity level.,2025-06-16 18:14:25
NOTE-0002540,CL-0004973,2026-05-21 01:49:25,Adjuster_12,Claimant Communication,Multiple claims from same location within 6 months. Pattern suggests possible fraud. Flagging for SIU review before further processing.,2025-09-27 05:19:25
NOTE-0002541,CL-0001883,2026-01-15 00:40:25,Adjuster_43,Payment Processing,Site inspection completed. Damage is consistent with reported cause of loss. Photos uploaded to file. Recommend approval for repair estimate.,2026-03-30 03:40:25
NOTE-0002542,CL-0003021,2025-07-27 22:58:25,Adjuster_7,Claimant Communication,"Weather data confirms severe storm in area on date of loss. NOAA records show wind gusts exceeding 70mph. Claim is weather-related, approved.",2026-01-30 15:37:25
NOTE-0002543,CL-0000323,2026-02-16 06:43:25,Adjuster_14,Investigation Update,Subrogation potential identified. Third party clearly at fault per police report. Opening recovery file and notifying subrogation unit.,2026-01-01 09:43:25
NOTE-0002544,CL-0003158,2026-05-05 12:01:25,Adjuster_4,Payment Processing,Claimant attorney has sent letter of representation. All future communication must go through counsel. Updating file restrictions.,2026-05-13 14:25:25
NOTE-0002545,CL-0002582,2025-06-22 23:59:25,Adjuster_7,Claimant Communication,Police report obtained. Details match claimant statement. No evidence of prior damage or fraud indicators. Proceeding with normal processing.,2026-04-19 20:23:25
NOTE-0002546,CL-0004164,2025-11-20 07:34:25,Adjuster_45,Closure Summary,Claimant is frustrated with processing time. Escalated to supervisor. Need to expedite review and provide status update within 24 hours.,2026-03-02 01:24:25
NOTE-0002547,CL-0003693,2025-08-13 04:01:25,Adjuster_7,Closure Summary,Payment issued to claimant. Check number referenced in system. Closing file pending 30-day satisfaction period. No further action needed.,2026-01-21 12:19:25
NOTE-0002548,CL-0003928,2025-09-13 11:37:25,Adjuster_43,Investigation Update,SUSPICIOUS: Timeline of events does not align with witness statements. Damage pattern inconsistent with reported cause. Referring to SIU for further investigation.,2026-03-12 14:16:25
NOTE-0002549,CL-0000806,2026-01-08 05:17:25,Adjuster_4,Closure Summary,Police report obtained. Details match claimant statement. No evidence of prior damage or fraud indicators. Proceeding with normal processing.,2025-10-31 07:51:25
NOTE-0002550,CL-0000782,2025-11-26 07:13:25,Adjuster_15,Payment Processing,Claim denied per policy exclusion for pre-existing damage. Evidence shows damage predates policy effective date. Denial letter sent to insured.,2025-08-03 11:22:25
NOTE-0002551,CL-0004583,2025-08-07 20:41:25,Adjuster_25,Claimant Communication,Repair completed and final inspection passed. Work quality is satisfactory. Releasing final payment to contractor. File ready for closure.,2025-06-05 12:53:25
NOTE-0002552,CL-0000457,2025-11-28 19:02:25,Adjuster_15,Payment Processing,Reviewed contractor estimate. Amount seems reasonable for scope of work. Approving payment minus deductible. Will notify policyholder.,2025-11-08 13:58:25
NOTE-0002553,CL-0003267,2025-07-05 19:51:25,Adjuster_24,Claimant Communication,Claimant attorney has sent letter of representation. All future communication must go through counsel. Updating file restrictions.,2025-06-18 18:51:25
NOTE-0002554,CL-0002844,2025-08-09 22:12:25,Adjuster_6,Investigation Update,Repair completed and final inspection passed. Work quality is satisfactory. Releasing final payment to contractor. File ready for closure.,2025-12-26 14:49:25
NOTE-0002555,CL-0004236,2026-02-16 00:47:25,Adjuster_9,Payment Processing,Repair completed and final inspection passed. Work quality is satisfactory. Releasing final payment to contractor. File ready for closure.,2026-05-14 05:57:25
NOTE-0002556,CL-0002589,2025-12-17 05:43:25,Adjuster_32,Initial Assessment,Payment issued to claimant. Check number referenced in system. Closing file pending 30-day satisfaction period. No further action needed.,2025-06-11 14:50:25
NOTE-0002557,CL-0003209,2026-03-19 04:51:25,Adjuster_38,Payment Processing,Subrogation potential identified. Third party clearly at fault per police report. Opening recovery file and notifying subrogation unit.,2026-01-06 21:38:25
NOTE-0002558,CL-0000514,2025-08-20 22:15:25,Adjuster_39,Payment Processing,Subrogation potential identified. Third party clearly at fault per police report. Opening recovery file and notifying subrogation unit.,2026-01-16 19:22:25
NOTE-0002559,CL-0004382,2025-12-04 10:12:25,Adjuster_21,Payment Processing,Claimant attorney has sent letter of representation. All future communication must go through counsel. Updating file restrictions.,2025-09-27 19:39:25
NOTE-0002560,CL-0002136,2026-04-08 13:32:25,Adjuster_31,Initial Assessment,Claimant attorney has sent letter of representation. All future communication must go through counsel. Updating file restrictions.,2025-08-08 04:40:25
NOTE-0002561,CL-0004112,2025-12-18 06:14:25,Adjuster_11,Investigation Update,Claimant attorney has sent letter of representation. All future communication must go through counsel. Updating file restrictions.,2026-03-17 16:57:25
NOTE-0002562,CL-0002672,2026-02-18 05:06:25,Adjuster_8,Closure Summary,Workers comp claim validated. Employee was performing regular duties when injury occurred. Employer confirms no safety violations. Approving benefits.,2025-11-23 12:25:25
NOTE-0002563,CL-0003004,2026-04-10 15:42:25,Adjuster_38,Payment Processing,Workers comp claim validated. Employee was performing regular duties when injury occurred. Employer confirms no safety violations. Approving benefits.,2025-07-15 20:06:25
NOTE-0002564,CL-0004989,2026-01-04 09:57:25,Adjuster_10,Investigation Update,"Weather data confirms severe storm in area on date of loss. NOAA records show wind gusts exceeding 70mph. Claim is weather-related, approved.",2026-02-12 17:04:25
NOTE-0002565,CL-0000381,2025-12-17 10:48:25,Adjuster_13,Investigation Update,Repair completed and final inspection passed. Work quality is satisfactory. Releasing final payment to contractor. File ready for closure.,2026-01-02 02:08:25
NOTE-0002566,CL-0000542,2025-10-20 13:48:25,Adjuster_35,Payment Processing,Claimant attorney has sent letter of representation. All future communication must go through counsel. Updating file restrictions.,2025-10-29 19:02:25
NOTE-0002567,CL-0003533,2026-02-01 22:42:25,Adjuster_10,Payment Processing,Contacted claimant via phone. They confirmed the timeline of events. No inconsistencies in their account. Proceeding with standard assessment.,2025-07-03 04:57:25
NOTE-0002568,CL-0004295,2026-04-12 12:40:25,Adjuster_26,Claimant Communication,Contacted claimant via phone. They confirmed the timeline of events. No inconsistencies in their account. Proceeding with standard assessment.,2025-10-20 17:37:25
NOTE-0002569,CL-0000755,2026-05-01 11:49:25,Adjuster_44,Investigation Update,Workers comp claim validated. Employee was performing regular duties when injury occurred. Employer confirms no safety violations. Approving benefits.,2025-11-01 15:20:25
NOTE-0002570,CL-0002446,2026-03-19 02:42:25,Adjuster_5,Investigation Update,Claimant is frustrated with processing time. Escalated to supervisor. Need to expedite review and provide status update within 24 hours.,2025-05-30 11:38:25
NOTE-0002571,CL-0000359,2025-07-18 21:56:25,Adjuster_6,Closure Summary,Workers comp claim validated. Employee was performing regular duties when injury occurred. Employer confirms no safety violations. Approving benefits.,2026-04-03 14:12:25
NOTE-0002572,CL-0002159,2025-05-31 01:57:25,Adjuster_11,Investigation Update,Workers comp claim validated. Employee was performing regular duties when injury occurred. Employer confirms no safety violations. Approving benefits.,2026-03-14 06:16:25
NOTE-0002573,CL-0000106,2025-05-26 22:03:25,Adjuster_46,Claimant Communication,Police report obtained. Details match claimant statement. No evidence of prior damage or fraud indicators. Proceeding with normal processing.,2026-01-05 23:23:25
NOTE-0002574,CL-0004208,2026-03-25 08:11:25,Adjuster_49,Initial Assessment,Claimant attorney has sent letter of representation. All future communication must go through counsel. Updating file restrictions.,2025-09-24 12:52:25
NOTE-0002575,CL-0003693,2025-08-20 02:33:25,Adjuster_40,Claimant Communication,Medical records received from treating physician. Injuries consistent with described accident. IME may not be necessary for this severity level.,2025-10-09 19:03:25
NOTE-0002576,CL-0000489,2026-01-07 23:37:25,Adjuster_15,Payment Processing,Police report obtained. Details match claimant statement. No evidence of prior damage or fraud indicators. Proceeding with normal processing.,2025-11-21 02:44:25
NOTE-0002577,CL-0003688,2026-04-04 06:08:25,Adjuster_24,Closure Summary,Claim denied per policy exclusion for pre-existing damage. Evidence shows damage predates policy effective date. Denial letter sent to insured.,2025-12-21 05:18:25
NOTE-0002578,CL-0002200,2026-05-13 23:43:25,Adjuster_2,Closure Summary,Medical records received from treating physician. Injuries consistent with described accident. IME may not be necessary for this severity level.,2026-05-01 02:36:25
NOTE-0002579,CL-0001438,2025-06-20 17:53:25,Adjuster_17,Investigation Update,Payment issued to claimant. Check number referenced in system. Closing file pending 30-day satisfaction period. No further action needed.,2026-04-28 15:26:25
NOTE-0002580,CL-0000874,2026-04-28 08:58:25,Adjuster_48,Claimant Communication,"Weather data confirms severe storm in area on date of loss. NOAA records show wind gusts exceeding 70mph. Claim is weather-related, approved.",2025-06-26 16:26:25
NOTE-0002581,CL-0002491,2025-10-26 13:54:25,Adjuster_25,Claimant Communication,Repair completed and final inspection passed. Work quality is satisfactory. Releasing final payment to contractor. File ready for closure.,2026-02-12 16:37:25
NOTE-0002582,CL-0001713,2026-03-13 01:28:25,Adjuster_7,Initial Assessment,Workers comp claim validated. Employee was performing regular duties when injury occurred. Employer confirms no safety violations. Approving benefits.,2025-10-17 12:46:25
NOTE-0002583,CL-0001740,2025-12-31 09:56:25,Adjuster_49,Claimant Communication,Repair completed and final inspection passed. Work quality is satisfactory. Releasing final payment to contractor. File ready for closure.,2025-06-15 20:38:25
NOTE-0002584,CL-0002056,2026-04-17 18:28:25,Adjuster_30,Closure Summary,Workers comp claim validated. Employee was performing regular duties when injury occurred. Employer confirms no safety violations. Approving benefits.,2026-05-07 14:49:25
NOTE-0002585,CL-0004209,2025-12-21 03:53:25,Adjuster_2,Closure Summary,SUSPICIOUS: Timeline of events does not align with witness statements. Damage pattern inconsistent with reported cause. Referring to SIU for further investigation.,2026-05-09 11:38:25
NOTE-0002586,CL-0003457,2025-06-17 04:52:25,Adjuster_13,Investigation Update,Multiple claims from same location within 6 months. Pattern suggests possible fraud. Flagging for SIU review before further processing.,2025-09-03 00:32:25
NOTE-0002587,CL-0003924,2025-09-14 08:21:25,Adjuster_46,Initial Assessment,Claimant is frustrated with processing time. Escalated to supervisor. Need to expedite review and provide status update within 24 hours.,2026-01-29 14:48:25
NOTE-0002588,CL-0003195,2026-01-14 12:51:25,Adjuster_9,Payment Processing,Site inspection completed. Damage is consistent with reported cause of loss. Photos uploaded to file. Recommend approval for repair estimate.,2025-10-05 15:20:25
NOTE-0002589,CL-0004262,2026-04-20 09:11:25,Adjuster_48,Claimant Communication,SUSPICIOUS: Timeline of events does not align with witness statements. Damage pattern inconsistent with reported cause. Referring to SIU for further investigation.,2025-07-01 13:31:25
NOTE-0002590,CL-0000256,2026-03-17 23:00:25,Adjuster_47,Closure Summary,Workers comp claim validated. Employee was performing regular duties when injury occurred. Employer confirms no safety violations. Approving benefits.,2026-02-04 04:52:25
NOTE-0002591,CL-0000455,2025-10-05 19:14:25,Adjuster_38,Initial Assessment,Claimant attorney has sent letter of representation. All future communication must go through counsel. Updating file restrictions.,2026-03-25 14:05:25
NOTE-0002592,CL-0001322,2025-11-10 22:01:25,Adjuster_43,Claimant Communication,Workers comp claim validated. Employee was performing regular duties when injury occurred. Employer confirms no safety violations. Approving benefits.,2025-08-21 00:49:25
NOTE-0002593,CL-0002029,2025-08-02 04:05:25,Adjuster_21,Investigation Update,Claim denied per policy exclusion for pre-existing damage. Evidence shows damage predates policy effective date. Denial letter sent to insured.,2025-06-30 13:36:25
NOTE-0002594,CL-0000059,2026-03-23 17:55:25,Adjuster_41,Investigation Update,Police report obtained. Details match claimant statement. No evidence of prior damage or fraud indicators. Proceeding with normal processing.,2025-12-23 11:12:25
NOTE-0002595,CL-0003346,2025-10-03 17:28:25,Adjuster_3,Investigation Update,Subrogation potential identified. Third party clearly at fault per police report. Opening recovery file and notifying subrogation unit.,2026-03-14 01:00:25
NOTE-0002596,CL-0001637,2025-10-26 15:13:25,Adjuster_13,Initial Assessment,Workers comp claim validated. Employee was performing regular duties when injury occurred. Employer confirms no safety violations. Approving benefits.,2025-07-30 17:43:25
NOTE-0002597,CL-0003791,2025-12-30 15:40:25,Adjuster_30,Initial Assessment,Site inspection completed. Damage is consistent with reported cause of loss. Photos uploaded to file. Recommend approval for repair estimate.,2025-12-10 05:32:25
NOTE-0002598,CL-0002529,2025-06-09 02:44:25,Adjuster_11,Initial Assessment,SUSPICIOUS: Timeline of events does not align with witness statements. Damage pattern inconsistent with reported cause. Referring to SIU for further investigation.,2025-12-23 18:37:25
NOTE-0002599,CL-0004024,2025-11-05 13:53:25,Adjuster_14,Initial Assessment,Reviewed contractor estimate. Amount seems reasonable for scope of work. Approving payment minus deductible. Will notify policyholder.,2025-07-10 17:26:25
NOTE-0002600,CL-0002195,2025-09-23 03:47:25,Adjuster_17,Investigation Update,Claimant attorney has sent letter of representation. All future communication must go through counsel. Updating file restrictions.,2025-06-21 10:38:25
NOTE-0002601,CL-0003051,2026-04-28 20:26:25,Adjuster_45,Payment Processing,Medical records received from treating physician. Injuries consistent with described accident. IME may not be necessary for this severity level.,2026-03-24 06:18:25
NOTE-0002602,CL-0000633,2025-10-02 14:49:25,Adjuster_36,Initial Assessment,Police report obtained. Details match claimant statement. No evidence of prior damage or fraud indicators. Proceeding with normal processing.,2025-08-12 10:20:25
NOTE-0002603,CL-0004755,2025-08-11 07:40:25,Adjuster_23,Payment Processing,Claim denied per policy exclusion for pre-existing damage. Evidence shows damage predates policy effective date. Denial letter sent to insured.,2026-04-28 18:19:25
NOTE-0002604,CL-0000686,2026-01-12 04:38:25,Adjuster_48,Payment Processing,Subrogation potential identified. Third party clearly at fault per police report. Opening recovery file and notifying subrogation unit.,2025-07-01 16:15:25
NOTE-0002605,CL-0002445,2025-08-06 08:22:25,Adjuster_43,Closure Summary,Reviewed contractor estimate. Amount seems reasonable for scope of work. Approving payment minus deductible. Will notify policyholder.,2026-04-03 05:35:25
NOTE-0002606,CL-0001429,2026-03-03 07:46:25,Adjuster_38,Claimant Communication,Medical records received from treating physician. Injuries consistent with described accident. IME may not be necessary for this severity level.,2025-08-08 02:42:25
NOTE-0002607,CL-0003450,2025-08-09 03:03:25,Adjuster_24,Payment Processing,Reviewed contractor estimate. Amount seems reasonable for scope of work. Approving payment minus deductible. Will notify policyholder.,2025-07-31 03:06:25
NOTE-0002608,CL-0002343,2026-02-27 18:36:25,Adjuster_3,Initial Assessment,"Weather data confirms severe storm in area on date of loss. NOAA records show wind gusts exceeding 70mph. Claim is weather-related, approved.",2026-01-13 04:10:25
NOTE-0002609,CL-0000059,2026-02-23 04:31:25,Adjuster_23,Claimant Communication,Claim denied per policy exclusion for pre-existing damage. Evidence shows damage predates policy effective date. Denial letter sent to insured.,2025-09-04 16:22:25
NOTE-0002610,CL-0001536,2025-09-04 10:34:25,Adjuster_26,Payment Processing,Claimant attorney has sent letter of representation. All future communication must go through counsel. Updating file restrictions.,2026-05-09 14:57:25
NOTE-0002611,CL-0000627,2026-02-16 20:56:25,Adjuster_43,Payment Processing,Reviewed contractor estimate. Amount seems reasonable for scope of work. Approving payment minus deductible. Will notify policyholder.,2025-10-15 19:05:25
NOTE-0002612,CL-0002816,2025-07-09 00:54:25,Adjuster_17,Claimant Communication,Workers comp claim validated. Employee was performing regular duties when injury occurred. Employer confirms no safety violations. Approving benefits.,2025-11-11 05:51:25
NOTE-0002613,CL-0004806,2026-05-21 11:08:25,Adjuster_22,Closure Summary,Reviewed contractor estimate. Amount seems reasonable for scope of work. Approving payment minus deductible. Will notify policyholder.,2025-08-28 07:10:25
NOTE-0002614,CL-0001518,2025-08-21 14:20:25,Adjuster_27,Closure Summary,Contacted claimant via phone. They confirmed the timeline of events. No inconsistencies in their account. Proceeding with standard assessment.,2025-06-19 09:07:25
NOTE-0002615,CL-0002384,2026-03-28 13:12:25,Adjuster_12,Claimant Communication,SUSPICIOUS: Timeline of events does not align with witness statements. Damage pattern inconsistent with reported cause. Referring to SIU for further investigation.,2026-03-15 17:38:25
NOTE-0002616,CL-0001659,2025-10-11 12:02:25,Adjuster_29,Claimant Communication,Subrogation potential identified. Third party clearly at fault per police report. Opening recovery file and notifying subrogation unit.,2025-08-31 07:03:25
NOTE-0002617,CL-0001978,2025-09-27 06:51:25,Adjuster_38,Investigation Update,Payment issued to claimant. Check number referenced in system. Closing file pending 30-day satisfaction period. No further action needed.,2026-05-06 21:51:25
NOTE-0002618,CL-0000550,2026-02-17 00:48:25,Adjuster_6,Investigation Update,Repair completed and final inspection passed. Work quality is satisfactory. Releasing final payment to contractor. File ready for closure.,2026-03-04 00:15:25
NOTE-0002619,CL-0000180,2025-10-22 01:11:25,Adjuster_45,Payment Processing,Multiple claims from same location within 6 months. Pattern suggests possible fraud. Flagging for SIU review before further processing.,2025-06-22 23:40:25
NOTE-0002620,CL-0002038,2025-07-23 21:07:25,Adjuster_16,Claimant Communication,Claimant attorney has sent letter of representation. All future communication must go through counsel. Updating file restrictions.,2025-11-03 11:07:25
NOTE-0002621,CL-0001081,2026-04-17 08:27:25,Adjuster_2,Claimant Communication,Reviewed contractor estimate. Amount seems reasonable for scope of work. Approving payment minus deductible. Will notify policyholder.,2025-07-27 20:11:25
NOTE-0002622,CL-0000449,2025-12-29 13:29:25,Adjuster_12,Investigation Update,Claimant is frustrated with processing time. Escalated to supervisor. Need to expedite review and provide status update within 24 hours.,2026-01-22 20:30:25
NOTE-0002623,CL-0002618,2025-09-23 00:14:25,Adjuster_35,Payment Processing,Police report obtained. Details match claimant statement. No evidence of prior damage or fraud indicators. Proceeding with normal processing.,2025-08-05 04:21:25
NOTE-0002624,CL-0000215,2025-11-17 14:12:25,Adjuster_47,Closure Summary,Subrogation potential identified. Third party clearly at fault per police report. Opening recovery file and notifying subrogation unit.,2026-01-11 23:49:25
NOTE-0002625,CL-0002460,2025-06-09 23:54:25,Adjuster_13,Payment Processing,SUSPICIOUS: Timeline of events does not align with witness statements. Damage pattern inconsistent with reported cause. Referring to SIU for further investigation.,2025-09-26 04:00:25
NOTE-0002626,CL-0002529,2025-06-07 12:40:25,Adjuster_10,Closure Summary,Reviewed contractor estimate. Amount seems reasonable for scope of work. Approving payment minus deductible. Will notify policyholder.,2025-07-26 02:24:25
NOTE-0002627,CL-0001670,2026-04-08 05:30:25,Adjuster_9,Closure Summary,Site inspection completed. Damage is consistent with reported cause of loss. Photos uploaded to file. Recommend approval for repair estimate.,2025-11-30 08:52:25
NOTE-0002628,CL-0002795,2026-01-28 03:02:25,Adjuster_33,Payment Processing,Reviewed contractor estimate. Amount seems reasonable for scope of work. Approving payment minus deductible. Will notify policyholder.,2026-04-14 19:24:25
NOTE-0002629,CL-0002456,2025-11-12 17:08:25,Adjuster_24,Claimant Communication,Repair completed and final inspection passed. Work quality is satisfactory. Releasing final payment to contractor. File ready for closure.,2025-08-11 14:43:25
NOTE-0002630,CL-0000333,2025-10-17 03:35:25,Adjuster_5,Claimant Communication,Site inspection completed. Damage is consistent with reported cause of loss. Photos uploaded to file. Recommend approval for repair estimate.,2025-12-19 00:38:25
NOTE-0002631,CL-0003768,2025-11-26 20:59:25,Adjuster_36,Initial Assessment,Payment issued to claimant. Check number referenced in system. Closing file pending 30-day satisfaction period. No further action needed.,2026-02-25 13:26:25
NOTE-0002632,CL-0000273,2026-03-24 00:21:25,Adjuster_46,Payment Processing,Repair completed and final inspection passed. Work quality is satisfactory. Releasing final payment to contractor. File ready for closure.,2026-04-27 07:22:25
NOTE-0002633,CL-0004021,2025-11-04 18:47:25,Adjuster_30,Initial Assessment,Site inspection completed. Damage is consistent with reported cause of loss. Photos uploaded to file. Recommend approval for repair estimate.,2025-05-29 11:19:25
NOTE-0002634,CL-0002669,2025-12-01 16:51:25,Adjuster_44,Initial Assessment,Claimant is frustrated with processing time. Escalated to supervisor. Need to expedite review and provide status update within 24 hours.,2026-02-10 13:58:25
NOTE-0002635,CL-0003426,2025-10-16 08:19:25,Adjuster_6,Payment Processing,Payment issued to claimant. Check number referenced in system. Closing file pending 30-day satisfaction period. No further action needed.,2026-04-05 22:16:25
NOTE-0002636,CL-0004841,2026-02-08 05:09:25,Adjuster_32,Payment Processing,Workers comp claim validated. Employee was performing regular duties when injury occurred. Employer confirms no safety violations. Approving benefits.,2026-05-12 11:06:25
NOTE-0002637,CL-0004655,2025-08-29 15:14:25,Adjuster_2,Closure Summary,Reviewed contractor estimate. Amount seems reasonable for scope of work. Approving payment minus deductible. Will notify policyholder.,2025-08-09 10:36:25
NOTE-0002638,CL-0004441,2026-02-02 18:00:25,Adjuster_37,Payment Processing,Site inspection completed. Damage is consistent with reported cause of loss. Photos uploaded to file. Recommend approval for repair estimate.,2025-09-08 20:41:25
NOTE-0002639,CL-0000231,2025-09-14 03:06:25,Adjuster_3,Initial Assessment,Workers comp claim validated. Employee was performing regular duties when injury occurred. Employer confirms no safety violations. Approving benefits.,2026-02-12 23:06:25
NOTE-0002640,CL-0002019,2026-02-24 20:11:25,Adjuster_19,Claimant Communication,Reviewed contractor estimate. Amount seems reasonable for scope of work. Approving payment minus deductible. Will notify policyholder.,2025-08-08 10:58:25
NOTE-0002641,CL-0001172,2025-12-07 14:20:25,Adjuster_29,Investigation Update,Reviewed contractor estimate. Amount seems reasonable for scope of work. Approving payment minus deductible. Will notify policyholder.,2026-03-03 15:25:25
NOTE-0002642,CL-0000233,2025-10-14 13:30:25,Adjuster_1,Investigation Update,Repair completed and final inspection passed. Work quality is satisfactory. Releasing final payment to contractor. File ready for closure.,2025-12-05 15:13:25
NOTE-0002643,CL-0004992,2025-06-23 13:34:25,Adjuster_35,Initial Assessment,Payment issued to claimant. Check number referenced in system. Closing file pending 30-day satisfaction period. No further action needed.,2025-06-09 08:56:25
NOTE-0002644,CL-0004626,2025-05-30 04:20:25,Adjuster_50,Closure Summary,Workers comp claim validated. Employee was performing regular duties when injury occurred. Employer confirms no safety violations. Approving benefits.,2025-10-23 20:27:25
NOTE-0002645,CL-0000034,2025-06-03 01:24:25,Adjuster_47,Initial Assessment,Claimant is frustrated with processing time. Escalated to supervisor. Need to expedite review and provide status update within 24 hours.,2026-02-18 18:44:25
NOTE-0002646,CL-0003235,2025-09-21 00:04:25,Adjuster_14,Closure Summary,Site inspection completed. Damage is consistent with reported cause of loss. Photos uploaded to file. Recommend approval for repair estimate.,2026-04-14 14:32:25
NOTE-0002647,CL-0001911,2025-05-27 10:46:25,Adjuster_36,Payment Processing,"Weather data confirms severe storm in area on date of loss. NOAA records show wind gusts exceeding 70mph. Claim is weather-related, approved.",2025-12-21 13:14:25
NOTE-0002648,CL-0001097,2026-04-23 02:51:25,Adjuster_22,Investigation Update,Subrogation potential identified. Third party clearly at fault per police report. Opening recovery file and notifying subrogation unit.,2025-08-03 19:05:25
NOTE-0002649,CL-0003472,2025-10-22 18:36:25,Adjuster_36,Initial Assessment,Workers comp claim validated. Employee was performing regular duties when injury occurred. Employer confirms no safety violations. Approving benefits.,2025-12-12 22:16:25
NOTE-0002650,CL-0001985,2025-06-15 17:14:25,Adjuster_2,Closure Summary,Contacted claimant via phone. They confirmed the timeline of events. No inconsistencies in their account. Proceeding with standard assessment.,2026-01-20 23:29:25
NOTE-0002651,CL-0002256,2025-08-23 03:46:25,Adjuster_33,Closure Summary,Repair completed and final inspection passed. Work quality is satisfactory. Releasing final payment to contractor. File ready for closure.,2025-05-26 11:50:25
NOTE-0002652,CL-0000870,2025-11-18 21:50:25,Adjuster_30,Initial Assessment,Reviewed contractor estimate. Amount seems reasonable for scope of work. Approving payment minus deductible. Will notify policyholder.,2025-07-21 07:16:25
NOTE-0002653,CL-0001963,2025-08-15 06:11:25,Adjuster_5,Closure Summary,Payment issued to claimant. Check number referenced in system. Closing file pending 30-day satisfaction period. No further action needed.,2026-01-11 17:27:25
NOTE-0002654,CL-0002571,2025-08-03 01:06:25,Adjuster_24,Closure Summary,Site inspection completed. Damage is consistent with reported cause of loss. Photos uploaded to file. Recommend approval for repair estimate.,2025-05-29 21:49:25
NOTE-0002655,CL-0000001,2025-08-28 08:29:25,Adjuster_18,Payment Processing,Payment issued to claimant. Check number referenced in system. Closing file pending 30-day satisfaction period. No further action needed.,2026-01-06 11:30:25
NOTE-0002656,CL-0002198,2025-10-04 23:40:25,Adjuster_12,Payment Processing,Workers comp claim validated. Employee was performing regular duties when injury occurred. Employer confirms no safety violations. Approving benefits.,2025-10-24 23:36:25
NOTE-0002657,CL-0002191,2025-07-25 16:46:25,Adjuster_10,Initial Assessment,Medical records received from treating physician. Injuries consistent with described accident. IME may not be necessary for this severity level.,2025-09-13 20:36:25
NOTE-0002658,CL-0002903,2025-08-21 23:41:25,Adjuster_16,Initial Assessment,Repair completed and final inspection passed. Work quality is satisfactory. Releasing final payment to contractor. File ready for closure.,2026-01-27 11:00:25
NOTE-0002659,CL-0000561,2025-10-02 16:04:25,Adjuster_26,Initial Assessment,Site inspection completed. Damage is consistent with reported cause of loss. Photos uploaded to file. Recommend approval for repair estimate.,2025-09-19 21:18:25
NOTE-0002660,CL-0000359,2025-07-13 13:00:25,Adjuster_17,Claimant Communication,Payment issued to claimant. Check number referenced in system. Closing file pending 30-day satisfaction period. No further action needed.,2025-10-26 13:45:25
NOTE-0002661,CL-0004441,2025-11-27 10:28:25,Adjuster_50,Investigation Update,Subrogation potential identified. Third party clearly at fault per police report. Opening recovery file and notifying subrogation unit.,2026-03-02 14:11:25
NOTE-0002662,CL-0000769,2025-12-05 19:35:25,Adjuster_1,Claimant Communication,Payment issued to claimant. Check number referenced in system. Closing file pending 30-day satisfaction period. No further action needed.,2026-05-02 21:53:25
NOTE-0002663,CL-0001386,2026-03-16 12:04:25,Adjuster_47,Payment Processing,"Weather data confirms severe storm in area on date of loss. NOAA records show wind gusts exceeding 70mph. Claim is weather-related, approved.",2026-01-22 11:34:25
NOTE-0002664,CL-0001602,2025-10-26 02:02:25,Adjuster_46,Payment Processing,Repair completed and final inspection passed. Work quality is satisfactory. Releasing final payment to contractor. File ready for closure.,2026-05-12 02:25:25
NOTE-0002665,CL-0003488,2026-01-23 13:36:25,Adjuster_23,Investigation Update,Reviewed contractor estimate. Amount seems reasonable for scope of work. Approving payment minus deductible. Will notify policyholder.,2025-11-06 21:03:25
NOTE-0002666,CL-0004692,2026-01-26 22:03:25,Adjuster_3,Claimant Communication,Claimant attorney has sent letter of representation. All future communication must go through counsel. Updating file restrictions.,2026-01-25 04:40:25
NOTE-0002667,CL-0001807,2025-10-03 04:04:25,Adjuster_29,Closure Summary,Medical records received from treating physician. Injuries consistent with described accident. IME may not be necessary for this severity level.,2026-04-29 04:11:25
NOTE-0002668,CL-0004000,2025-09-20 11:21:25,Adjuster_5,Investigation Update,Site inspection completed. Damage is consistent with reported cause of loss. Photos uploaded to file. Recommend approval for repair estimate.,2025-09-10 11:14:25
NOTE-0002669,CL-0002114,2025-11-29 13:18:25,Adjuster_41,Payment Processing,Multiple claims from same location within 6 months. Pattern suggests possible fraud. Flagging for SIU review before further processing.,2025-07-18 04:43:25
NOTE-0002670,CL-0000997,2026-05-07 22:36:25,Adjuster_11,Payment Processing,Workers comp claim validated. Employee was performing regular duties when injury occurred. Employer confirms no safety violations. Approving benefits.,2026-05-17 10:54:25
NOTE-0002671,CL-0004684,2026-04-17 09:08:25,Adjuster_9,Payment Processing,Contacted claimant via phone. They confirmed the timeline of events. No inconsistencies in their account. Proceeding with standard assessment.,2025-06-04 23:07:25
NOTE-0002672,CL-0001906,2026-01-27 18:34:25,Adjuster_40,Closure Summary,Workers comp claim validated. Employee was performing regular duties when injury occurred. Employer confirms no safety violations. Approving benefits.,2026-04-25 02:04:25
NOTE-0002673,CL-0002899,2025-11-27 20:39:25,Adjuster_6,Payment Processing,Claim denied per policy exclusion for pre-existing damage. Evidence shows damage predates policy effective date. Denial letter sent to insured.,2025-12-19 21:24:25
NOTE-0002674,CL-0001056,2025-06-18 04:25:25,Adjuster_46,Payment Processing,Payment issued to claimant. Check number referenced in system. Closing file pending 30-day satisfaction period. No further action needed.,2025-07-01 12:40:25
NOTE-0002675,CL-0004958,2025-05-27 13:00:25,Adjuster_11,Closure Summary,Site inspection completed. Damage is consistent with reported cause of loss. Photos uploaded to file. Recommend approval for repair estimate.,2025-12-10 23:08:25
NOTE-0002676,CL-0003094,2025-10-22 10:21:25,Adjuster_39,Payment Processing,Police report obtained. Details match claimant statement. No evidence of prior damage or fraud indicators. Proceeding with normal processing.,2025-07-05 10:27:25
NOTE-0002677,CL-0003522,2025-10-16 05:58:25,Adjuster_21,Claimant Communication,"Weather data confirms severe storm in area on date of loss. NOAA records show wind gusts exceeding 70mph. Claim is weather-related, approved.",2025-11-24 21:31:25
NOTE-0002678,CL-0003643,2025-10-22 16:41:25,Adjuster_31,Investigation Update,Multiple claims from same location within 6 months. Pattern suggests possible fraud. Flagging for SIU review before further processing.,2025-10-24 15:42:25
NOTE-0002679,CL-0000073,2025-11-27 08:59:25,Adjuster_6,Claimant Communication,Payment issued to claimant. Check number referenced in system. Closing file pending 30-day satisfaction period. No further action needed.,2026-05-26 05:11:25
NOTE-0002680,CL-0002141,2025-06-20 19:54:25,Adjuster_11,Claimant Communication,Reviewed contractor estimate. Amount seems reasonable for scope of work. Approving payment minus deductible. Will notify policyholder.,2026-03-21 17:52:25
NOTE-0002681,CL-0000164,2025-09-18 16:39:25,Adjuster_48,Claimant Communication,"Weather data confirms severe storm in area on date of loss. NOAA records show wind gusts exceeding 70mph. Claim is weather-related, approved.",2026-03-23 06:48:25
NOTE-0002682,CL-0003338,2025-10-01 22:16:25,Adjuster_26,Investigation Update,Workers comp claim validated. Employee was performing regular duties when injury occurred. Employer confirms no safety violations. Approving benefits.,2025-09-10 07:28:25
NOTE-0002683,CL-0003916,2026-02-10 13:25:25,Adjuster_17,Initial Assessment,Claim denied per policy exclusion for pre-existing damage. Evidence shows damage predates policy effective date. Denial letter sent to insured.,2025-12-10 17:29:25
NOTE-0002684,CL-0004213,2026-01-04 22:20:25,Adjuster_22,Payment Processing,Workers comp claim validated. Employee was performing regular duties when injury occurred. Employer confirms no safety violations. Approving benefits.,2025-09-07 07:03:25
NOTE-0002685,CL-0003435,2025-11-15 10:00:25,Adjuster_27,Closure Summary,Claim denied per policy exclusion for pre-existing damage. Evidence shows damage predates policy effective date. Denial letter sent to insured.,2026-03-15 17:24:25
NOTE-0002686,CL-0001544,2026-04-21 08:20:25,Adjuster_39,Investigation Update,Medical records received from treating physician. Injuries consistent with described accident. IME may not be necessary for this severity level.,2025-06-01 11:05:25
NOTE-0002687,CL-0004137,2025-08-16 12:32:25,Adjuster_50,Initial Assessment,Multiple claims from same location within 6 months. Pattern suggests possible fraud. Flagging for SIU review before further processing.,2026-05-20 22:07:25
NOTE-0002688,CL-0000394,2025-09-15 19:56:25,Adjuster_20,Initial Assessment,Multiple claims from same location within 6 months. Pattern suggests possible fraud. Flagging for SIU review before further processing.,2026-02-07 08:25:25
NOTE-0002689,CL-0004269,2026-04-16 09:11:25,Adjuster_38,Investigation Update,Workers comp claim validated. Employee was performing regular duties when injury occurred. Employer confirms no safety violations. Approving benefits.,2025-10-01 09:42:25
NOTE-0002690,CL-0000368,2025-06-12 11:13:25,Adjuster_46,Claimant Communication,SUSPICIOUS: Timeline of events does not align with witness statements. Damage pattern inconsistent with reported cause. Referring to SIU for further investigation.,2025-07-04 13:03:25
NOTE-0002691,CL-0003232,2025-10-23 03:32:25,Adjuster_44,Payment Processing,Claim denied per policy exclusion for pre-existing damage. Evidence shows damage predates policy effective date. Denial letter sent to insured.,2025-12-23 19:35:25
NOTE-0002692,CL-0000234,2025-11-28 02:43:25,Adjuster_13,Investigation Update,Police report obtained. Details match claimant statement. No evidence of prior damage or fraud indicators. Proceeding with normal processing.,2025-10-17 08:13:25
NOTE-0002693,CL-0002238,2025-05-28 15:16:25,Adjuster_40,Claimant Communication,Claimant is frustrated with processing time. Escalated to supervisor. Need to expedite review and provide status update within 24 hours.,2026-02-20 14:50:25
NOTE-0002694,CL-0003999,2026-01-08 20:53:25,Adjuster_22,Initial Assessment,"Weather data confirms severe storm in area on date of loss. NOAA records show wind gusts exceeding 70mph. Claim is weather-related, approved.",2025-09-21 01:37:25
NOTE-0002695,CL-0003006,2025-06-18 20:49:25,Adjuster_9,Closure Summary,Subrogation potential identified. Third party clearly at fault per police report. Opening recovery file and notifying subrogation unit.,2025-08-09 12:07:25
NOTE-0002696,CL-0004403,2026-03-23 06:09:25,Adjuster_14,Payment Processing,Contacted claimant via phone. They confirmed the timeline of events. No inconsistencies in their account. Proceeding with standard assessment.,2025-10-29 13:35:25
NOTE-0002697,CL-0001872,2026-01-12 20:31:25,Adjuster_20,Investigation Update,Police report obtained. Details match claimant statement. No evidence of prior damage or fraud indicators. Proceeding with normal processing.,2026-02-23 02:28:25
NOTE-0002698,CL-0002751,2025-08-09 14:22:25,Adjuster_17,Investigation Update,"Weather data confirms severe storm in area on date of loss. NOAA records show wind gusts exceeding 70mph. Claim is weather-related, approved.",2025-06-13 19:44:25
NOTE-0002699,CL-0003779,2026-01-18 21:18:25,Adjuster_4,Payment Processing,Payment issued to claimant. Check number referenced in system. Closing file pending 30-day satisfaction period. No further action needed.,2025-07-19 13:38:25
NOTE-0002700,CL-0003884,2025-10-12 14:34:25,Adjuster_17,Closure Summary,SUSPICIOUS: Timeline of events does not align with witness statements. Damage pattern inconsistent with reported cause. Referring to SIU for further investigation.,2025-12-16 20:25:25
NOTE-0002701,CL-0004338,2025-07-23 09:47:25,Adjuster_40,Closure Summary,Reviewed contractor estimate. Amount seems reasonable for scope of work. Approving payment minus deductible. Will notify policyholder.,2026-04-25 08:37:25
NOTE-0002702,CL-0004547,2025-12-28 17:25:25,Adjuster_1,Payment Processing,Claimant attorney has sent letter of representation. All future communication must go through counsel. Updating file restrictions.,2025-10-06 15:06:25
NOTE-0002703,CL-0000583,2025-12-21 10:25:25,Adjuster_30,Investigation Update,Payment issued to claimant. Check number referenced in system. Closing file pending 30-day satisfaction period. No further action needed.,2025-06-29 04:30:25
NOTE-0002704,CL-0003633,2026-01-05 18:13:25,Adjuster_40,Claimant Communication,Contacted claimant via phone. They confirmed the timeline of events. No inconsistencies in their account. Proceeding with standard assessment.,2025-07-12 15:14:25
NOTE-0002705,CL-0003609,2025-09-23 19:43:25,Adjuster_29,Investigation Update,Workers comp claim validated. Employee was performing regular duties when injury occurred. Employer confirms no safety violations. Approving benefits.,2026-05-23 14:26:25
NOTE-0002706,CL-0002067,2026-03-02 11:22:25,Adjuster_4,Claimant Communication,"Weather data confirms severe storm in area on date of loss. NOAA records show wind gusts exceeding 70mph. Claim is weather-related, approved.",2026-04-13 17:33:25
NOTE-0002707,CL-0003316,2025-10-09 03:36:25,Adjuster_2,Claimant Communication,Claim denied per policy exclusion for pre-existing damage. Evidence shows damage predates policy effective date. Denial letter sent to insured.,2026-04-19 07:56:25
NOTE-0002708,CL-0003796,2026-02-18 04:43:25,Adjuster_17,Investigation Update,Multiple claims from same location within 6 months. Pattern suggests possible fraud. Flagging for SIU review before further processing.,2026-03-31 10:22:25
NOTE-0002709,CL-0003578,2025-09-25 20:37:25,Adjuster_39,Investigation Update,"Weather data confirms severe storm in area on date of loss. NOAA records show wind gusts exceeding 70mph. Claim is weather-related, approved.",2026-01-04 02:23:25
NOTE-0002710,CL-0000793,2025-10-23 05:02:25,Adjuster_45,Initial Assessment,Medical records received from treating physician. Injuries consistent with described accident. IME may not be necessary for this severity level.,2026-05-24 13:49:25
NOTE-0002711,CL-0003729,2025-10-26 02:38:25,Adjuster_27,Payment Processing,Workers comp claim validated. Employee was performing regular duties when injury occurred. Employer confirms no safety violations. Approving benefits.,2026-01-12 05:34:25
NOTE-0002712,CL-0000382,2026-02-16 23:47:25,Adjuster_1,Payment Processing,Site inspection completed. Damage is consistent with reported cause of loss. Photos uploaded to file. Recommend approval for repair estimate.,2026-01-26 16:03:25
NOTE-0002713,CL-0003380,2026-03-05 19:53:25,Adjuster_17,Closure Summary,Subrogation potential identified. Third party clearly at fault per police report. Opening recovery file and notifying subrogation unit.,2025-08-08 05:19:25
NOTE-0002714,CL-0001759,2025-09-12 11:51:25,Adjuster_40,Claimant Communication,Repair completed and final inspection passed. Work quality is satisfactory. Releasing final payment to contractor. File ready for closure.,2026-01-16 03:09:25
NOTE-0002715,CL-0004636,2025-12-26 18:13:25,Adjuster_6,Payment Processing,Police report obtained. Details match claimant statement. No evidence of prior damage or fraud indicators. Proceeding with normal processing.,2026-03-29 03:48:25
NOTE-0002716,CL-0004923,2026-03-26 16:27:25,Adjuster_14,Initial Assessment,Claimant is frustrated with processing time. Escalated to supervisor. Need to expedite review and provide status update within 24 hours.,2026-02-10 05:39:25
NOTE-0002717,CL-0001728,2026-04-11 06:12:25,Adjuster_37,Closure Summary,Multiple claims from same location within 6 months. Pattern suggests possible fraud. Flagging for SIU review before further processing.,2025-09-18 19:02:25
NOTE-0002718,CL-0001189,2026-01-13 17:44:25,Adjuster_7,Initial Assessment,SUSPICIOUS: Timeline of events does not align with witness statements. Damage pattern inconsistent with reported cause. Referring to SIU for further investigation.,2026-03-01 19:02:25
NOTE-0002719,CL-0002041,2025-09-20 10:44:25,Adjuster_4,Investigation Update,SUSPICIOUS: Timeline of events does not align with witness statements. Damage pattern inconsistent with reported cause. Referring to SIU for further investigation.,2026-01-29 20:11:25
NOTE-0002720,CL-0004615,2026-01-10 02:11:25,Adjuster_9,Initial Assessment,Police report obtained. Details match claimant statement. No evidence of prior damage or fraud indicators. Proceeding with normal processing.,2026-01-27 00:27:25
NOTE-0002721,CL-0001244,2025-06-28 05:55:25,Adjuster_22,Investigation Update,Site inspection completed. Damage is consistent with reported cause of loss. Photos uploaded to file. Recommend approval for repair estimate.,2025-08-09 18:56:25
NOTE-0002722,CL-0003882,2026-05-03 04:52:25,Adjuster_22,Closure Summary,Repair completed and final inspection passed. Work quality is satisfactory. Releasing final payment to contractor. File ready for closure.,2026-05-25 11:52:25
NOTE-0002723,CL-0001830,2025-08-17 17:02:25,Adjuster_24,Initial Assessment,Medical records received from treating physician. Injuries consistent with described accident. IME may not be necessary for this severity level.,2025-10-26 10:20:25
NOTE-0002724,CL-0002812,2025-06-01 09:12:25,Adjuster_43,Initial Assessment,Claimant attorney has sent letter of representation. All future communication must go through counsel. Updating file restrictions.,2025-12-08 05:32:25
NOTE-0002725,CL-0004551,2026-05-19 03:53:25,Adjuster_46,Investigation Update,Claimant is frustrated with processing time. Escalated to supervisor. Need to expedite review and provide status update within 24 hours.,2026-04-04 13:16:25
NOTE-0002726,CL-0000960,2025-12-27 12:23:25,Adjuster_47,Investigation Update,Payment issued to claimant. Check number referenced in system. Closing file pending 30-day satisfaction period. No further action needed.,2025-12-31 16:53:25
NOTE-0002727,CL-0004729,2025-12-25 15:05:25,Adjuster_31,Payment Processing,Reviewed contractor estimate. Amount seems reasonable for scope of work. Approving payment minus deductible. Will notify policyholder.,2025-07-25 14:39:25
NOTE-0002728,CL-0001850,2026-04-21 04:33:25,Adjuster_16,Initial Assessment,Claimant attorney has sent letter of representation. All future communication must go through counsel. Updating file restrictions.,2026-02-20 09:04:25
NOTE-0002729,CL-0002663,2025-11-09 15:54:25,Adjuster_39,Payment Processing,Workers comp claim validated. Employee was performing regular duties when injury occurred. Employer confirms no safety violations. Approving benefits.,2025-09-01 00:17:25
NOTE-0002730,CL-0002559,2025-12-08 07:32:25,Adjuster_1,Claimant Communication,SUSPICIOUS: Timeline of events does not align with witness statements. Damage pattern inconsistent with reported cause. Referring to SIU for further investigation.,2025-07-13 13:31:25
NOTE-0002731,CL-0004954,2025-10-19 12:39:25,Adjuster_28,Closure Summary,Claimant attorney has sent letter of representation. All future communication must go through counsel. Updating file restrictions.,2025-09-29 23:12:25
NOTE-0002732,CL-0001158,2025-05-31 16:54:25,Adjuster_17,Closure Summary,Payment issued to claimant. Check number referenced in system. Closing file pending 30-day satisfaction period. No further action needed.,2025-08-11 23:01:25
NOTE-0002733,CL-0000596,2026-02-04 14:33:25,Adjuster_46,Claimant Communication,"Weather data confirms severe storm in area on date of loss. NOAA records show wind gusts exceeding 70mph. Claim is weather-related, approved.",2025-07-06 02:33:25
NOTE-0002734,CL-0004356,2025-09-04 04:17:25,Adjuster_43,Closure Summary,Reviewed contractor estimate. Amount seems reasonable for scope of work. Approving payment minus deductible. Will notify policyholder.,2025-10-30 14:03:25
NOTE-0002735,CL-0004332,2026-03-27 00:13:25,Adjuster_29,Investigation Update,Claimant is frustrated with processing time. Escalated to supervisor. Need to expedite review and provide status update within 24 hours.,2025-08-03 21:04:25
NOTE-0002736,CL-0000963,2025-09-17 03:58:25,Adjuster_40,Payment Processing,Claimant attorney has sent letter of representation. All future communication must go through counsel. Updating file restrictions.,2026-01-16 12:22:25
NOTE-0002737,CL-0004231,2025-11-12 21:45:25,Adjuster_47,Claimant Communication,Contacted claimant via phone. They confirmed the timeline of events. No inconsistencies in their account. Proceeding with standard assessment.,2025-10-06 10:31:25
NOTE-0002738,CL-0004034,2026-04-11 12:57:25,Adjuster_28,Investigation Update,Medical records received from treating physician. Injuries consistent with described accident. IME may not be necessary for this severity level.,2025-11-07 17:14:25
NOTE-0002739,CL-0000765,2025-09-05 16:16:25,Adjuster_11,Initial Assessment,"Weather data confirms severe storm in area on date of loss. NOAA records show wind gusts exceeding 70mph. Claim is weather-related, approved.",2025-07-31 08:50:25
NOTE-0002740,CL-0004311,2026-03-20 01:11:25,Adjuster_47,Payment Processing,Claimant attorney has sent letter of representation. All future communication must go through counsel. Updating file restrictions.,2026-01-27 16:54:25
NOTE-0002741,CL-0004713,2025-10-04 17:15:25,Adjuster_16,Investigation Update,Medical records received from treating physician. Injuries consistent with described accident. IME may not be necessary for this severity level.,2025-08-16 06:03:25
NOTE-0002742,CL-0000619,2026-03-09 07:12:25,Adjuster_29,Payment Processing,SUSPICIOUS: Timeline of events does not align with witness statements. Damage pattern inconsistent with reported cause. Referring to SIU for further investigation.,2026-04-01 11:33:25
NOTE-0002743,CL-0004083,2026-01-07 19:49:25,Adjuster_33,Claimant Communication,Repair completed and final inspection passed. Work quality is satisfactory. Releasing final payment to contractor. File ready for closure.,2025-11-15 18:15:25
NOTE-0002744,CL-0002904,2025-10-16 02:43:25,Adjuster_32,Claimant Communication,"Weather data confirms severe storm in area on date of loss. NOAA records show wind gusts exceeding 70mph. Claim is weather-related, approved.",2026-04-18 09:50:25
NOTE-0002745,CL-0004908,2025-06-23 18:12:25,Adjuster_32,Closure Summary,Site inspection completed. Damage is consistent with reported cause of loss. Photos uploaded to file. Recommend approval for repair estimate.,2025-12-10 17:11:25
NOTE-0002746,CL-0002249,2025-12-13 06:11:25,Adjuster_2,Initial Assessment,Claimant is frustrated with processing time. Escalated to supervisor. Need to expedite review and provide status update within 24 hours.,2025-06-18 16:23:25
NOTE-0002747,CL-0004065,2025-11-27 06:47:25,Adjuster_18,Claimant Communication,Police report obtained. Details match claimant statement. No evidence of prior damage or fraud indicators. Proceeding with normal processing.,2026-05-13 22:15:25
NOTE-0002748,CL-0000434,2026-03-16 16:19:25,Adjuster_9,Payment Processing,Site inspection completed. Damage is consistent with reported cause of loss. Photos uploaded to file. Recommend approval for repair estimate.,2026-03-04 10:23:25
NOTE-0002749,CL-0000246,2025-07-23 16:15:25,Adjuster_15,Initial Assessment,"Weather data confirms severe storm in area on date of loss. NOAA records show wind gusts exceeding 70mph. Claim is weather-related, approved.",2025-07-31 01:17:25
NOTE-0002750,CL-0002433,2025-08-09 01:18:25,Adjuster_31,Closure Summary,Reviewed contractor estimate. Amount seems reasonable for scope of work. Approving payment minus deductible. Will notify policyholder.,2026-04-26 18:31:25
NOTE-0002751,CL-0004391,2026-05-25 11:16:25,Adjuster_28,Claimant Communication,Repair completed and final inspection passed. Work quality is satisfactory. Releasing final payment to contractor. File ready for closure.,2025-08-26 10:16:25
NOTE-0002752,CL-0001900,2026-05-21 11:12:25,Adjuster_7,Claimant Communication,Police report obtained. Details match claimant statement. No evidence of prior damage or fraud indicators. Proceeding with normal processing.,2026-03-31 01:05:25
NOTE-0002753,CL-0001398,2026-02-23 07:47:25,Adjuster_13,Investigation Update,Police report obtained. Details match claimant statement. No evidence of prior damage or fraud indicators. Proceeding with normal processing.,2025-12-08 07:15:25
NOTE-0002754,CL-0004851,2025-08-16 03:34:25,Adjuster_17,Claimant Communication,Site inspection completed. Damage is consistent with reported cause of loss. Photos uploaded to file. Recommend approval for repair estimate.,2025-11-27 20:30:25
NOTE-0002755,CL-0002258,2025-08-24 15:25:25,Adjuster_7,Initial Assessment,Reviewed contractor estimate. Amount seems reasonable for scope of work. Approving payment minus deductible. Will notify policyholder.,2025-09-23 10:20:25
NOTE-0002756,CL-0004048,2025-08-02 15:02:25,Adjuster_50,Claimant Communication,Multiple claims from same location within 6 months. Pattern suggests possible fraud. Flagging for SIU review before further processing.,2026-01-16 04:36:25
NOTE-0002757,CL-0001895,2026-05-21 16:03:25,Adjuster_35,Initial Assessment,Subrogation potential identified. Third party clearly at fault per police report. Opening recovery file and notifying subrogation unit.,2026-02-16 07:35:25
NOTE-0002758,CL-0002793,2026-01-25 11:00:25,Adjuster_20,Claimant Communication,Payment issued to claimant. Check number referenced in system. Closing file pending 30-day satisfaction period. No further action needed.,2025-09-26 08:11:25
NOTE-0002759,CL-0002780,2025-11-23 17:37:25,Adjuster_32,Closure Summary,Subrogation potential identified. Third party clearly at fault per police report. Opening recovery file and notifying subrogation unit.,2025-08-21 04:23:25
NOTE-0002760,CL-0001574,2026-05-08 02:51:25,Adjuster_30,Closure Summary,"Weather data confirms severe storm in area on date of loss. NOAA records show wind gusts exceeding 70mph. Claim is weather-related, approved.",2026-01-03 01:59:25
NOTE-0002761,CL-0001701,2025-08-23 14:48:25,Adjuster_41,Initial Assessment,Site inspection completed. Damage is consistent with reported cause of loss. Photos uploaded to file. Recommend approval for repair estimate.,2026-02-11 22:25:25
NOTE-0002762,CL-0002343,2025-11-08 18:30:25,Adjuster_17,Closure Summary,Subrogation potential identified. Third party clearly at fault per police report. Opening recovery file and notifying subrogation unit.,2025-11-07 07:43:25
NOTE-0002763,CL-0004137,2025-12-31 23:39:25,Adjuster_36,Investigation Update,SUSPICIOUS: Timeline of events does not align with witness statements. Damage pattern inconsistent with reported cause. Referring to SIU for further investigation.,2026-05-14 22:03:25
NOTE-0002764,CL-0003027,2025-07-13 16:59:25,Adjuster_27,Payment Processing,Multiple claims from same location within 6 months. Pattern suggests possible fraud. Flagging for SIU review before further processing.,2026-03-27 21:52:25
NOTE-0002765,CL-0000998,2026-04-10 03:51:25,Adjuster_6,Investigation Update,Subrogation potential identified. Third party clearly at fault per police report. Opening recovery file and notifying subrogation unit.,2026-03-28 07:55:25
NOTE-0002766,CL-0004645,2026-05-12 22:35:25,Adjuster_22,Investigation Update,Police report obtained. Details match claimant statement. No evidence of prior damage or fraud indicators. Proceeding with normal processing.,2025-07-31 00:46:25
NOTE-0002767,CL-0000548,2025-11-10 22:15:25,Adjuster_25,Investigation Update,Reviewed contractor estimate. Amount seems reasonable for scope of work. Approving payment minus deductible. Will notify policyholder.,2025-06-18 07:21:25
NOTE-0002768,CL-0002639,2026-04-21 01:59:25,Adjuster_33,Claimant Communication,Claimant attorney has sent letter of representation. All future communication must go through counsel. Updating file restrictions.,2025-12-17 21:20:25
NOTE-0002769,CL-0000779,2026-03-01 13:14:25,Adjuster_40,Investigation Update,Subrogation potential identified. Third party clearly at fault per police report. Opening recovery file and notifying subrogation unit.,2026-05-22 09:38:25
NOTE-0002770,CL-0002422,2025-06-18 07:54:25,Adjuster_41,Initial Assessment,Reviewed contractor estimate. Amount seems reasonable for scope of work. Approving payment minus deductible. Will notify policyholder.,2025-10-22 04:48:25
NOTE-0002771,CL-0000145,2025-06-21 11:50:25,Adjuster_49,Closure Summary,Payment issued to claimant. Check number referenced in system. Closing file pending 30-day satisfaction period. No further action needed.,2026-03-22 20:00:25
NOTE-0002772,CL-0002364,2026-03-09 14:29:25,Adjuster_14,Payment Processing,Site inspection completed. Damage is consistent with reported cause of loss. Photos uploaded to file. Recommend approval for repair estimate.,2025-06-11 07:05:25
NOTE-0002773,CL-0004658,2025-07-28 05:30:25,Adjuster_17,Investigation Update,Site inspection completed. Damage is consistent with reported cause of loss. Photos uploaded to file. Recommend approval for repair estimate.,2025-12-27 20:42:25
NOTE-0002774,CL-0003370,2026-01-23 18:13:25,Adjuster_46,Closure Summary,Medical records received from treating physician. Injuries consistent with described accident. IME may not be necessary for this severity level.,2026-04-15 04:49:25
NOTE-0002775,CL-0000443,2026-04-20 05:40:25,Adjuster_13,Claimant Communication,Medical records received from treating physician. Injuries consistent with described accident. IME may not be necessary for this severity level.,2025-12-31 18:20:25
NOTE-0002776,CL-0002338,2025-07-18 10:48:25,Adjuster_7,Claimant Communication,Repair completed and final inspection passed. Work quality is satisfactory. Releasing final payment to contractor. File ready for closure.,2025-07-17 07:02:25
NOTE-0002777,CL-0000807,2026-03-09 18:23:25,Adjuster_21,Closure Summary,Claim denied per policy exclusion for pre-existing damage. Evidence shows damage predates policy effective date. Denial letter sent to insured.,2025-12-14 16:59:25
NOTE-0002778,CL-0003824,2026-04-11 21:56:25,Adjuster_17,Payment Processing,Workers comp claim validated. Employee was performing regular duties when injury occurred. Employer confirms no safety violations. Approving benefits.,2026-05-09 22:59:25
NOTE-0002779,CL-0001419,2025-07-20 12:31:25,Adjuster_22,Initial Assessment,Repair completed and final inspection passed. Work quality is satisfactory. Releasing final payment to contractor. File ready for closure.,2025-12-26 08:33:25
NOTE-0002780,CL-0003231,2025-11-25 03:06:25,Adjuster_42,Initial Assessment,Reviewed contractor estimate. Amount seems reasonable for scope of work. Approving payment minus deductible. Will notify policyholder.,2026-01-16 11:05:25
NOTE-0002781,CL-0002672,2025-08-18 00:45:25,Adjuster_11,Initial Assessment,Contacted claimant via phone. They confirmed the timeline of events. No inconsistencies in their account. Proceeding with standard assessment.,2025-08-14 03:28:25
NOTE-0002782,CL-0002527,2025-11-10 14:46:25,Adjuster_28,Investigation Update,Claimant attorney has sent letter of representation. All future communication must go through counsel. Updating file restrictions.,2025-09-22 03:46:25
NOTE-0002783,CL-0000675,2025-12-09 20:39:25,Adjuster_9,Claimant Communication,Claimant attorney has sent letter of representation. All future communication must go through counsel. Updating file restrictions.,2026-05-19 16:28:25
NOTE-0002784,CL-0001632,2026-04-29 13:53:25,Adjuster_41,Payment Processing,Medical records received from treating physician. Injuries consistent with described accident. IME may not be necessary for this severity level.,2025-09-01 19:45:25
NOTE-0002785,CL-0000538,2025-09-27 13:07:25,Adjuster_42,Initial Assessment,SUSPICIOUS: Timeline of events does not align with witness statements. Damage pattern inconsistent with reported cause. Referring to SIU for further investigation.,2025-12-19 13:00:25
NOTE-0002786,CL-0002271,2025-08-05 07:16:25,Adjuster_3,Claimant Communication,"Weather data confirms severe storm in area on date of loss. NOAA records show wind gusts exceeding 70mph. Claim is weather-related, approved.",2026-03-26 18:24:25
NOTE-0002787,CL-0003124,2025-10-16 08:05:25,Adjuster_35,Payment Processing,Reviewed contractor estimate. Amount seems reasonable for scope of work. Approving payment minus deductible. Will notify policyholder.,2026-05-17 11:45:25
NOTE-0002788,CL-0002569,2025-11-26 07:26:25,Adjuster_2,Payment Processing,Claimant attorney has sent letter of representation. All future communication must go through counsel. Updating file restrictions.,2025-09-20 08:43:25
NOTE-0002789,CL-0004755,2025-12-12 16:28:25,Adjuster_17,Claimant Communication,Police report obtained. Details match claimant statement. No evidence of prior damage or fraud indicators. Proceeding with normal processing.,2025-11-20 02:31:25
NOTE-0002790,CL-0000845,2025-10-17 00:09:25,Adjuster_20,Claimant Communication,Site inspection completed. Damage is consistent with reported cause of loss. Photos uploaded to file. Recommend approval for repair estimate.,2025-10-25 03:24:25
NOTE-0002791,CL-0004388,2025-10-04 07:22:25,Adjuster_21,Initial Assessment,SUSPICIOUS: Timeline of events does not align with witness statements. Damage pattern inconsistent with reported cause. Referring to SIU for further investigation.,2026-04-14 22:53:25
NOTE-0002792,CL-0004904,2026-01-16 19:34:25,Adjuster_18,Closure Summary,Claim denied per policy exclusion for pre-existing damage. Evidence shows damage predates policy effective date. Denial letter sent to insured.,2025-11-29 03:06:25
NOTE-0002793,CL-0002495,2025-11-25 19:10:25,Adjuster_31,Claimant Communication,Medical records received from treating physician. Injuries consistent with described accident. IME may not be necessary for this severity level.,2026-05-19 16:19:25
NOTE-0002794,CL-0003873,2025-07-17 16:59:25,Adjuster_13,Claimant Communication,Claim denied per policy exclusion for pre-existing damage. Evidence shows damage predates policy effective date. Denial letter sent to insured.,2025-06-21 06:46:25
NOTE-0002795,CL-0004166,2025-08-02 14:49:25,Adjuster_37,Closure Summary,Multiple claims from same location within 6 months. Pattern suggests possible fraud. Flagging for SIU review before further processing.,2025-08-30 07:21:25
NOTE-0002796,CL-0002011,2025-06-17 02:01:25,Adjuster_20,Claimant Communication,Multiple claims from same location within 6 months. Pattern suggests possible fraud. Flagging for SIU review before further processing.,2025-11-19 09:27:25
NOTE-0002797,CL-0002258,2026-03-13 10:46:25,Adjuster_16,Payment Processing,Claim denied per policy exclusion for pre-existing damage. Evidence shows damage predates policy effective date. Denial letter sent to insured.,2025-08-30 16:09:25
NOTE-0002798,CL-0003295,2026-01-25 16:22:25,Adjuster_15,Claimant Communication,Multiple claims from same location within 6 months. Pattern suggests possible fraud. Flagging for SIU review before further processing.,2025-10-06 09:44:25
NOTE-0002799,CL-0002269,2026-02-26 21:33:25,Adjuster_25,Initial Assessment,Payment issued to claimant. Check number referenced in system. Closing file pending 30-day satisfaction period. No further action needed.,2026-01-14 23:01:25
NOTE-0002800,CL-0001936,2025-09-21 02:33:25,Adjuster_50,Claimant Communication,Payment issued to claimant. Check number referenced in system. Closing file pending 30-day satisfaction period. No further action needed.,2026-01-11 09:03:25
NOTE-0002801,CL-0004629,2025-11-15 09:46:25,Adjuster_8,Payment Processing,Claimant is frustrated with processing time. Escalated to supervisor. Need to expedite review and provide status update within 24 hours.,2025-07-16 07:01:25
NOTE-0002802,CL-0003305,2026-05-20 13:09:25,Adjuster_38,Payment Processing,"Weather data confirms severe storm in area on date of loss. NOAA records show wind gusts exceeding 70mph. Claim is weather-related, approved.",2026-02-24 16:02:25
NOTE-0002803,CL-0001549,2026-04-28 23:02:25,Adjuster_10,Initial Assessment,Police report obtained. Details match claimant statement. No evidence of prior damage or fraud indicators. Proceeding with normal processing.,2025-08-10 14:38:25
NOTE-0002804,CL-0003085,2026-02-12 20:21:25,Adjuster_22,Closure Summary,"Weather data confirms severe storm in area on date of loss. NOAA records show wind gusts exceeding 70mph. Claim is weather-related, approved.",2025-12-12 01:24:25
NOTE-0002805,CL-0004400,2026-05-15 17:44:25,Adjuster_40,Investigation Update,Medical records received from treating physician. Injuries consistent with described accident. IME may not be necessary for this severity level.,2026-03-15 10:06:25
NOTE-0002806,CL-0001151,2026-02-28 12:44:25,Adjuster_31,Investigation Update,SUSPICIOUS: Timeline of events does not align with witness statements. Damage pattern inconsistent with reported cause. Referring to SIU for further investigation.,2025-11-15 08:44:25
NOTE-0002807,CL-0001309,2025-12-28 14:28:25,Adjuster_9,Investigation Update,Payment issued to claimant. Check number referenced in system. Closing file pending 30-day satisfaction period. No further action needed.,2025-11-20 05:39:25
NOTE-0002808,CL-0001571,2026-03-06 01:24:25,Adjuster_31,Closure Summary,Subrogation potential identified. Third party clearly at fault per police report. Opening recovery file and notifying subrogation unit.,2026-05-21 18:36:25
NOTE-0002809,CL-0000587,2025-09-20 03:45:25,Adjuster_39,Investigation Update,"Weather data confirms severe storm in area on date of loss. NOAA records show wind gusts exceeding 70mph. Claim is weather-related, approved.",2025-12-31 11:15:25
NOTE-0002810,CL-0000073,2025-08-12 20:04:25,Adjuster_4,Claimant Communication,Medical records received from treating physician. Injuries consistent with described accident. IME may not be necessary for this severity level.,2025-12-22 03:48:25
NOTE-0002811,CL-0004867,2026-05-03 20:01:25,Adjuster_35,Claimant Communication,"Weather data confirms severe storm in area on date of loss. NOAA records show wind gusts exceeding 70mph. Claim is weather-related, approved.",2025-10-27 13:25:25
NOTE-0002812,CL-0000027,2026-02-18 05:46:25,Adjuster_30,Investigation Update,Reviewed contractor estimate. Amount seems reasonable for scope of work. Approving payment minus deductible. Will notify policyholder.,2026-01-25 02:43:25
NOTE-0002813,CL-0004830,2025-08-22 17:52:25,Adjuster_30,Closure Summary,Multiple claims from same location within 6 months. Pattern suggests possible fraud. Flagging for SIU review before further processing.,2025-09-18 16:31:25
NOTE-0002814,CL-0001173,2026-04-02 15:02:25,Adjuster_16,Investigation Update,Medical records received from treating physician. Injuries consistent with described accident. IME may not be necessary for this severity level.,2025-08-27 08:40:25
NOTE-0002815,CL-0000860,2026-02-03 01:47:25,Adjuster_49,Initial Assessment,Claimant is frustrated with processing time. Escalated to supervisor. Need to expedite review and provide status update within 24 hours.,2025-06-10 19:44:25
NOTE-0002816,CL-0004543,2025-10-07 13:19:25,Adjuster_26,Closure Summary,Workers comp claim validated. Employee was performing regular duties when injury occurred. Employer confirms no safety violations. Approving benefits.,2025-08-08 18:42:25
NOTE-0002817,CL-0001322,2025-07-26 19:50:25,Adjuster_49,Investigation Update,Multiple claims from same location within 6 months. Pattern suggests possible fraud. Flagging for SIU review before further processing.,2026-01-21 10:39:25
NOTE-0002818,CL-0004656,2025-06-12 08:01:25,Adjuster_37,Investigation Update,Claim denied per policy exclusion for pre-existing damage. Evidence shows damage predates policy effective date. Denial letter sent to insured.,2026-02-13 04:07:25
NOTE-0002819,CL-0003144,2026-03-16 00:40:25,Adjuster_33,Initial Assessment,SUSPICIOUS: Timeline of events does not align with witness statements. Damage pattern inconsistent with reported cause. Referring to SIU for further investigation.,2025-08-02 12:09:25
NOTE-0002820,CL-0000495,2026-04-18 22:57:25,Adjuster_21,Initial Assessment,Site inspection completed. Damage is consistent with reported cause of loss. Photos uploaded to file. Recommend approval for repair estimate.,2025-11-06 21:35:25
NOTE-0002821,CL-0002424,2025-11-30 08:45:25,Adjuster_19,Initial Assessment,Site inspection completed. Damage is consistent with reported cause of loss. Photos uploaded to file. Recommend approval for repair estimate.,2025-12-19 15:24:25
NOTE-0002822,CL-0001422,2026-03-03 10:26:25,Adjuster_46,Payment Processing,Reviewed contractor estimate. Amount seems reasonable for scope of work. Approving payment minus deductible. Will notify policyholder.,2025-10-15 20:22:25
NOTE-0002823,CL-0002417,2025-09-23 21:19:25,Adjuster_16,Payment Processing,Repair completed and final inspection passed. Work quality is satisfactory. Releasing final payment to contractor. File ready for closure.,2026-05-01 09:51:25
NOTE-0002824,CL-0000106,2025-09-28 16:52:25,Adjuster_46,Payment Processing,Multiple claims from same location within 6 months. Pattern suggests possible fraud. Flagging for SIU review before further processing.,2026-02-16 13:21:25
NOTE-0002825,CL-0002487,2025-08-03 09:11:25,Adjuster_45,Closure Summary,Reviewed contractor estimate. Amount seems reasonable for scope of work. Approving payment minus deductible. Will notify policyholder.,2025-08-13 23:22:25
NOTE-0002826,CL-0004620,2026-01-22 06:46:25,Adjuster_16,Initial Assessment,Police report obtained. Details match claimant statement. No evidence of prior damage or fraud indicators. Proceeding with normal processing.,2025-08-16 21:13:25
NOTE-0002827,CL-0001380,2025-11-13 05:42:25,Adjuster_26,Closure Summary,Medical records received from treating physician. Injuries consistent with described accident. IME may not be necessary for this severity level.,2026-04-28 10:23:25
NOTE-0002828,CL-0001454,2025-10-21 10:56:25,Adjuster_15,Investigation Update,"Weather data confirms severe storm in area on date of loss. NOAA records show wind gusts exceeding 70mph. Claim is weather-related, approved.",2025-08-11 15:03:25
NOTE-0002829,CL-0001208,2025-09-02 00:08:25,Adjuster_48,Claimant Communication,Contacted claimant via phone. They confirmed the timeline of events. No inconsistencies in their account. Proceeding with standard assessment.,2026-03-24 09:15:25
NOTE-0002830,CL-0001014,2025-07-31 01:18:25,Adjuster_28,Closure Summary,Reviewed contractor estimate. Amount seems reasonable for scope of work. Approving payment minus deductible. Will notify policyholder.,2026-05-01 16:29:25
NOTE-0002831,CL-0001584,2025-06-30 20:34:25,Adjuster_28,Initial Assessment,Site inspection completed. Damage is consistent with reported cause of loss. Photos uploaded to file. Recommend approval for repair estimate.,2026-03-31 17:03:25
NOTE-0002832,CL-0000416,2026-03-14 17:18:25,Adjuster_22,Claimant Communication,Payment issued to claimant. Check number referenced in system. Closing file pending 30-day satisfaction period. No further action needed.,2025-08-17 18:58:25
NOTE-0002833,CL-0003953,2025-08-10 09:22:25,Adjuster_13,Closure Summary,"Weather data confirms severe storm in area on date of loss. NOAA records show wind gusts exceeding 70mph. Claim is weather-related, approved.",2026-04-23 22:43:25
NOTE-0002834,CL-0001321,2025-07-18 00:50:25,Adjuster_31,Initial Assessment,Claimant attorney has sent letter of representation. All future communication must go through counsel. Updating file restrictions.,2026-04-24 20:35:25
NOTE-0002835,CL-0003487,2026-04-25 08:47:25,Adjuster_41,Initial Assessment,Contacted claimant via phone. They confirmed the timeline of events. No inconsistencies in their account. Proceeding with standard assessment.,2025-11-08 01:06:25
NOTE-0002836,CL-0002669,2025-08-26 13:25:25,Adjuster_7,Investigation Update,SUSPICIOUS: Timeline of events does not align with witness statements. Damage pattern inconsistent with reported cause. Referring to SIU for further investigation.,2025-08-24 00:54:25
NOTE-0002837,CL-0000500,2026-02-26 04:46:25,Adjuster_13,Payment Processing,Reviewed contractor estimate. Amount seems reasonable for scope of work. Approving payment minus deductible. Will notify policyholder.,2025-12-09 12:25:25
NOTE-0002838,CL-0003109,2025-10-30 07:37:25,Adjuster_22,Investigation Update,"Weather data confirms severe storm in area on date of loss. NOAA records show wind gusts exceeding 70mph. Claim is weather-related, approved.",2025-08-02 19:23:25
NOTE-0002839,CL-0004115,2025-11-22 13:15:25,Adjuster_28,Claimant Communication,Multiple claims from same location within 6 months. Pattern suggests possible fraud. Flagging for SIU review before further processing.,2025-11-23 11:54:25
NOTE-0002840,CL-0002317,2025-11-01 11:30:25,Adjuster_29,Investigation Update,Workers comp claim validated. Employee was performing regular duties when injury occurred. Employer confirms no safety violations. Approving benefits.,2026-02-02 20:28:25
NOTE-0002841,CL-0002510,2026-05-17 11:28:25,Adjuster_34,Initial Assessment,Subrogation potential identified. Third party clearly at fault per police report. Opening recovery file and notifying subrogation unit.,2026-04-10 02:30:25
NOTE-0002842,CL-0003829,2025-06-16 13:41:25,Adjuster_14,Investigation Update,Repair completed and final inspection passed. Work quality is satisfactory. Releasing final payment to contractor. File ready for closure.,2025-06-26 05:19:25
NOTE-0002843,CL-0000970,2025-07-18 04:46:25,Adjuster_21,Closure Summary,Workers comp claim validated. Employee was performing regular duties when injury occurred. Employer confirms no safety violations. Approving benefits.,2025-06-19 16:32:25
NOTE-0002844,CL-0002271,2025-12-17 23:39:25,Adjuster_5,Closure Summary,Subrogation potential identified. Third party clearly at fault per police report. Opening recovery file and notifying subrogation unit.,2026-03-26 02:48:25
NOTE-0002845,CL-0004835,2025-07-04 09:54:25,Adjuster_48,Payment Processing,Workers comp claim validated. Employee was performing regular duties when injury occurred. Employer confirms no safety violations. Approving benefits.,2025-09-28 11:28:25
NOTE-0002846,CL-0002369,2026-02-01 04:19:25,Adjuster_33,Payment Processing,Police report obtained. Details match claimant statement. No evidence of prior damage or fraud indicators. Proceeding with normal processing.,2025-11-23 23:40:25
NOTE-0002847,CL-0002881,2025-05-30 08:48:25,Adjuster_37,Payment Processing,Police report obtained. Details match claimant statement. No evidence of prior damage or fraud indicators. Proceeding with normal processing.,2025-10-23 13:40:25
NOTE-0002848,CL-0002781,2025-08-22 07:56:25,Adjuster_17,Payment Processing,Claimant attorney has sent letter of representation. All future communication must go through counsel. Updating file restrictions.,2026-05-11 14:37:25
NOTE-0002849,CL-0002710,2025-10-05 20:44:25,Adjuster_20,Closure Summary,Payment issued to claimant. Check number referenced in system. Closing file pending 30-day satisfaction period. No further action needed.,2025-07-13 23:31:25
NOTE-0002850,CL-0002723,2025-07-18 08:30:25,Adjuster_42,Payment Processing,Subrogation potential identified. Third party clearly at fault per police report. Opening recovery file and notifying subrogation unit.,2026-05-18 18:22:25
NOTE-0002851,CL-0003456,2026-05-04 12:54:25,Adjuster_36,Investigation Update,Claimant is frustrated with processing time. Escalated to supervisor. Need to expedite review and provide status update within 24 hours.,2025-12-13 03:04:25
NOTE-0002852,CL-0004931,2026-03-06 10:05:25,Adjuster_47,Closure Summary,Medical records received from treating physician. Injuries consistent with described accident. IME may not be necessary for this severity level.,2025-06-12 06:04:25
NOTE-0002853,CL-0001031,2025-05-26 05:44:25,Adjuster_9,Closure Summary,Claimant is frustrated with processing time. Escalated to supervisor. Need to expedite review and provide status update within 24 hours.,2026-04-05 20:44:25
NOTE-0002854,CL-0002348,2025-08-10 18:04:25,Adjuster_36,Investigation Update,Police report obtained. Details match claimant statement. No evidence of prior damage or fraud indicators. Proceeding with normal processing.,2025-12-14 23:31:25
NOTE-0002855,CL-0004964,2026-01-03 22:30:25,Adjuster_15,Payment Processing,Reviewed contractor estimate. Amount seems reasonable for scope of work. Approving payment minus deductible. Will notify policyholder.,2025-06-06 08:24:25
NOTE-0002856,CL-0001591,2026-03-14 21:02:25,Adjuster_31,Initial Assessment,Claim denied per policy exclusion for pre-existing damage. Evidence shows damage predates policy effective date. Denial letter sent to insured.,2026-03-08 01:02:25
NOTE-0002857,CL-0002975,2025-08-24 10:21:25,Adjuster_24,Payment Processing,SUSPICIOUS: Timeline of events does not align with witness statements. Damage pattern inconsistent with reported cause. Referring to SIU for further investigation.,2025-10-30 09:14:25
NOTE-0002858,CL-0003024,2025-11-05 06:05:25,Adjuster_26,Closure Summary,Multiple claims from same location within 6 months. Pattern suggests possible fraud. Flagging for SIU review before further processing.,2025-08-26 02:54:25
NOTE-0002859,CL-0003478,2025-12-08 17:52:25,Adjuster_38,Investigation Update,Site inspection completed. Damage is consistent with reported cause of loss. Photos uploaded to file. Recommend approval for repair estimate.,2025-12-17 11:32:25
NOTE-0002860,CL-0000735,2025-07-23 05:28:25,Adjuster_31,Initial Assessment,SUSPICIOUS: Timeline of events does not align with witness statements. Damage pattern inconsistent with reported cause. Referring to SIU for further investigation.,2026-01-27 23:56:25
NOTE-0002861,CL-0000643,2025-11-19 19:43:25,Adjuster_38,Payment Processing,Repair completed and final inspection passed. Work quality is satisfactory. Releasing final payment to contractor. File ready for closure.,2026-02-18 06:46:25
NOTE-0002862,CL-0001698,2025-08-08 01:06:25,Adjuster_21,Claimant Communication,Claimant is frustrated with processing time. Escalated to supervisor. Need to expedite review and provide status update within 24 hours.,2026-04-07 16:31:25
NOTE-0002863,CL-0004580,2025-07-09 20:18:25,Adjuster_32,Investigation Update,SUSPICIOUS: Timeline of events does not align with witness statements. Damage pattern inconsistent with reported cause. Referring to SIU for further investigation.,2026-03-31 04:26:25
NOTE-0002864,CL-0002861,2025-09-07 01:38:25,Adjuster_37,Claimant Communication,Site inspection completed. Damage is consistent with reported cause of loss. Photos uploaded to file. Recommend approval for repair estimate.,2026-02-15 19:31:25
NOTE-0002865,CL-0002105,2025-05-28 01:00:25,Adjuster_34,Payment Processing,"Weather data confirms severe storm in area on date of loss. NOAA records show wind gusts exceeding 70mph. Claim is weather-related, approved.",2026-03-20 22:45:25
NOTE-0002866,CL-0002464,2025-12-28 19:47:25,Adjuster_41,Payment Processing,"Weather data confirms severe storm in area on date of loss. NOAA records show wind gusts exceeding 70mph. Claim is weather-related, approved.",2025-07-02 03:14:25
NOTE-0002867,CL-0000677,2025-07-18 08:45:25,Adjuster_15,Payment Processing,Claimant attorney has sent letter of representation. All future communication must go through counsel. Updating file restrictions.,2026-04-19 16:47:25
NOTE-0002868,CL-0000931,2026-01-10 12:28:25,Adjuster_5,Closure Summary,SUSPICIOUS: Timeline of events does not align with witness statements. Damage pattern inconsistent with reported cause. Referring to SIU for further investigation.,2025-12-06 08:39:25
NOTE-0002869,CL-0000306,2026-03-23 07:34:25,Adjuster_1,Payment Processing,Multiple claims from same location within 6 months. Pattern suggests possible fraud. Flagging for SIU review before further processing.,2026-04-26 13:47:25
NOTE-0002870,CL-0004067,2025-10-05 03:19:25,Adjuster_19,Initial Assessment,Multiple claims from same location within 6 months. Pattern suggests possible fraud. Flagging for SIU review before further processing.,2025-11-22 12:54:25
NOTE-0002871,CL-0002665,2025-09-07 23:36:25,Adjuster_2,Investigation Update,Repair completed and final inspection passed. Work quality is satisfactory. Releasing final payment to contractor. File ready for closure.,2025-08-19 03:52:25
NOTE-0002872,CL-0000043,2025-10-16 02:23:25,Adjuster_47,Investigation Update,Site inspection completed. Damage is consistent with reported cause of loss. Photos uploaded to file. Recommend approval for repair estimate.,2026-01-16 07:13:25
NOTE-0002873,CL-0002603,2025-09-15 05:41:25,Adjuster_16,Initial Assessment,Medical records received from treating physician. Injuries consistent with described accident. IME may not be necessary for this severity level.,2026-03-03 15:00:25
NOTE-0002874,CL-0001837,2025-10-04 03:50:25,Adjuster_19,Closure Summary,Medical records received from treating physician. Injuries consistent with described accident. IME may not be necessary for this severity level.,2025-08-26 23:44:25
NOTE-0002875,CL-0001810,2026-05-03 08:15:25,Adjuster_49,Claimant Communication,Repair completed and final inspection passed. Work quality is satisfactory. Releasing final payment to contractor. File ready for closure.,2025-06-22 01:39:25
NOTE-0002876,CL-0004325,2026-04-03 11:16:25,Adjuster_24,Claimant Communication,Subrogation potential identified. Third party clearly at fault per police report. Opening recovery file and notifying subrogation unit.,2026-01-04 12:45:25
NOTE-0002877,CL-0003028,2025-07-18 19:36:25,Adjuster_25,Closure Summary,Payment issued to claimant. Check number referenced in system. Closing file pending 30-day satisfaction period. No further action needed.,2026-02-16 20:31:25
NOTE-0002878,CL-0004627,2025-08-05 22:40:25,Adjuster_48,Claimant Communication,Reviewed contractor estimate. Amount seems reasonable for scope of work. Approving payment minus deductible. Will notify policyholder.,2026-05-11 14:39:25
NOTE-0002879,CL-0001411,2026-04-02 06:42:25,Adjuster_10,Closure Summary,Claimant is frustrated with processing time. Escalated to supervisor. Need to expedite review and provide status update within 24 hours.,2026-01-31 03:13:25
NOTE-0002880,CL-0001424,2026-02-16 11:56:25,Adjuster_15,Investigation Update,Medical records received from treating physician. Injuries consistent with described accident. IME may not be necessary for this severity level.,2025-08-07 15:48:25
NOTE-0002881,CL-0001980,2026-02-08 18:01:25,Adjuster_22,Investigation Update,Workers comp claim validated. Employee was performing regular duties when injury occurred. Employer confirms no safety violations. Approving benefits.,2025-11-30 23:59:25
NOTE-0002882,CL-0003278,2025-12-09 10:43:25,Adjuster_12,Initial Assessment,Multiple claims from same location within 6 months. Pattern suggests possible fraud. Flagging for SIU review before further processing.,2025-09-13 04:47:25
NOTE-0002883,CL-0004099,2026-04-21 18:54:25,Adjuster_46,Closure Summary,Medical records received from treating physician. Injuries consistent with described accident. IME may not be necessary for this severity level.,2026-01-17 00:11:25
NOTE-0002884,CL-0000171,2026-03-24 10:03:25,Adjuster_24,Claimant Communication,Subrogation potential identified. Third party clearly at fault per police report. Opening recovery file and notifying subrogation unit.,2025-05-29 01:52:25
NOTE-0002885,CL-0004200,2025-10-03 10:25:25,Adjuster_49,Payment Processing,Multiple claims from same location within 6 months. Pattern suggests possible fraud. Flagging for SIU review before further processing.,2025-10-16 01:08:25
NOTE-0002886,CL-0000881,2026-01-28 21:15:25,Adjuster_35,Closure Summary,Site inspection completed. Damage is consistent with reported cause of loss. Photos uploaded to file. Recommend approval for repair estimate.,2025-08-14 12:56:25
NOTE-0002887,CL-0001562,2025-10-23 11:29:25,Adjuster_47,Investigation Update,Workers comp claim validated. Employee was performing regular duties when injury occurred. Employer confirms no safety violations. Approving benefits.,2026-01-23 06:26:25
NOTE-0002888,CL-0002952,2025-10-06 14:20:25,Adjuster_23,Payment Processing,Contacted claimant via phone. They confirmed the timeline of events. No inconsistencies in their account. Proceeding with standard assessment.,2025-11-08 19:56:25
NOTE-0002889,CL-0000506,2026-03-19 14:53:25,Adjuster_41,Claimant Communication,"Weather data confirms severe storm in area on date of loss. NOAA records show wind gusts exceeding 70mph. Claim is weather-related, approved.",2025-09-19 12:48:25
NOTE-0002890,CL-0001401,2026-05-02 11:10:25,Adjuster_27,Claimant Communication,SUSPICIOUS: Timeline of events does not align with witness statements. Damage pattern inconsistent with reported cause. Referring to SIU for further investigation.,2026-05-02 15:44:25
NOTE-0002891,CL-0003205,2026-03-21 15:24:25,Adjuster_46,Closure Summary,Contacted claimant via phone. They confirmed the timeline of events. No inconsistencies in their account. Proceeding with standard assessment.,2026-04-20 16:52:25
NOTE-0002892,CL-0000326,2025-08-14 15:58:25,Adjuster_4,Payment Processing,Subrogation potential identified. Third party clearly at fault per police report. Opening recovery file and notifying subrogation unit.,2025-08-31 08:44:25
NOTE-0002893,CL-0004018,2026-03-06 04:17:25,Adjuster_37,Claimant Communication,Medical records received from treating physician. Injuries consistent with described accident. IME may not be necessary for this severity level.,2025-11-13 20:56:25
NOTE-0002894,CL-0003986,2025-08-05 13:14:25,Adjuster_19,Investigation Update,Medical records received from treating physician. Injuries consistent with described accident. IME may not be necessary for this severity level.,2025-10-13 11:16:25
NOTE-0002895,CL-0004199,2026-02-04 20:58:25,Adjuster_48,Closure Summary,Claimant attorney has sent letter of representation. All future communication must go through counsel. Updating file restrictions.,2025-09-04 15:13:25
NOTE-0002896,CL-0000790,2026-01-14 10:11:25,Adjuster_36,Initial Assessment,Repair completed and final inspection passed. Work quality is satisfactory. Releasing final payment to contractor. File ready for closure.,2026-01-29 23:51:25
NOTE-0002897,CL-0001879,2026-03-19 19:13:25,Adjuster_9,Initial Assessment,Reviewed contractor estimate. Amount seems reasonable for scope of work. Approving payment minus deductible. Will notify policyholder.,2025-11-21 18:42:25
NOTE-0002898,CL-0001435,2025-09-20 14:01:25,Adjuster_39,Investigation Update,Claimant is frustrated with processing time. Escalated to supervisor. Need to expedite review and provide status update within 24 hours.,2025-10-13 11:29:25
NOTE-0002899,CL-0004085,2025-06-12 15:19:25,Adjuster_35,Payment Processing,Multiple claims from same location within 6 months. Pattern suggests possible fraud. Flagging for SIU review before further processing.,2025-11-29 14:46:25
NOTE-0002900,CL-0003188,2025-09-16 22:21:25,Adjuster_27,Payment Processing,Payment issued to claimant. Check number referenced in system. Closing file pending 30-day satisfaction period. No further action needed.,2025-09-30 03:56:25
NOTE-0002901,CL-0001934,2025-07-29 20:48:25,Adjuster_37,Payment Processing,Medical records received from treating physician. Injuries consistent with described accident. IME may not be necessary for this severity level.,2026-04-05 20:12:25
NOTE-0002902,CL-0000175,2025-07-23 22:28:25,Adjuster_38,Payment Processing,Contacted claimant via phone. They confirmed the timeline of events. No inconsistencies in their account. Proceeding with standard assessment.,2026-04-21 13:21:25
NOTE-0002903,CL-0001177,2025-06-05 08:59:25,Adjuster_23,Initial Assessment,"Weather data confirms severe storm in area on date of loss. NOAA records show wind gusts exceeding 70mph. Claim is weather-related, approved.",2025-06-07 05:45:25
NOTE-0002904,CL-0004647,2025-12-18 03:13:25,Adjuster_41,Initial Assessment,Reviewed contractor estimate. Amount seems reasonable for scope of work. Approving payment minus deductible. Will notify policyholder.,2025-06-15 16:14:25
NOTE-0002905,CL-0003099,2026-01-13 12:40:25,Adjuster_46,Investigation Update,Claimant is frustrated with processing time. Escalated to supervisor. Need to expedite review and provide status update within 24 hours.,2026-03-16 10:17:25
NOTE-0002906,CL-0002970,2025-11-11 08:56:25,Adjuster_38,Payment Processing,Workers comp claim validated. Employee was performing regular duties when injury occurred. Employer confirms no safety violations. Approving benefits.,2025-07-25 16:07:25
NOTE-0002907,CL-0000166,2025-10-18 15:06:25,Adjuster_44,Investigation Update,Claimant attorney has sent letter of representation. All future communication must go through counsel. Updating file restrictions.,2026-04-26 02:14:25
NOTE-0002908,CL-0003259,2025-11-19 14:18:25,Adjuster_7,Claimant Communication,"Weather data confirms severe storm in area on date of loss. NOAA records show wind gusts exceeding 70mph. Claim is weather-related, approved.",2026-01-05 15:27:25
NOTE-0002909,CL-0000141,2026-05-10 17:04:25,Adjuster_46,Closure Summary,Workers comp claim validated. Employee was performing regular duties when injury occurred. Employer confirms no safety violations. Approving benefits.,2026-02-10 09:30:25
NOTE-0002910,CL-0003354,2025-11-19 02:26:25,Adjuster_7,Closure Summary,Repair completed and final inspection passed. Work quality is satisfactory. Releasing final payment to contractor. File ready for closure.,2025-07-30 01:33:25
NOTE-0002911,CL-0000916,2025-06-15 07:01:25,Adjuster_17,Initial Assessment,Payment issued to claimant. Check number referenced in system. Closing file pending 30-day satisfaction period. No further action needed.,2025-11-19 12:05:25
NOTE-0002912,CL-0003581,2025-10-30 14:41:25,Adjuster_6,Claimant Communication,Medical records received from treating physician. Injuries consistent with described accident. IME may not be necessary for this severity level.,2026-03-19 00:14:25
NOTE-0002913,CL-0000849,2025-09-05 06:53:25,Adjuster_28,Closure Summary,Workers comp claim validated. Employee was performing regular duties when injury occurred. Employer confirms no safety violations. Approving benefits.,2026-02-09 15:03:25
NOTE-0002914,CL-0002708,2026-03-01 08:38:25,Adjuster_33,Payment Processing,"Weather data confirms severe storm in area on date of loss. NOAA records show wind gusts exceeding 70mph. Claim is weather-related, approved.",2026-04-17 09:39:25
NOTE-0002915,CL-0002623,2025-06-21 02:56:25,Adjuster_38,Initial Assessment,"Weather data confirms severe storm in area on date of loss. NOAA records show wind gusts exceeding 70mph. Claim is weather-related, approved.",2026-03-25 06:43:25
NOTE-0002916,CL-0001155,2026-02-23 17:21:25,Adjuster_41,Closure Summary,Subrogation potential identified. Third party clearly at fault per police report. Opening recovery file and notifying subrogation unit.,2026-04-04 13:33:25
NOTE-0002917,CL-0002107,2025-10-06 14:22:25,Adjuster_13,Closure Summary,Site inspection completed. Damage is consistent with reported cause of loss. Photos uploaded to file. Recommend approval for repair estimate.,2025-09-16 17:49:25
NOTE-0002918,CL-0002027,2025-10-02 10:52:25,Adjuster_12,Investigation Update,Subrogation potential identified. Third party clearly at fault per police report. Opening recovery file and notifying subrogation unit.,2026-01-15 03:46:25
NOTE-0002919,CL-0000835,2026-02-07 04:24:25,Adjuster_16,Investigation Update,Payment issued to claimant. Check number referenced in system. Closing file pending 30-day satisfaction period. No further action needed.,2026-03-20 10:44:25
NOTE-0002920,CL-0000548,2026-02-14 21:57:25,Adjuster_23,Closure Summary,Contacted claimant via phone. They confirmed the timeline of events. No inconsistencies in their account. Proceeding with standard assessment.,2026-02-10 01:51:25
NOTE-0002921,CL-0000190,2025-12-07 01:46:25,Adjuster_11,Closure Summary,Workers comp claim validated. Employee was performing regular duties when injury occurred. Employer confirms no safety violations. Approving benefits.,2026-04-17 02:09:25
NOTE-0002922,CL-0004522,2026-03-13 02:21:25,Adjuster_41,Payment Processing,Claimant attorney has sent letter of representation. All future communication must go through counsel. Updating file restrictions.,2026-05-10 09:31:25
NOTE-0002923,CL-0000162,2026-01-27 07:21:25,Adjuster_17,Initial Assessment,Site inspection completed. Damage is consistent with reported cause of loss. Photos uploaded to file. Recommend approval for repair estimate.,2025-12-03 12:04:25
NOTE-0002924,CL-0003489,2026-05-09 12:54:25,Adjuster_24,Payment Processing,SUSPICIOUS: Timeline of events does not align with witness statements. Damage pattern inconsistent with reported cause. Referring to SIU for further investigation.,2025-07-01 01:03:25
NOTE-0002925,CL-0002630,2026-04-18 20:32:25,Adjuster_9,Payment Processing,Claimant attorney has sent letter of representation. All future communication must go through counsel. Updating file restrictions.,2025-08-01 14:25:25
NOTE-0002926,CL-0003111,2026-03-10 23:34:25,Adjuster_24,Payment Processing,Repair completed and final inspection passed. Work quality is satisfactory. Releasing final payment to contractor. File ready for closure.,2025-07-16 11:27:25
NOTE-0002927,CL-0002006,2025-06-16 20:03:25,Adjuster_6,Investigation Update,Medical records received from treating physician. Injuries consistent with described accident. IME may not be necessary for this severity level.,2026-03-09 01:14:25
NOTE-0002928,CL-0004272,2026-03-31 02:27:25,Adjuster_22,Payment Processing,"Weather data confirms severe storm in area on date of loss. NOAA records show wind gusts exceeding 70mph. Claim is weather-related, approved.",2025-06-01 18:27:25
NOTE-0002929,CL-0003712,2025-07-03 01:44:25,Adjuster_46,Claimant Communication,Medical records received from treating physician. Injuries consistent with described accident. IME may not be necessary for this severity level.,2025-08-30 12:27:25
NOTE-0002930,CL-0002463,2026-02-11 16:56:25,Adjuster_31,Closure Summary,Claim denied per policy exclusion for pre-existing damage. Evidence shows damage predates policy effective date. Denial letter sent to insured.,2026-05-25 08:55:25
NOTE-0002931,CL-0000127,2025-10-02 10:37:25,Adjuster_21,Closure Summary,Subrogation potential identified. Third party clearly at fault per police report. Opening recovery file and notifying subrogation unit.,2025-09-03 09:21:25
NOTE-0002932,CL-0004063,2025-09-11 22:28:25,Adjuster_6,Initial Assessment,Reviewed contractor estimate. Amount seems reasonable for scope of work. Approving payment minus deductible. Will notify policyholder.,2025-10-07 12:01:25
NOTE-0002933,CL-0001853,2025-10-27 07:06:25,Adjuster_12,Investigation Update,Payment issued to claimant. Check number referenced in system. Closing file pending 30-day satisfaction period. No further action needed.,2026-03-26 21:56:25
NOTE-0002934,CL-0000132,2025-07-23 20:13:25,Adjuster_46,Payment Processing,Claimant attorney has sent letter of representation. All future communication must go through counsel. Updating file restrictions.,2025-12-15 08:52:25
NOTE-0002935,CL-0003686,2025-09-29 18:38:25,Adjuster_25,Payment Processing,Medical records received from treating physician. Injuries consistent with described accident. IME may not be necessary for this severity level.,2026-04-08 17:57:25
NOTE-0002936,CL-0002631,2026-05-23 13:08:25,Adjuster_45,Payment Processing,Contacted claimant via phone. They confirmed the timeline of events. No inconsistencies in their account. Proceeding with standard assessment.,2026-03-27 21:57:25
NOTE-0002937,CL-0003882,2026-03-25 15:44:25,Adjuster_15,Claimant Communication,Contacted claimant via phone. They confirmed the timeline of events. No inconsistencies in their account. Proceeding with standard assessment.,2025-12-19 04:57:25
NOTE-0002938,CL-0001990,2026-05-10 23:39:25,Adjuster_22,Claimant Communication,Multiple claims from same location within 6 months. Pattern suggests possible fraud. Flagging for SIU review before further processing.,2026-02-22 10:09:25
NOTE-0002939,CL-0003619,2025-12-30 09:38:25,Adjuster_14,Payment Processing,SUSPICIOUS: Timeline of events does not align with witness statements. Damage pattern inconsistent with reported cause. Referring to SIU for further investigation.,2025-10-17 02:37:25
NOTE-0002940,CL-0002713,2025-06-05 12:04:25,Adjuster_35,Claimant Communication,Payment issued to claimant. Check number referenced in system. Closing file pending 30-day satisfaction period. No further action needed.,2025-09-16 14:39:25
NOTE-0002941,CL-0000064,2025-06-16 17:06:25,Adjuster_30,Initial Assessment,Subrogation potential identified. Third party clearly at fault per police report. Opening recovery file and notifying subrogation unit.,2025-10-06 21:38:25
NOTE-0002942,CL-0001563,2026-03-02 10:27:25,Adjuster_24,Claimant Communication,Reviewed contractor estimate. Amount seems reasonable for scope of work. Approving payment minus deductible. Will notify policyholder.,2026-02-21 03:45:25
NOTE-0002943,CL-0003689,2026-05-17 15:38:25,Adjuster_6,Payment Processing,Claimant attorney has sent letter of representation. All future communication must go through counsel. Updating file restrictions.,2026-05-23 03:58:25
NOTE-0002944,CL-0000882,2025-09-11 14:24:25,Adjuster_4,Initial Assessment,"Weather data confirms severe storm in area on date of loss. NOAA records show wind gusts exceeding 70mph. Claim is weather-related, approved.",2026-05-03 02:49:25
NOTE-0002945,CL-0004084,2025-10-23 09:22:25,Adjuster_30,Investigation Update,Claimant attorney has sent letter of representation. All future communication must go through counsel. Updating file restrictions.,2026-01-10 17:45:25
NOTE-0002946,CL-0000246,2026-02-13 16:14:25,Adjuster_50,Initial Assessment,Reviewed contractor estimate. Amount seems reasonable for scope of work. Approving payment minus deductible. Will notify policyholder.,2025-08-07 16:58:25
NOTE-0002947,CL-0002374,2025-08-20 15:37:25,Adjuster_50,Payment Processing,Claimant attorney has sent letter of representation. All future communication must go through counsel. Updating file restrictions.,2025-11-01 18:45:25
NOTE-0002948,CL-0000381,2026-04-01 14:57:25,Adjuster_10,Claimant Communication,Claimant is frustrated with processing time. Escalated to supervisor. Need to expedite review and provide status update within 24 hours.,2025-07-03 20:53:25
NOTE-0002949,CL-0003909,2025-08-01 13:15:25,Adjuster_17,Closure Summary,Site inspection completed. Damage is consistent with reported cause of loss. Photos uploaded to file. Recommend approval for repair estimate.,2025-09-19 09:17:25
NOTE-0002950,CL-0000316,2025-12-11 11:31:25,Adjuster_12,Payment Processing,Claimant attorney has sent letter of representation. All future communication must go through counsel. Updating file restrictions.,2025-10-19 02:57:25
NOTE-0002951,CL-0002779,2026-02-13 14:27:25,Adjuster_50,Investigation Update,Reviewed contractor estimate. Amount seems reasonable for scope of work. Approving payment minus deductible. Will notify policyholder.,2025-07-15 19:42:25
NOTE-0002952,CL-0001458,2025-12-11 15:26:25,Adjuster_22,Investigation Update,"Weather data confirms severe storm in area on date of loss. NOAA records show wind gusts exceeding 70mph. Claim is weather-related, approved.",2025-06-19 08:16:25
NOTE-0002953,CL-0002104,2025-10-05 21:54:25,Adjuster_20,Payment Processing,Workers comp claim validated. Employee was performing regular duties when injury occurred. Employer confirms no safety violations. Approving benefits.,2025-08-13 12:33:25
NOTE-0002954,CL-0003651,2025-12-16 05:48:25,Adjuster_49,Initial Assessment,Contacted claimant via phone. They confirmed the timeline of events. No inconsistencies in their account. Proceeding with standard assessment.,2026-04-23 02:11:25
NOTE-0002955,CL-0001194,2025-07-26 15:51:25,Adjuster_45,Claimant Communication,Subrogation potential identified. Third party clearly at fault per police report. Opening recovery file and notifying subrogation unit.,2025-06-07 11:43:25
NOTE-0002956,CL-0003161,2025-09-27 09:38:25,Adjuster_8,Payment Processing,Claim denied per policy exclusion for pre-existing damage. Evidence shows damage predates policy effective date. Denial letter sent to insured.,2026-05-08 20:38:25
NOTE-0002957,CL-0004348,2026-04-04 16:35:25,Adjuster_28,Investigation Update,Workers comp claim validated. Employee was performing regular duties when injury occurred. Employer confirms no safety violations. Approving benefits.,2025-06-21 20:22:25
NOTE-0002958,CL-0003975,2026-04-03 14:33:25,Adjuster_8,Investigation Update,Repair completed and final inspection passed. Work quality is satisfactory. Releasing final payment to contractor. File ready for closure.,2025-09-21 15:37:25
NOTE-0002959,CL-0001758,2025-09-30 22:40:25,Adjuster_10,Closure Summary,SUSPICIOUS: Timeline of events does not align with witness statements. Damage pattern inconsistent with reported cause. Referring to SIU for further investigation.,2025-11-12 10:51:25
NOTE-0002960,CL-0001329,2026-03-03 23:04:25,Adjuster_47,Initial Assessment,Medical records received from treating physician. Injuries consistent with described accident. IME may not be necessary for this severity level.,2026-05-21 21:23:25
NOTE-0002961,CL-0001048,2026-02-05 23:30:25,Adjuster_40,Investigation Update,Repair completed and final inspection passed. Work quality is satisfactory. Releasing final payment to contractor. File ready for closure.,2025-08-22 20:00:25
NOTE-0002962,CL-0003188,2025-12-19 12:18:25,Adjuster_42,Initial Assessment,SUSPICIOUS: Timeline of events does not align with witness statements. Damage pattern inconsistent with reported cause. Referring to SIU for further investigation.,2026-01-06 11:12:25
NOTE-0002963,CL-0003932,2026-02-23 17:42:25,Adjuster_14,Claimant Communication,Repair completed and final inspection passed. Work quality is satisfactory. Releasing final payment to contractor. File ready for closure.,2025-10-06 23:43:25
NOTE-0002964,CL-0004868,2026-02-01 19:40:25,Adjuster_16,Initial Assessment,Claim denied per policy exclusion for pre-existing damage. Evidence shows damage predates policy effective date. Denial letter sent to insured.,2025-11-22 21:05:25
NOTE-0002965,CL-0004234,2025-08-20 20:40:25,Adjuster_38,Payment Processing,Subrogation potential identified. Third party clearly at fault per police report. Opening recovery file and notifying subrogation unit.,2025-10-15 13:56:25
NOTE-0002966,CL-0000511,2025-07-03 10:33:25,Adjuster_18,Investigation Update,Claimant attorney has sent letter of representation. All future communication must go through counsel. Updating file restrictions.,2025-05-28 15:55:25
NOTE-0002967,CL-0004885,2025-12-28 13:02:25,Adjuster_32,Closure Summary,Contacted claimant via phone. They confirmed the timeline of events. No inconsistencies in their account. Proceeding with standard assessment.,2026-02-15 06:41:25
NOTE-0002968,CL-0001953,2026-05-01 18:17:25,Adjuster_41,Closure Summary,Repair completed and final inspection passed. Work quality is satisfactory. Releasing final payment to contractor. File ready for closure.,2026-02-02 21:46:25
NOTE-0002969,CL-0003956,2025-12-12 05:01:25,Adjuster_47,Payment Processing,Payment issued to claimant. Check number referenced in system. Closing file pending 30-day satisfaction period. No further action needed.,2025-10-29 04:33:25
NOTE-0002970,CL-0001959,2026-01-05 09:52:25,Adjuster_42,Initial Assessment,Claim denied per policy exclusion for pre-existing damage. Evidence shows damage predates policy effective date. Denial letter sent to insured.,2025-06-16 17:29:25
NOTE-0002971,CL-0001999,2025-07-23 15:12:25,Adjuster_18,Initial Assessment,Contacted claimant via phone. They confirmed the timeline of events. No inconsistencies in their account. Proceeding with standard assessment.,2026-01-10 10:12:25
NOTE-0002972,CL-0004962,2025-12-05 00:51:25,Adjuster_24,Closure Summary,Claimant attorney has sent letter of representation. All future communication must go through counsel. Updating file restrictions.,2026-04-22 11:33:25
NOTE-0002973,CL-0003376,2025-06-30 07:47:25,Adjuster_27,Closure Summary,Medical records received from treating physician. Injuries consistent with described accident. IME may not be necessary for this severity level.,2025-08-08 10:44:25
NOTE-0002974,CL-0004903,2026-03-20 20:24:25,Adjuster_4,Initial Assessment,Claimant attorney has sent letter of representation. All future communication must go through counsel. Updating file restrictions.,2025-06-25 06:55:25
NOTE-0002975,CL-0003726,2025-10-24 03:43:25,Adjuster_9,Initial Assessment,Claimant is frustrated with processing time. Escalated to supervisor. Need to expedite review and provide status update within 24 hours.,2026-04-28 18:15:25
NOTE-0002976,CL-0003163,2026-01-13 07:17:25,Adjuster_43,Payment Processing,Claimant attorney has sent letter of representation. All future communication must go through counsel. Updating file restrictions.,2025-10-24 04:40:25
NOTE-0002977,CL-0004201,2025-12-09 21:02:25,Adjuster_10,Investigation Update,Claimant is frustrated with processing time. Escalated to supervisor. Need to expedite review and provide status update within 24 hours.,2025-06-09 09:50:25
NOTE-0002978,CL-0004551,2025-12-16 15:16:25,Adjuster_13,Investigation Update,Contacted claimant via phone. They confirmed the timeline of events. No inconsistencies in their account. Proceeding with standard assessment.,2025-12-22 17:34:25
NOTE-0002979,CL-0004983,2025-09-14 20:58:25,Adjuster_12,Closure Summary,Claimant attorney has sent letter of representation. All future communication must go through counsel. Updating file restrictions.,2026-03-07 05:11:25
NOTE-0002980,CL-0001131,2025-10-11 15:12:25,Adjuster_49,Payment Processing,Claim denied per policy exclusion for pre-existing damage. Evidence shows damage predates policy effective date. Denial letter sent to insured.,2026-01-09 07:44:25
NOTE-0002981,CL-0004702,2025-11-19 05:32:25,Adjuster_44,Payment Processing,Repair completed and final inspection passed. Work quality is satisfactory. Releasing final payment to contractor. File ready for closure.,2026-04-03 18:42:25
NOTE-0002982,CL-0000233,2025-08-30 13:56:25,Adjuster_12,Initial Assessment,Subrogation potential identified. Third party clearly at fault per police report. Opening recovery file and notifying subrogation unit.,2025-09-09 13:22:25
NOTE-0002983,CL-0001087,2025-10-04 23:23:25,Adjuster_2,Closure Summary,Multiple claims from same location within 6 months. Pattern suggests possible fraud. Flagging for SIU review before further processing.,2025-12-03 21:33:25
NOTE-0002984,CL-0003356,2026-05-23 05:07:25,Adjuster_45,Claimant Communication,SUSPICIOUS: Timeline of events does not align with witness statements. Damage pattern inconsistent with reported cause. Referring to SIU for further investigation.,2025-10-24 23:26:25
NOTE-0002985,CL-0002692,2025-10-06 00:43:25,Adjuster_22,Payment Processing,"Weather data confirms severe storm in area on date of loss. NOAA records show wind gusts exceeding 70mph. Claim is weather-related, approved.",2025-08-12 12:48:25
NOTE-0002986,CL-0000963,2025-10-31 23:03:25,Adjuster_43,Investigation Update,"Weather data confirms severe storm in area on date of loss. NOAA records show wind gusts exceeding 70mph. Claim is weather-related, approved.",2026-05-03 07:51:25
NOTE-0002987,CL-0000597,2026-04-30 22:54:25,Adjuster_29,Payment Processing,Payment issued to claimant. Check number referenced in system. Closing file pending 30-day satisfaction period. No further action needed.,2025-11-01 02:54:25
NOTE-0002988,CL-0000029,2025-08-12 07:03:25,Adjuster_35,Payment Processing,Subrogation potential identified. Third party clearly at fault per police report. Opening recovery file and notifying subrogation unit.,2025-08-13 16:11:25
NOTE-0002989,CL-0002398,2025-06-24 14:05:25,Adjuster_10,Initial Assessment,Multiple claims from same location within 6 months. Pattern suggests possible fraud. Flagging for SIU review before further processing.,2025-08-27 09:05:25
NOTE-0002990,CL-0000771,2026-04-20 07:18:25,Adjuster_26,Payment Processing,Claim denied per policy exclusion for pre-existing damage. Evidence shows damage predates policy effective date. Denial letter sent to insured.,2025-12-24 09:51:25
NOTE-0002991,CL-0002890,2025-08-03 15:17:25,Adjuster_38,Claimant Communication,Multiple claims from same location within 6 months. Pattern suggests possible fraud. Flagging for SIU review before further processing.,2026-03-11 04:48:25
NOTE-0002992,CL-0002736,2025-10-02 10:27:25,Adjuster_7,Initial Assessment,Claim denied per policy exclusion for pre-existing damage. Evidence shows damage predates policy effective date. Denial letter sent to insured.,2025-06-22 11:37:25
NOTE-0002993,CL-0000728,2026-01-30 17:52:25,Adjuster_9,Closure Summary,Repair completed and final inspection passed. Work quality is satisfactory. Releasing final payment to contractor. File ready for closure.,2025-09-10 15:41:25
NOTE-0002994,CL-0000212,2026-03-18 15:34:25,Adjuster_39,Claimant Communication,Medical records received from treating physician. Injuries consistent with described accident. IME may not be necessary for this severity level.,2025-06-19 08:53:25
NOTE-0002995,CL-0001963,2025-08-01 18:33:25,Adjuster_46,Closure Summary,Police report obtained. Details match claimant statement. No evidence of prior damage or fraud indicators. Proceeding with normal processing.,2026-01-21 20:13:25
NOTE-0002996,CL-0003630,2025-08-14 23:17:25,Adjuster_17,Investigation Update,Police report obtained. Details match claimant statement. No evidence of prior damage or fraud indicators. Proceeding with normal processing.,2025-10-30 04:26:25
NOTE-0002997,CL-0001138,2026-01-31 21:09:25,Adjuster_23,Investigation Update,"Weather data confirms severe storm in area on date of loss. NOAA records show wind gusts exceeding 70mph. Claim is weather-related, approved.",2025-09-11 02:55:25
NOTE-0002998,CL-0004523,2026-05-15 07:35:25,Adjuster_19,Payment Processing,Claimant attorney has sent letter of representation. All future communication must go through counsel. Updating file restrictions.,2025-12-09 20:23:25
NOTE-0002999,CL-0002939,2025-08-05 05:26:25,Adjuster_40,Claimant Communication,Payment issued to claimant. Check number referenced in system. Closing file pending 30-day satisfaction period. No further action needed.,2025-08-23 00:08:25
